country,year,consumption_growth,fdi_pct_gdp,gdp_growth_wb,gni_per_capita,inflation_pct_wb,internet_users_pct,investment_pct_gdp,population,urbanization_pct,political_stability,regulatory_quality,rule_of_law,data_completeness_pct,current_account_pct_gdp,gdp_growth_imf,govt_debt_pct_gdp,inflation_pct_imf,unemployment_pct,gni_per_capita_norm,consumption_growth_norm,population_norm,urbanization_pct_norm,gdp_growth_wb_norm,investment_pct_gdp_norm,fdi_pct_gdp_norm,internet_users_pct_norm,population_growth,population_growth_norm,demand_potential_score,economic_momentum_score,business_capacity_score,attractiveness_score,attractiveness_components_available
Bangladesh,2000,4.97514145672213,0.525362089236087,5.29329471892532,410.0,2.20825620937535,0.0710394230507683,23.8085625731369,134544304.0,23.3145114975244,-0.812562999999999,-1.19036229999999,-1.1178221,99.0,-0.546,5.293,,3.623,,0.9365687526607066,58.15364704116996,10.632647142475388,10.183638296142933,17.705904193682102,47.76507052751833,17.363507121103755,0.06680053988699564,,,23.091284696657866,27.611493947434727,0.06680053988699564,16.92319306132653,3
Bangladesh,2001,4.1326448730987,0.145443904569924,5.07728777526728,420.0,2.0071737421384,0.129807973947512,24.1743067306933,136805810.0,23.6999214768623,,,,99.0,-1.628,5.077,,1.812,,1.048313582497721,17.732031606836763,10.73304580505082,10.682886479346527,51.38092723679103,48.36477816727122,9.62287796153573,0.31081899248662154,1.6808634277077905,47.47231509315621,19.233886690459304,36.45619445519933,0.31081899248662154,18.666966712715087,3
Bangladesh,2002,1.05718616225225,0.0955793676464671,3.83312393993225,420.0,3.33256493271913,0.13992028850905,24.3414161366729,138933658.0,24.1132383547332,-1.2449478,-1.122179,-1.123872,99.0,0.241,3.833,,2.407,,1.1452130096197892,21.416246645070824,10.827115113263751,11.128401323182452,31.187444678464338,25.882045910607054,2.8725276319657502,0.2967980017593462,1.5553783863419213,49.73161097006767,20.855367986985186,19.980672740345714,0.2967980017593462,13.710946243030081,3
Bangladesh,2003,4.05170483223765,0.44596078329809,4.73956739963045,440.0,5.66870773441476,0.163877665498048,24.6791888612834,140970351.0,24.5525557512625,-1.2322975,-1.0667105,-1.1776115,99.0,0.245,4.74,37.044,3.881,,1.0752688172043012,19.069627986791872,10.917537893963793,11.523857071369264,11.267780920474957,33.574292184738376,3.9523061437749343,0.2598093997199791,1.4659464303459213,75.93379720208785,26.90063776936332,16.26479308299609,0.2598093997199791,14.47508008402646,3
Bangladesh,2004,5.9694585989515,0.689472335587339,5.23953291029852,490.0,7.5875363850469,0.199036333744363,24.9918339447004,142902856.0,25.0094809886101,-1.3285917,-1.11731469999999,-1.036981,99.0,0.228,5.24,36.585,8.139,,1.002313030069391,44.223651463991956,11.001583303254158,11.86606133388024,38.14968440265976,24.511330212085383,3.277983644660263,0.2818831366862987,1.370859181587769,44.473923565327986,25.391487348317394,21.97966608646847,0.2818831366862987,15.884345523824054,3
Bangladesh,2005,6.73179805267262,1.17065167448603,6.53594493875502,530.0,7.04661816222039,0.241600007,25.8304355145863,144715786.0,25.4769540701509,-1.7911255,-0.9816339,-0.9517502,99.0,-0.7,6.536,35.558,6.486,,0.8756567425569177,52.17256236341272,11.07573885488206,12.152951612055492,48.1833811361316,40.374182778815026,7.561360894114231,0.2894897595510199,1.2686450437351615,37.95296854785033,25.788534816468868,32.039641603020286,0.2894897595510199,19.37255539301339,3
Bangladesh,2006,7.04764870374075,0.635863899506714,6.67190498576788,550.0,6.76526117054757,1.0,26.1441457474299,146405973.0,25.9479149992596,-1.6643404,-0.8740542,-1.01092999999999,99.0,0.665,6.672,35.332,7.163,,0.7751937984496124,56.11570184834691,11.142617427879898,12.382098864853333,34.055447346820614,44.75154906860448,2.686952849166222,1.3906497008647136,1.1679354731901848,23.215533038146287,23.122131887449036,27.16464975486377,1.3906497008647136,17.225810447725838,3
Bangladesh,2007,7.43389508483612,0.817756922700044,7.05859935449848,580.0,9.10698496905383,1.799999952,26.1784970672047,147989278.0,26.415303779311,-1.5675758,-0.8672299,-0.8842511,99.0,1.003,7.059,34.989,7.205,,0.6171107994389902,51.72830981518627,11.204312877929391,12.550720782032915,60.410764817746845,38.91949167904138,2.9194029788378,2.2715359909964192,1.081448364131976,14.953254435726901,19.962348958096268,34.08321982520867,2.2715359909964192,18.772368258100453,3
Bangladesh,2008,3.98028502621422,1.4496579161576,6.01378975738535,640.0,8.90194489465154,2.5,26.2022714003991,149474264.0,26.87206041368,-1.476262,-0.8632719,-0.829873299999999,99.0,0.253,6.014,33.87,9.937,,0.5706521739130435,17.15485659455805,11.258705519651823,12.655694883841543,70.0373642364553,31.46584875212442,14.932260969818866,3.314917127071823,1.0034416141958546,9.889829400211196,10.067758263130958,38.81182465279953,3.314917127071823,17.39816668100077,3
Bangladesh,2009,2.29173847305167,0.879517142536145,5.04512479919337,700.0,5.42347236174679,3.099999905,26.2060570157536,150873714.0,27.3111249057412,-1.51053059999999,-0.805300999999999,-0.8215673,99.0,1.699,5.045,33.01,6.655,,0.5971769815418024,28.942586891998296,11.307504955190954,12.693572443772148,55.7849950681206,31.910687517250892,6.848653971554132,4.18726360273063,0.9362481289755697,17.073025399116684,14.826590429107233,31.514778852308538,4.18726360273063,16.8428776280488,3
Bangladesh,2010,4.60402990246686,1.06896766308322,5.57178818533122,780.0,8.12667639169917,3.700000048,26.2466561760577,152201981.0,27.7254372588696,-1.4437712,-0.8368896,-0.8477644,99.0,2.346,5.572,29.623,7.316,,0.5630630630630631,17.996316728710184,11.351844084976543,12.660594227631549,24.030660525628385,22.62180580600372,2.4617626632279936,4.8763251561837455,0.8803833118338877,25.001278660010883,14.05531316985392,16.371409664953365,4.8763251561837455,11.767682663663678,3
Bangladesh,2011,6.49167883530669,0.983399364184761,6.46437912497728,870.0,11.3951651552399,4.5,27.4209733686034,153591076.0,28.1100162712427,-1.4544464,-0.8270946,-0.6998395,99.0,-1.445,6.464,29.393,8.787,,0.5248792777661138,40.90160278193013,11.392803057333278,12.555237636305275,65.23195275579869,26.16898299515471,3.191011222711354,5.027135104255928,0.9126655191169952,28.004398949199544,20.496529661300265,31.530648991221582,5.027135104255928,19.018104585592592,3
Bangladesh,2012,4.11426076415098,1.18850391920183,6.52145877906443,950.0,6.21750422069284,5.0,28.2623350097187,155070101.0,28.4787972894576,-1.4690337,-0.978781999999999,-0.9887756,99.0,-0.28,6.521,29.078,8.889,,0.39246467817896385,9.094842085188386,11.42460639134409,12.499693777302015,72.65565528819141,33.14116016061005,4.17477829421048,5.099150173903972,0.962962848180049,31.72213568184083,13.427284055627549,36.65719791433731,5.099150173903972,18.394544047956277,3
Bangladesh,2013,5.12741356121165,1.73532012481503,6.01360565834344,1010.0,7.53040640913172,6.63,28.3896207536466,156532141.0,28.8407036106763,-1.771799,-0.9494963,-0.9749211,99.0,1.329,6.014,28.344,6.777,,0.3169867611411523,52.372234732569126,11.455653067290115,12.76043299509522,77.13539223505819,30.64612292308514,6.79914329941973,6.1060326702864165,0.9428252065174059,79.50628924037798,36.23898593229587,38.19355281918769,6.1060326702864165,26.84619047392332,3
Bangladesh,2014,4.00558737885358,1.46870305074204,6.0610593588495,1080.0,6.99163889220849,9.052900314,28.5778757115563,157964929.0,29.1944442321013,-1.0510112,-0.8964974,-0.851857499999999,99.0,0.679,6.061,28.683,7.349,,0.3962536023054755,59.65625251175868,11.487765097097528,12.998841200324888,80.25015324078046,31.384458957096772,6.156203398501061,2.3075776270260007,0.9153315037069509,43.101545485317125,29.038223199926545,39.26360519879277,2.3075776270260007,23.53646867524844,3
Bangladesh,2015,5.81712963518122,1.4507824552936,6.55263987816197,1200.0,6.19428022984984,12.36880016,28.886689247008,159383179.0,29.5395099477892,-1.331635,-0.776809499999999,-0.856926099999999,99.0,1.23,6.553,28.206,6.405,,0.6310958118187034,52.0525300480589,11.523605369001244,13.229997642280036,82.79084176109181,35.270297674948445,5.515549573954789,8.178049368909322,0.8978258712096787,33.88001714572254,24.948410161970045,41.19222966999835,8.178049368909322,24.772896400292577,3
Bangladesh,2016,3.00225514741371,0.879528340271998,7.11347821270093,1400.0,5.51352572692995,16.89909935,30.2397639179985,160811932.0,29.8753915517965,-1.3416192,-0.7592301,-0.9068902,99.0,1.607,7.114,27.72,5.916,,1.023890784982935,39.980444538840295,11.560379886197236,13.45336920044851,89.35342347897286,43.428038708721274,10.17323954156327,1.2149991216216218,0.8964264666850408,33.375613479168045,21.958329500859943,47.6515672430858,1.2149991216216218,23.608298621855784,3
Bangladesh,2017,6.26914013986595,0.616341784631384,6.59024999794057,1640.0,5.70207015717239,21.5,30.9468731155675,162186147.0,30.2015798381799,-1.3289506,-0.7430899,-0.924304999999999,99.0,-0.453,6.59,28.306,5.44,,1.2318440889869462,70.28673087374226,11.588725787960097,13.668417665523238,68.791097638867,40.84831472659905,0.0,4.304345049789429,0.854547907552039,45.27508392132144,32.61551913739347,36.54647078848868,4.304345049789429,24.488778325223862,3
Bangladesh,2018,9.41322073679952,0.75354913412869,7.31941263014136,2020.0,5.54362139486476,25.56509972,31.8225747704431,163523103.0,30.5175656009959,-1.02517179999999,-0.7854912,-0.9096266,99.0,-2.977,7.319,29.553,5.783,,1.6268980477223427,100.0,11.629659301048356,13.874599997650611,83.30082844362997,40.816792693546624,2.42422780078246,7.319667432615039,0.8243342756024674,39.40432139342478,38.72645485969944,42.18061631265302,7.319667432615039,29.4089128683225,3
Bangladesh,2019,4.85541960909408,0.543244141585063,7.88191515117722,2220.0,5.59199639930629,30.38310051,32.2137331126266,164913055.0,30.8228396343012,-0.996755,-0.8895369,-0.9419472,99.0,-1.278,7.882,31.951,5.475,,1.7111925964728478,30.93965905981119,11.686925592505242,14.071368610815732,99.32533950559937,51.641179115639154,0.0016001217449804048,1.3128375459538675,0.850003439575131,45.938272220147795,23.165123121811895,50.322706247661166,1.3128375459538675,24.933555638475642,3
Bangladesh,2020,2.99679985599855,0.407859894856915,3.44801755122445,2320.0,5.69107474746211,36.10910034,31.3079413414304,166298024.0,31.1168927321524,-1.01518479999999,-0.8942304,-0.8969166,99.0,-1.454,3.448,34.509,5.648,,2.050816696914701,47.34319894188879,11.757013772936055,14.258171683881852,100.0,55.191397267517964,5.4011263269820375,0.0,0.8398176845368699,51.031945464481964,28.67103319679183,53.53084119816666,0.0,27.400624798319498,3
Bangladesh,2021,8.01546441881831,0.414118154040593,6.93867912442445,2600.0,5.54565430773473,38.91744466,31.0187387357172,167658854.0,31.3992156886061,-1.0535518,-0.871176499999999,-0.974914899999999,99.0,-1.099,6.939,35.614,5.558,,2.1150855365474337,67.12652153096978,11.827188382574901,14.434453498757083,85.54705354990132,45.85562989958941,0.0,0.0,0.8183079794141124,83.95597858624284,41.908009788129284,43.800894483163574,0.0,28.569634757097617,3
Bangladesh,2022,7.47651676918338,0.347960024540439,7.09982877575158,2850.0,7.69695437176898,41.61650085,32.047275580905,169384897.0,31.673734726234,-1.0954422,-0.9240476,-0.973641299999999,99.0,-3.954,7.1,37.863,6.15,,2.3495959293624664,61.463844751342656,11.854971180465418,14.605198245913739,88.20635693840853,49.657942526218115,7.011846171568139,0.0,1.0294970762474653,30.872856458790622,27.32287384635237,48.292048545398266,0.0,25.204974130583548,3
Bangladesh,2023,1.98496630183718,0.335721505298968,5.77511237007889,2880.0,9.8835030377921,44.50274195,30.9512000834944,171466990.0,32.1578465036834,-1.0359445,-0.9009111,-0.9020256,99.0,-2.576,5.775,39.726,9.016,,2.4300980822719955,24.9227075462735,11.895295945175342,15.042755137120329,84.46706037251278,49.10526499966926,2.8274419117989327,0.0,1.2292081743273675,33.3793349161739,18.94372392045993,45.46658909466032,0.0,21.470104338373417,3
Bangladesh,2024,5.99125561844593,0.283870773350074,4.22325911250161,2820.0,10.4657482763412,53.42171316,30.7004900245244,173562364.0,32.6783196323307,-1.46295089999999,-0.9500708,-0.9600594,99.0,-1.446,4.223,40.972,9.728,,2.157887682616271,87.45735546803508,11.934012880363232,15.531459581430934,64.36744033737789,48.59856732540527,0.6502161505023639,13.733058778507946,1.2220276334237834,69.08678935376665,43.55837302146224,37.872074604428505,13.733058778507946,31.721168801466224,3
Brunei,2000,-6.98893844109685,8.36413523538418,3.47467627672586,19390.0,1.55815247634946,8.99628453448726,18.7374704379378,326424.0,71.2246805488418,1.3522379999999998,0.7352101,0.7763369,99.0,45.089,10.964,,1.558,,81.73690932311622,0.0,0.0,66.29747621825707,0.0,24.45868194751817,58.824610288709266,24.89157380437747,,,49.344795180457766,27.761097412075813,24.89157380437747,33.99915546563702,3
Brunei,2001,4.20397476367202,0.995621601100516,1.4660608198711,19270.0,0.59589041095899,12.9177690823013,20.8703202916699,333345.0,71.657883335906,,,,99.0,31.441,1.466,,0.596,,86.96444849589791,18.11670010241929,0.0,66.82262848871329,23.36390939657487,33.333164272513955,13.711146000303856,30.999370475946137,2.120248511138878,69.38636110449801,60.32253454788213,23.469406556464225,30.999370475946137,38.26377052676416,3
Brunei,2002,0.70974593413375,3.62654271526088,3.9614389000248,18960.0,-2.31497242459321,15.329879855735,33.8596055630689,340099.0,72.1021556496525,1.0153957999999998,1.2956322,0.7815546,99.0,27.116,3.961,,-2.315,,86.07420980302336,18.118040783604865,0.0,67.32860945309498,32.26523526646177,86.03781782209848,55.167285287684194,32.61615418725164,2.026129085482009,76.24096880006095,61.94045720994605,57.82344612541482,32.61615418725164,50.7933525075375,3
Brunei,2003,15.8011866867578,1.72747847638813,3.58342909978997,19840.0,0.299999999999967,19.5950032207342,21.987880654086,346637.0,72.577635652792,1.0479687,1.1730273,0.7793346,99.0,34.188,3.583,,0.3,,84.51612903225806,100.0,0.0,67.8421840317651,0.0,21.45318675902016,11.185705935273429,36.36782812297139,1.9223814242323556,87.76412126485309,85.03060858221906,10.879630898097863,36.36782812297139,44.09268920109611,3
Brunei,2004,12.2773884467857,1.31341824941979,0.104538372603315,22190.0,0.814223994682613,29.7156041447864,19.5879660530209,352911.0,73.0675067339261,1.0993465,0.7918227,0.6210766,99.0,33.042,0.105,,0.814,,84.65690053970701,100.0,0.0,68.34710919553288,0.0,0.0,6.219950554816578,47.907945640830135,1.8099625833364552,69.6670115619113,80.6677553242878,2.0733168516055263,47.907945640830135,43.54967260557449,3
Brunei,2005,-0.565048343311574,1.65985733716788,-0.0039253166074644,25670.0,1.24443711883965,36.4663919475782,16.1152698630712,358916.0,73.552870858133,1.1115893,1.1720431999999998,0.1616575999999999,99.0,38.183,-0.004,,1.244,,88.93169877408056,0.0,0.0,68.82437902988016,0.0,0.0,10.804741475720709,59.73793619930743,1.7015621502305178,62.15862421820388,54.97867550554115,3.601580491906903,59.73793619930743,39.439397398918494,3
Brunei,2006,3.72947721267469,0.69467610091788,4.09841257308588,30720.0,0.159888078345121,42.1863491609307,15.1721720330137,364663.0,74.0148299904911,1.1147081,1.1694272,0.1605095,99.0,41.145,4.098,0.594,0.16,,94.32558139534883,12.270104181566948,0.0,69.25453136329158,7.55597801703469,0.0,2.9097207554973865,71.41408301039424,1.6012103110477183,39.75947719863702,53.90242353471109,3.488566257510692,71.41408301039424,42.93502426753867,3
Brunei,2007,2.002755398847,1.91806992225192,-3.76362326254647,33470.0,0.967774119525101,44.68,19.7540037479305,370873.0,74.4344860960786,1.1198586,1.1739818,0.3784568,99.0,35.579,-3.764,0.685,0.968,,92.87517531556803,11.195288871705547,0.0,69.61751724801904,0.0,14.039715819017376,7.134130933509083,63.80746166564128,1.7029421685227142,31.61367699701157,51.325414608076045,7.05794891750882,63.80746166564128,40.73027506374205,3
Brunei,2008,1.75763562742917,1.39506580939608,-3.90071101715114,36700.0,2.08498023715415,46.0,20.641358896163,377793.0,74.7929411399737,1.1203026,0.949121,0.4440116,99.0,43.508,-3.901,0.942,2.085,,98.55978260869566,3.075640957149292,0.0,69.8925875307586,0.0,7.281215557935429,14.36683888446296,66.56004652515266,1.8658678307668763,27.305708751099335,49.70842996192572,7.21601814746613,66.56004652515266,41.16149821151483,3
Brunei,2009,4.98804440516251,2.73305999823298,-1.90025367202547,35470.0,1.03571774271613,49.0,26.2203911122241,384952.0,75.0712970872547,1.3123741,1.0232638,0.6593956999999999,99.0,33.445,-1.9,1.11,1.036,,94.97828447339847,53.39861386806671,0.0,70.05819677220147,0.0,31.96281805828275,22.276328528630497,70.92177958751203,1.8949530563033168,54.47466227551763,68.22743934729607,18.079715528971082,70.92177958751203,52.409644821259725,3
Brunei,2010,1.79958892918677,3.50710078835613,2.74136439456163,35370.0,0.356869132017561,53.0,23.6902575256773,392332.0,75.2506559029998,1.2633781,1.0035146,0.6410918,99.0,36.586,2.743,1.113,0.285,,78.46846846846847,0.0,0.0,70.09192550316543,0.0,12.659445920646853,13.271115361703284,74.55830388692578,1.9171221347076939,90.41310678921002,59.74337519021098,8.643520427450046,74.55830388692578,47.64839983486227,3
Brunei,2011,5.4109037917457,3.73105568458092,3.74440625524871,36520.0,0.13791156316954,56.0,26.0242928941481,399389.0,75.312125504778,0.9587232,1.0180884,0.6708763999999999,99.0,34.713,3.744,2.129,0.138,9.3,75.37266428721394,33.43385598444756,0.0,69.97042972433114,33.684771344206,20.69831898362268,19.202792450765294,78.57754927163668,1.7987316864288339,81.42676295253924,65.05092823713296,24.528627592864655,78.57754927163668,56.052368367211436,3
Brunei,2012,8.6624786051031,4.54055753809902,0.913135189664487,41690.0,0.111766261400307,60.27310181,32.8821465207434,405557.0,75.2714233503027,0.901649,0.9898506,0.6338541999999999,99.0,29.835,0.913,2.101,0.112,8.495,80.33751962323392,47.43038333654317,0.0,69.7466213193164,0.0,50.736290862163024,22.472181087202006,83.38966262604318,1.5443590083852987,57.825010414088936,63.83488367329561,24.402823983121678,83.38966262604318,57.209123427486816,3
Brunei,2013,6.03260396777068,4.28670084809197,-2.12478292664558,44580.0,0.389205053123632,64.5,39.5934116228483,411202.0,75.1756915148608,0.9634698,1.0783592,0.4689993999999999,99.0,20.881,-2.125,2.209,0.383,7.702,81.55882901361178,63.73169755810629,0.0,69.56600144567126,0.0,74.96459116110428,19.184625673967233,79.26464698040266,1.3919128507213552,89.14677976596336,76.00082694583817,31.383072278357172,79.26464698040266,62.21618206819934,3
Brunei,2014,-3.71042112467114,3.35660901155102,-2.50788727590711,42370.0,-0.207108731719822,68.76999664,27.44181699276,416750.0,75.0572639801502,1.2566861,1.0142248,0.4540224,99.0,30.718,-2.508,3.231,-0.201,6.9,74.76585014409221,0.0,0.0,69.35202451521228,0.0,26.726106527107074,14.86235251748542,85.67730185406003,1.3492152275524028,73.42266552374406,54.38513504576214,13.862819681530832,85.67730185406003,51.308418860451006,3
Brunei,2015,5.22836962304385,1.32471179544033,-0.392383749502031,38180.0,-0.488347420743522,71.19999695,35.2473258617273,422212.0,74.9484620568562,1.2031979,0.9482167,0.3745892999999999,99.0,16.675,-0.392,2.953,-0.463,7.647,71.3520749665328,42.577448247067345,0.0,69.14977450794929,0.0,65.00117972184614,4.953766233558196,89.23534685983792,1.3106178764247245,65.97241562483761,62.26292833659676,23.318315318468112,89.23534685983792,58.27219683830092,3
Brunei,2016,-1.31732853335123,-1.32059047324396,-2.47791771833224,32570.0,-0.278693265753083,90.0,34.6202628541232,427564.0,74.8816070556641,1.0333017,0.7803650999999999,0.2656862,99.0,12.891,-2.478,3.005,-0.279,8.342,60.12514220705347,0.0,0.0,68.99929527539214,0.0,64.2547034704335,0.0,100.0,1.267609636864897,61.268727051076,47.5982911333804,21.4182344901445,100.0,56.3388418745083,3
Brunei,2017,4.72336260592112,3.85818821585897,1.32872661057823,29230.0,-1.2605056462896,94.86669922,34.804760189414,432772.0,74.8476440654983,1.0788022,0.8630799,0.2936458999999999,99.0,16.36,1.329,2.582,-1.261,9.0,51.9580805295091,54.48168223630044,0.0,68.88980177156957,0.0,60.51591691975947,11.195087379641784,100.0,1.218063260704838,66.76340472134072,60.52324231467996,23.903668099800417,100.0,61.47563680482679,3
Brunei,2018,2.17754790548202,3.80486552830842,0.0523710418528935,28790.0,1.02505179290212,95.0,41.0665959296934,437810.0,74.8172471714305,1.1449838,0.8702445999999999,0.3405091,99.0,6.93,0.052,1.899,0.919,7.7,50.0180766449747,0.0,0.0,68.7852810673552,0.0,88.42612076072949,15.937554535414838,100.0,1.164123372122039,62.4876422475813,45.322749989977794,34.78789176538144,100.0,60.03688058511975,3
Brunei,2019,6.05489002751258,2.77118007919324,3.86884436177075,31550.0,-0.390522069165529,95.0,38.6777534991209,442680.0,74.7923311783673,1.0980607,0.8013123,0.2885456999999999,99.0,6.634,3.869,1.821,-0.285,6.7,52.92474244805309,56.16316287435821,0.0,68.68821340881837,50.13008057694368,81.53772224298537,8.06418815780271,100.0,1.1123546744021384,64.61815302666713,60.5985679394742,46.57733032591059,100.0,69.05863275512826,3
Brunei,2020,21.535969791503,4.71057565284031,1.1335733495246,30810.0,1.94031996607184,96.30549622,40.5878302733583,447404.0,74.7748108912151,1.1645233,0.8099841999999999,0.5634205999999999,99.0,4.278,1.134,2.158,1.937,7.3,53.75680580762251,100.0,0.0,68.60109946264578,82.15032809918203,92.10571752361123,23.75530453619097,100.0,1.0671365320321646,61.108520290804556,70.86660639026822,66.00378338632808,100.0,78.95679659219877,3
Brunei,2021,5.55089873925077,1.47404982867232,-1.59076260099606,29890.0,1.73341388450593,97.62879944,31.2725676396553,451721.0,74.7667316936175,1.1632013,0.86713,0.5616354,99.0,11.137,-1.591,1.434,1.736,4.9,44.556765163297044,51.3103032161421,0.0,68.52662233645184,47.05237555320954,47.033953690471,3.328056584790467,100.0,0.9648997326800801,86.46618664409482,62.71496933999646,32.47146194282367,100.0,65.06214376094005,3
Brunei,2022,8.33096652576766,-1.73946797718401,-1.62833154515108,30970.0,3.68225030604216,98.97042579,25.8510429426901,455370.0,74.7772642014221,1.175984,0.8654815,0.6385843999999999,99.0,19.513,-1.628,1.326,3.683,5.2,44.432804549536066,69.82706492133215,0.0,68.47639023463141,34.923911199832745,19.397336638091964,0.0,100.0,0.8077995045614461,24.308051732559797,51.761077859514856,18.10708261264157,100.0,56.62272015738548,3
Brunei,2023,11.0541274684832,-0.37050451622702,1.12764418162719,34390.0,0.35706431153689,98.97039795,29.6282073672206,458949.0,74.8199193881365,1.3348873,0.8078928,0.638307,99.0,12.874,1.128,1.672,0.357,5.2,48.55804421021812,100.0,0.0,68.46753583190305,34.16518166839889,42.49001751942278,0.0,100.0,0.785954278938017,25.50272600589941,60.63207651200514,25.551733062607223,100.0,62.06126985820413,3
Brunei,2024,5.32161859357294,0.189449066349964,4.05251709306727,36020.0,-0.388674165036461,96.29828801,27.8989646632704,462721.0,74.8983133873697,1.2027245,0.8869612,0.5876078,99.0,14.54,4.053,1.568,-0.389,4.8,46.655944243399006,75.55654818711895,0.0,68.50490334416139,62.252025431798884,33.875934421597016,0.24751880586060537,96.6685474222974,0.8218778121316328,53.47784515704548,61.0488102329312,32.1251595530855,96.6685474222974,63.28083906943803,3
Cambodia,2000,4.9797381987855,3.20257592365608,9.99358032292079,290.0,-0.791992529473567,0.047022640068885,20.3442509411501,12462336.0,18.6242216655572,-1.0009785,-0.3323699,-1.20014019999999,99.0,-2.545,10.712,34.128,-0.826,,0.4257130693912303,58.175990365334926,0.9613985114958808,4.690229096170379,63.46745849016021,31.843333965709864,31.523916782298333,0.0,,,21.097310843632176,42.2782364127228,0.0,21.12518241878499,3
Cambodia,2001,4.27909232083945,3.53337669089546,7.38971065070517,310.0,-0.600648300123686,0.0769560555527296,20.2055208570396,12658484.0,18.7186818716995,,,,99.0,-0.935,5.541,33.633,-0.117,,0.5469462169553327,18.521794761547188,0.9693258009270826,4.851831624625977,69.32142052493988,30.308633572027983,25.91450427019054,0.1839849487391522,1.5739264292023547,42.138901661677146,16.51486856620141,41.84818612238613,0.1839849487391522,19.515679879108898,3
Cambodia,2002,5.99031639781238,2.90934773211661,6.26507280509637,320.0,0.211466568022607,0.226983237666204,23.868414318253,12855241.0,18.803641734126,-0.9341163,-0.2523816,-1.2761676,99.0,-2.153,8.658,37.753,-0.036,,0.6871278057718736,68.2458240558653,0.9776997146948361,4.9102898927835605,51.61477127759496,22.892633930248703,44.54538578233642,0.4820400000620011,1.5543488461967403,49.67363453337028,30.87921907194776,39.68426366339336,0.4820400000620011,23.681840911801043,3
Cambodia,2003,9.13468836139893,1.61651685032136,10.2836813071691,370.0,0.94174611779921,0.260570197574002,24.0058224692333,13050968.0,18.8881765274479,-0.9692824,-0.2523591,-1.29081999999999,99.0,-3.273,7.948,39.634,1.027,,0.7741935483870968,54.081193011148606,0.9863202383486964,4.8813202591753475,65.30098864045382,30.541586749386468,10.559394018408371,0.4394889426611395,1.522546329547625,77.40080818600596,34.284378751179254,35.46732313608289,0.4394889426611395,23.397063609974428,3
Cambodia,2004,6.05390504345536,2.2337173477841,9.45769481103929,430.0,4.31933677434786,0.300436644360101,23.9729963521885,13244731.0,18.9813615262763,-0.7441669,-0.408007199999999,-1.2330613,99.0,-1.936,8.256,38.101,3.925,,0.7710100231303008,44.97034878544221,0.9949525526688772,4.781406927305503,69.48789598035152,19.889998757814066,10.559252143001252,0.445496249235181,1.484663819572618,51.003342940704485,25.381527169145624,33.31238229372229,0.445496249235181,19.7131352373677,3
Cambodia,2005,13.4209359853042,5.36603852621255,13.3033338358455,510.0,6.61525912001587,0.317321781089656,24.3001536627765,13439202.0,19.0922720052225,-0.659880799999999,-0.5046565,-1.31712459999999,99.0,-3.364,14.118,31.285,6.349,,0.8056042031523643,100.0,1.0035811380724025,4.626749921005769,98.04303672449196,34.01465362570819,35.37632152359953,0.4137566383967676,1.468289540950285,49.11567356357826,38.6370069219341,55.81133729126656,0.4137566383967676,31.620700283865812,3
Cambodia,2006,7.92009592855536,5.78657071926189,10.9433600681694,580.0,5.81068550464306,0.468400002,25.2476635792145,13639028.0,19.2299832388976,-0.5438366,-0.525645599999999,-1.3170465,99.0,-0.56,10.858,26.627,6.143,,0.8682170542635658,67.6440300579387,1.0128036429763532,4.433489709470682,78.03898209200115,41.09505418589185,22.196716925854325,0.48684400393709953,1.4868888792652912,35.39428628861765,27.08500577757265,47.110251067915776,0.48684400393709953,24.894033616475173,3
Cambodia,2007,7.43482113119818,8.56334609470361,10.398458101201,670.0,8.70882770568049,0.49,25.6914602814207,13841770.0,19.4035705019128,-0.5980652,-0.4484834,-1.2296536,99.0,-1.421,9.804,25.292,7.668,,0.8695652173913043,51.73522097173133,1.0224480120508037,4.217860110322917,79.05420142140385,37.033371565951846,32.58873454352727,0.39159057145763737,1.4864842274683987,25.811075685087232,20.658430496133196,49.558769176960986,0.39159057145763737,23.53626341485061,3
Cambodia,2008,12.7354497961963,6.69590818514056,7.47636606631011,780.0,24.096851930605,0.51,23.0800200013877,14053479.0,19.6574509865325,-0.460177,-0.4508525,-1.2423688,99.0,-5.57,9.042,22.711,24.997,,0.9510869565217392,72.61382947845142,1.032690582282294,4.038536371466782,80.369199595716,17.887051249446056,69.26879317850438,0.42163419598720564,1.529493699143969,20.51295224562512,24.529101263016262,55.84168134122215,0.42163419598720564,26.930805600075207,3
Cambodia,2009,1.11528862706638,7.42542554520067,4.07477850599065,840.0,-1.24171754189637,0.53,26.3323279290139,14276810.0,20.1979728726519,-0.5824764,-0.4303625,-1.2243761,99.0,-8.05,5.295,23.111,-0.662,,0.9771986970684038,18.27195459216733,1.0438138441979417,4.149983182443817,47.991213432606145,32.36991220841954,61.33250051783408,0.4507124178474744,1.5891509853182884,42.54450765858683,16.485911032566595,47.23120871961993,0.4507124178474744,21.38927739001133,3
Cambodia,2010,9.27425483361671,10.169807189939,5.07691843229247,910.0,3.99639528107218,1.26,22.317490039603,14500726.0,21.1232251168762,-0.3874276,-0.411989799999999,-1.233226,99.0,-7.236,5.267,23.531,3.996,,0.8558558558558558,47.96551481705139,1.0549809582750471,4.682223091299983,19.829152935684647,7.309731104785193,42.809922194917924,1.4275618374558305,1.5683895772234724,68.41023238157285,30.478456536445023,23.316268745129253,1.4275618374558305,18.407429039676703,3
Cambodia,2011,10.7540860169109,9.59845134883877,7.28665813879552,990.0,5.4784474961745,3.099999905,22.3677149230901,14722584.0,22.3824788531276,-0.3236001,-0.660577299999999,-1.1516075,99.0,-6.531,8.77,23.738,5.478,,0.7768213310938484,70.35322434705677,1.0652101493391135,5.588437499780859,74.76902774230699,6.375852336819107,53.39464354114604,3.027706233933162,1.5299785679696365,65.22320225806232,35.48542135899845,44.84650787342404,3.027706233933162,27.78654515545188,3
Cambodia,2012,6.03071917185325,11.1524912445112,7.65025657870362,1110.0,2.93431609293951,4.94,24.6712332656387,14945085.0,23.9411047582349,-0.377158799999999,-0.516539899999999,-1.0805729,99.0,-6.961,9.115,24.962,2.934,,0.7064364207221351,25.24808560036625,1.0739913636309972,6.948200360260949,87.27919519513692,19.463999436871458,58.56385145451054,5.014164338238811,1.5112904093466106,56.34033342899657,22.310763952586477,55.102348695506315,5.014164338238811,27.47575899544387,3
Cambodia,2013,6.80944030941306,10.4430587644193,7.8574997554252,1230.0,2.94162509547349,6.0,26.8520095001976,15170208.0,25.7644735090271,-0.3707293,-0.491139699999999,-1.15471679999999,99.0,-7.121,7.832,24.555,2.942,,0.7272049226179378,73.48041283444017,1.082968456614607,8.989049694633088,94.61176276381956,24.563844496617527,49.07019381690787,5.309593634250937,1.506334691304878,91.60305458069537,43.69993050809664,56.081933692448324,5.309593634250937,35.03048594493196,3
Cambodia,2014,5.40794543073638,8.40902020300656,8.00032074618566,1330.0,3.85568861424207,14.0,30.0126716073678,15396772.0,27.8179557823331,-0.2628078,-0.6121749,-1.1952691,99.0,-7.213,5.84,24.026,3.856,,0.8465417867435158,70.49857157047954,1.0922815800070473,11.307503721147922,98.41178151798535,37.26776836461974,38.16173615012601,9.214114647746758,1.4934798520890524,83.50431818198587,41.53923381508921,57.94709534424371,9.214114647746758,36.233481269026555,3
Cambodia,2015,5.68236198818258,7.54029662001984,7.20703472529512,1430.0,1.22393195511119,6.43319107021405,29.8714938168298,15623251.0,30.0669222549819,-0.1585169,-0.6326758,-1.2627563,99.0,-7.288,6.834,23.396,1.221,,1.07095046854083,49.88367609548895,1.1019735092250496,13.879490245931967,90.59180877615978,39.873470325444195,32.651027510168284,0.0,1.4709511837935896,78.43748356353349,35.817900093373815,54.37210220392409,0.0,30.063334099099304,3
Cambodia,2016,4.57993951761237,9.32318507305764,7.90550116130704,1550.0,3.01913975139128,32.3984517141849,30.3850325759008,15852803.0,32.4767436038024,-0.0778582999999999,-0.567275899999999,-1.2323005,99.0,-6.867,7.357,22.025,3.022,,1.3083048919226392,54.58289864649002,1.1118391704819086,16.663914836377515,96.73190753288294,44.11870469965784,49.21628668140756,22.16006988403365,1.4692972672589066,76.42484519593472,37.24499089268123,63.35563297131611,22.16006988403365,40.920231249343665,3
Cambodia,2017,6.67517339477158,9.49760203098743,8.07503915535979,1690.0,2.91263557371478,32.9002785437986,30.6334526919382,16073372.0,35.0127905056235,-0.153852799999999,-0.603996499999999,-1.18795879999999,99.0,-6.51,7.58,22.853,2.913,,1.323772752344181,74.43828256942845,1.1205616238867888,19.619260519873723,88.2037787924826,39.250489779118965,30.669708330892515,19.174267418686753,1.3913564686320878,77.0072087645772,43.09713115155589,52.70799230083136,19.174267418686753,38.32646362369133,3
Cambodia,2018,5.47509797087133,9.69240300027112,8.77622376224463,1920.0,2.45908515380146,65.0,30.7394192448512,16274522.0,37.6404336372742,-0.1054427,-0.5908086,-1.2191229,99.0,-8.99,8.731,21.308,2.46,,1.4461315979754157,45.57350977944755,1.129320502301971,22.703592016922897,100.0,35.238234847637386,42.011618068381,59.956592926476524,1.2514486692649207,68.42002169495296,34.53581377232471,59.083284305339454,59.956592926476524,51.19189700138023,3
Cambodia,2019,3.38412497568179,9.98500044202808,7.93695013588524,2100.0,1.94257500833107,52.305878224498,31.3945541935104,16481304.0,39.5830241256026,-0.1935314,-0.6492291,-1.1306816,99.0,-8.347,7.883,21.242,1.942,,1.5016588091496421,0.0,1.1396715383798983,24.952859843976192,100.0,47.85241973370093,34.16999343248322,34.79474000228304,1.2705872405960772,75.88459695311354,25.584778901559844,60.674137722061374,34.79474000228304,40.35121887530142,3
Cambodia,2020,-1.88703200575925,10.410239809326,-3.55572193406549,2050.0,2.9402951426397,56.37590027,31.351227539335,16725474.0,39.832658030922,-0.2401873,-0.696444,-1.1462953,99.0,-0.98,-2.958,25.52,2.94,,1.560798548094374,33.47165217682333,1.1539389674082448,25.1070674659033,45.98510873607932,55.363584734829274,48.06847267114788,33.66779627538061,1.4814968524335281,79.47625714847874,34.903943834824936,49.805722047352155,33.66779627538061,39.45915405251923,3
Cambodia,2021,-2.44454048632909,9.4684591111041,3.08984284148661,2120.0,2.92073477592949,60.76269913,30.3788112661952,16974305.0,40.1091858128847,-0.1486895,-0.6885401,-1.14770479999999,99.0,-30.097,2.904,26.391,2.921,,1.3685847589424573,0.0,1.168704408889769,25.29837234712533,68.17666541158835,42.88496048378358,28.429529718095313,37.20788687615429,1.487736610633572,95.41914146413733,30.521524642551277,46.49705187115575,37.20788687615429,38.075487796620436,3
Cambodia,2022,5.21899382362822,8.94830125779534,5.12990110773977,2270.0,5.34370264895437,65.49079895,34.5945264318735,17201724.0,40.374616187368,-0.0739156,-0.6946692,-1.1151898,99.0,-19.189,5.503,25.283,5.339,,1.4815923376234659,39.36756432409356,1.175209257810044,25.47964081177461,76.18061952976028,62.0979780445679,35.90111550241926,41.62626729552644,1.3397838674396478,40.06092368845931,26.597430290487736,58.059904358915816,41.62626729552644,42.09453398164333,3
Cambodia,2023,4.57932638761778,9.35096701989758,5.00733043811898,2390.0,2.12746796594194,68.92549896,33.2944796211269,17423880.0,40.6290788072508,0.1346422,-0.676237299999999,-1.099508,99.0,1.308,5.007,26.278,2.132,,1.7127799736495388,46.39961454035862,1.180078280263321,25.651094053478378,76.15697151410488,60.82216552841596,38.92082028669283,44.839008695362246,1.291475203299397,34.48581822138343,27.062326697217493,58.6333191097379,44.839008695362246,43.51155150077255,3
Cambodia,2024,2.39395038979875,9.48089832015712,6.0158145735202,2550.0,0.808042016536654,68.47530365,32.1861316004857,17638801.0,40.8727033252729,0.1284232,-0.6313721,-1.0562612,99.0,0.495,6.02,26.138,0.802,,1.796005897332797,23.52594984588945,1.184170899498327,25.812956216576715,86.57637609834886,56.40594106972968,39.87444423707986,42.85098360107926,1.2334853086683362,69.53372748543659,30.16715986130889,60.95225380171947,42.85098360107926,44.656799088035875,3
China,2000,11.7118299109767,3.43984725315719,8.57357328926101,950.0,0.347811226864587,1.77591320677415,33.6326827140045,1262645000.0,36.4320234662299,-0.2665282,-0.276320399999999,-0.6100298,99.0,1.674,8.572,22.708,0.352,,3.2354193273733505,90.89858070434806,100.0,25.547264748074493,49.64239881358114,92.91604695533606,32.77890029665026,4.808754917282816,,,39.89375492659864,58.44578202185581,4.808754917282816,34.38276395524576,3
China,2001,7.2078438693799,3.47245235578959,8.32404695347056,1020.0,0.719125609120114,2.63965021485872,35.523858010134,1271850000.0,37.6597442626953,,,,99.0,1.288,8.319,24.252,0.724,,3.7830446672743845,34.31599328136706,100.0,27.024299235721973,76.57029111287768,100.0,25.621536090699415,6.333938876331838,0.7290251812663184,0.0,16.280834296090852,67.39727573452569,6.333938876331838,30.00401630231613,3
China,2002,9.33537082956984,3.56241418263928,9.23604870383861,1130.0,-0.731970902350244,4.59570433077551,36.0687816828708,1280400000.0,39.0897827148438,-0.4590725,-0.6181034,-0.6505266,99.0,2.383,9.214,25.553,-0.766,,4.397617956939991,100.0,100.0,28.667553226369787,76.56969359157945,100.0,54.21752009838278,9.777275610031326,0.6722490859771169,0.0,33.26629279582745,76.9290712299874,9.777275610031326,39.990879878615395,3
China,2003,6.3537039301879,3.43849537731211,10.1138119025242,1300.0,1.12760348729637,6.2,39.4280130265115,1288400000.0,40.5302314758301,-0.5750816,-0.5718516,-0.7507446,99.0,2.561,10.121,26.418,1.162,,4.774193548387097,34.925786213846884,100.0,30.260649750702623,63.64543304049286,100.0,20.843371499415074,11.476474005713449,0.6248047485160946,54.13227275275489,31.023225566422877,61.49626817996931,11.476474005713449,34.66532258403521,3
China,2004,8.26374543458137,3.43299015092913,10.1404291872206,1530.0,3.82463743108159,7.3,41.6343741627493,1296075000.0,41.7600135803223,-0.449434399999999,-0.3199809,-0.7216823,99.0,3.484,10.115,26.0,3.893,,5.0115651503469545,64.5103295458041,100.0,31.552422110214877,74.56017031111531,100.0,16.213942437279748,11.739547915794843,0.5957000931387846,0.0,25.268579201591482,63.59137091613169,11.739547915794843,33.533166011172675,3
China,2005,11.1859125883576,4.49218509012467,11.4535130030645,1790.0,1.77641407667571,8.52325700269541,40.178086700104,1303720000.0,42.9899978637695,-0.5590294,-0.275588599999999,-0.8350576,99.0,5.69,11.437,25.91,1.809,,5.2889667250437835,84.01954882522162,100.0,32.79715886851163,84.41423084010015,100.0,29.582767846726526,13.880503426341296,0.5898578400169718,0.0,30.526418604694257,71.33233289560889,13.880503426341296,38.57975164221481,3
China,2006,10.3687489915944,4.44499743873593,12.6752842281595,2090.0,1.6494309945586,10.5231526193851,39.6897003482818,1311020000.0,44.3430099487305,-0.5305461,-0.1592207,-0.8515222,99.0,8.284,12.665,25.174,1.467,,5.550387596899225,100.0,100.0,34.147044587019856,95.87275184900724,100.0,17.115127328430088,17.58154440081425,0.5599361826158944,0.0,34.92435804597977,70.99595972581244,17.58154440081425,41.16728739086882,3
China,2007,13.9019620132322,4.33537500236917,14.1507710506103,2550.0,4.81676767378834,16.0,40.2220879226288,1317885000.0,45.8892440795898,-0.5003284,-0.1438419,-0.72761,99.0,9.774,14.154,28.708,4.774,,6.143057503506311,100.0,100.0,35.69387595230993,100.0,93.3053203177904,16.393571929197087,22.649571125220668,0.5236380833244292,0.0,35.45923336395406,69.89963074899583,22.649571125220668,42.66947841272352,3
China,2008,8.91047291904839,3.67520717506325,9.66877608164454,3140.0,5.92525137041092,22.6,41.9607249432501,1324655000.0,46.9895057678223,-0.553233499999999,-0.0727936,-0.694980199999999,99.0,9.034,9.638,26.715,5.845,,7.364130434782609,48.384783597034016,100.0,36.68405251445305,95.8566782183407,100.0,37.98274899237871,32.53852864204711,0.5137018783884839,0.0,23.10824163656742,77.94647573690646,32.53852864204711,44.531082005173666,3
China,2009,10.1259024061811,2.52538984334254,9.40610014336416,3740.0,-0.728165250932898,28.9,44.9282638913962,1331260000.0,48.3417053222656,-0.310643499999999,-0.139326099999999,-0.7010099,99.0,4.699,9.445,33.985,-0.692,,8.849077090119435,100.0,100.0,37.95335041144265,90.81217019974024,100.0,20.547818418912605,41.698168072961636,0.49862039549921633,0.0,36.70060687539052,70.45332953955095,41.698168072961636,49.617368162634364,3
China,2010,11.7154437946217,3.93541996731512,10.5916903885704,4410.0,3.17532475269199,34.3,46.1023443345586,1337705000.0,49.2340270628041,-0.6176124,-0.1275767,-0.7004332,99.0,3.874,10.587,33.343,3.33,,8.73873873873874,63.63081501607578,100.0,38.65241460302081,66.65027321800724,100.0,15.170049027341758,48.127208480565365,0.48412781875817323,0.0,27.755492089458834,60.606774081782994,48.127208480565365,45.4964915506024,3
China,2011,15.0447370146863,3.65069190228423,9.46205248298186,5130.0,5.55389892257493,38.3,46.2703012824496,1345035000.0,51.8300285339355,-0.6326472,-0.0991737999999999,-0.5970818,99.0,1.784,9.451,33.184,5.416,,9.468822170900692,100.0,100.0,41.40753009753422,100.0,100.0,18.73447794896908,53.29905741216796,0.5479533977969631,6.015314589169013,39.22291671440098,72.91149264965635,53.29905741216796,55.14448892540843,3
China,2012,9.24912567008298,2.78099138181613,7.8578201481217,6010.0,2.61952432645541,42.30009842,45.8169211701107,1354190000.0,53.1003112792969,-0.6177714,-0.2489079,-0.691498899999999,99.0,2.481,7.848,33.825,2.621,,10.32182103610675,52.37505255555634,100.0,42.622090103557014,89.96817469313343,100.0,12.867474730202835,57.9321507508446,0.6806514328623336,19.047233413961262,31.09154927729534,67.6118831411121,57.9321507508446,52.21186105641735,3
China,2013,8.92268072023641,2.98598708261986,7.77842954757257,6860.0,2.62105001748115,45.79999924,45.9224093546636,1363240000.0,54.4900016784668,-0.5627312,-0.262571999999999,-0.795021299999999,99.0,1.514,7.771,36.438,2.625,,11.225060600410218,100.0,100.0,44.20584871662425,93.86233780909699,100.0,12.87041028870132,55.62431272777226,0.6682961770504869,73.61301976006234,57.2609822692742,68.91091603259943,55.62431272777226,60.598737009881965,3
China,2014,9.22369420884539,2.51155883670463,7.46100735778161,7600.0,1.92164162788521,47.90000153,45.3115352657107,1371860000.0,55.7502555847168,-0.523856099999999,-0.1691285,-0.6904443,99.0,2.206,7.491,39.308,1.995,,12.139769452449569,100.0,100.0,45.62885639456452,93.36098777296642,100.0,10.96537195385401,56.54116088294068,0.6323171268448613,23.32363628563334,45.273065533161855,68.10878657560681,56.54116088294068,56.641004330569785,3
China,2015,8.79647626075936,2.14957284731563,6.98162255562367,8040.0,1.43702380935655,50.29999924,42.7349872564364,1379860000.0,57.3297843933105,-0.5462433,-0.1789518,-0.6620808,99.0,2.592,7.018,40.782,1.442,,13.711990820424555,100.0,100.0,47.4528958561977,87.90469577686672,100.0,8.629428736038031,60.43944563099949,0.5831498840989546,9.4156209302356,42.64512690171446,65.51137483763492,60.43944563099949,56.19864912344963,3
China,2016,9.48691271656419,1.52539470315394,6.7736886867727,8360.0,2.00000182191943,53.2,42.1386166189127,1387790000.0,58.8399238586426,-0.501441799999999,-0.147913799999999,-0.6211726,99.0,1.671,6.776,50.033,1.996,,14.220705346985211,100.0,100.0,49.200915451546486,86.18794499989664,100.0,13.159693355362526,50.27027027027028,0.5746959836505194,9.19869592528666,43.15507918095459,66.44921278508639,50.27027027027028,53.29152074543708,3
China,2017,9.17518016093987,1.32468971748482,6.89123916636191,8830.0,1.59313600071436,54.3,42.5497375507577,1396215000.0,60.2402687072754,-0.203288,-0.0708427,-0.5354403,99.0,1.507,6.891,53.891,1.579,5.0,14.451185879757308,100.0,100.0,50.822375238055564,72.72634105579185,100.0,2.446142089611567,47.08693600368715,0.607080321950737,30.64664300160107,48.980051029853485,58.39082771513447,47.08693600368715,51.485938249558366,3
China,2018,8.32243818058333,1.66361992284408,6.757806142324,9720.0,2.07479039965576,65.35839844,43.313827489682,1402760000.0,61.5001983642578,-0.237003599999999,-0.0905581,-0.5204445,99.0,0.171,6.759,55.875,2.092,4.93,15.54591467823572,84.92493259928702,100.0,52.27843059084112,76.86323136562541,100.0,6.454646915304238,60.43497608072439,0.46876734600329595,15.249145123393404,41.99960574793931,61.10595942697655,60.43497608072439,54.51351375188008,3
China,2019,5.6868312802211,1.28549226847992,6.06737806333672,10510.0,2.89923416358227,64.080881297515,42.6695374085222,1407745000.0,62.7099151611328,-0.138588699999999,-0.0619233999999999,-0.5515574,99.0,0.705,6.065,59.838,2.905,5.15,16.186485070717655,48.42330445540309,100.0,53.68000164141951,77.08137059590447,100.0,2.6876921079056726,52.77829616692936,0.35537084034331645,10.719539581966318,32.252332687376644,59.92302090127004,52.77829616692936,48.31788325185868,3
China,2020,-2.71158024795403,1.68770756292082,2.33950385203023,10740.0,2.41942189457782,70.05275998,42.5723735094229,1411100000.0,63.5234230266258,-0.302661299999999,-0.0666201,-0.5093696,99.0,1.647,2.337,70.134,2.49,5.617,17.33212341197822,31.12968795171983,100.0,54.59600293219399,91.45081751651368,100.0,10.860597391669561,56.38819258825036,0.23832441244686642,24.368991510037034,31.856701451482266,67.43713830272775,56.38819258825036,51.89401078082013,3
China,2021,13.1379813941195,1.8903454142588,8.57038414981781,12220.0,0.981015135544882,73.05323517,42.6822612949312,1412360000.0,64.721076965332,-0.259168,-0.0246937,-0.5386195,99.0,1.941,8.556,72.131,0.919,5.117,17.07620528771384,100.0,99.86957431206073,55.99670820475904,92.91118845581211,100.0,4.635174107541793,58.14171830629999,0.08929204166960858,71.47245451031098,61.13634200069596,65.84878752111797,58.14171830629999,61.70894927603797,3
China,2022,1.49405307007524,1.03841365474349,3.13385438394069,13170.0,1.97357555739051,75.61131603,42.3554333470499,1412175000.0,65.2176361083984,-0.249058199999999,-0.0908271,-0.563864399999999,99.0,2.418,3.112,77.294,1.976,5.583,17.794073630649507,2.908428603036882,99.0702799312716,56.528678142134105,63.99543418230698,100.0,9.331137969697263,59.271994402411345,-0.013098643405362598,0.0,19.30779509395512,57.77552405066808,59.271994402411345,45.45177118234485,3
China,2023,9.65440854328679,0.280991103634816,5.41600334492955,13750.0,0.234836828893051,90.6,41.1297102455381,1410710000.0,65.5301448035523,-0.174451499999999,-0.0818839,-0.552260699999999,99.0,1.434,5.377,84.084,0.228,5.217,18.34284877763139,88.41269824529425,98.09687024389436,56.8341543215958,80.58024331596985,100.0,2.6083236312512383,84.6323514454156,-0.10374068369712885,9.692872233576114,43.32064339452439,61.0628556490737,84.6323514454156,63.00528349633789,3
China,2024,5.01509972457532,0.227695125306895,4.95830378788091,13660.0,0.218128938439177,92.0,40.4815134449629,1408975000.0,65.8946980998325,-0.153336399999999,-0.0712903,-0.579319799999999,99.0,2.238,5.003,90.421,0.212,5.117,16.68677121029353,70.10908657372187,97.10709616966552,57.20806348997057,73.47430499620772,100.0,0.41063369622104257,88.35443609954814,-0.12298771540572018,16.620766862942656,40.156172034232156,57.961646230809585,88.35443609954814,62.15741812152996,3
India,2000,3.43958937687052,0.765211694280817,3.84099115686554,440.0,4.0094359104519,0.527532449930946,25.677316683955,1057922733.0,27.6470407512523,-0.9733951,-0.3746035,0.2604152,99.0,-0.569,3.841,74.941,3.817,,1.064282673478076,50.68980908391061,83.7820443355339,15.25802749473042,3.566408446088967,56.353735120079385,18.632127737373995,1.3364951810571872,,,22.3373730840397,26.184090434514115,1.3364951810571872,16.619319566537,3
India,2001,5.95289739416627,1.05638020993358,4.82396626397303,450.0,3.77929312235637,0.660146377009928,29.9078889827325,1077898575.0,27.9028652096636,,,,99.0,0.7,4.824,80.11,4.441,,1.1850501367365542,27.548306288200962,84.74645029325235,15.602865721434666,49.4155804477624,74.44993203732186,14.00331724825107,1.583525192336161,1.8882137018980227,57.813775512309796,25.537499414670496,45.956276577778446,1.583525192336161,24.359100394928372,3
India,2002,2.87047855753082,1.01156946489919,3.80397532120038,460.0,4.29715203929562,1.53787558175083,30.2513001207186,1097600380.0,28.1756878910456,-1.2778882,-0.389617799999999,-0.0434055999999999,99.0,1.232,3.804,84.304,4.993,,1.3284470911589554,38.629600547830904,85.71944798386431,15.885968743487544,30.942608792612248,63.233018563211886,16.43864980177878,3.271197956790073,1.827797666399178,65.07234267374575,30.22908976405579,36.87142571920097,3.271197956790073,23.457237813348943,3
India,2003,5.92532039029332,0.605887857091792,7.86038147545045,510.0,3.80585899528853,1.68648997063625,30.8396999424416,1116803006.0,28.4660287698,-1.42092669999999,-0.441382,0.0275527,99.0,2.317,7.86,85.883,4.107,,1.3763440860215055,31.975082542206607,86.67780396921336,16.11313112277304,41.683388901567,61.319982585907205,4.854998684402269,3.0892138758476113,1.7495097805997561,83.28346664189627,33.18700609822436,35.952790057292155,3.0892138758476113,24.076336677121372,3
India,2004,5.17112560012411,0.765596855110284,7.92293661307978,610.0,3.76725173477517,1.97613649190559,35.0964917017773,1135991513.0,28.7726067228528,-1.0339705,-0.2047551,0.0575144,99.0,-0.348,7.923,84.89,3.996,,1.4649190439475714,37.16458443811475,87.64522976346358,16.288741654365406,58.08563635636562,70.3449086652486,3.636918309545642,3.1492992858311317,1.718163982090859,64.40016500610346,29.829602535632798,44.02248777705329,3.1492992858311317,25.667129866172406,3
India,2005,7.45569538780553,0.886098378458823,7.92343062131789,700.0,4.24634362031924,2.388099909,37.4282640165983,1154676322.0,29.0945497159107,-0.8561375,-0.177473699999999,0.1692787999999999,99.0,-1.207,7.923,82.378,3.674,,1.4711033274956218,57.3484392850806,88.56466716479008,16.417338497693915,58.405870092855864,88.5723159423559,5.674803347524729,3.8121072163002445,1.6448018128811581,58.98498852444678,33.55546740867923,50.884329794245495,3.8121072163002445,29.41730147307499,3
India,2006,4.93577551194689,2.13016842534495,8.06073257305057,780.0,5.79652337561634,2.80549986534254,38.9985063717532,1172878890.0,29.4309857146804,-0.8196652,-0.1925709,0.2268876,99.0,-1.017,8.061,77.893,6.738,,1.4883720930232558,28.209868005834227,89.46014973576536,16.503243402342225,48.35632263683294,97.18081705610528,8.347055390047592,4.460290540288922,1.5764216909264661,38.812961243246,21.253611186111424,51.29473169432861,4.460290540288922,25.66954447357632,3
India,2007,7.28156444495225,2.07339404668754,7.66081506510766,910.0,6.37288135593231,3.95,41.9507982267334,1190676021.0,29.7810426848684,-0.8184973,-0.2088541,0.1942209,99.0,-1.293,7.661,75.414,5.918,,1.5427769985974753,50.59145431639011,90.34477305456626,16.55062098470726,63.772395136260585,100.0,7.729097029120304,5.356942777519539,1.5173886367756184,26.639532082283218,23.831096095494516,57.16716405512696,5.356942777519539,28.78506764271367,3
India,2008,4.45219735697937,3.6205232354017,3.08669805950082,990.0,8.34926704907575,4.38,38.4224196528192,1207930964.0,30.1438485921815,-0.7693557,-0.2663175,0.1618552,99.0,-2.328,3.087,74.341,9.211,,1.5217391304347827,20.14415192400882,91.18583062647245,16.563531841303618,49.359995596295256,84.6117673110405,37.41637577410415,6.048269845885431,1.449171957415274,18.890930864176365,14.280088439980897,57.12937956047997,6.048269845885431,25.819245948782097,3
India,2009,5.0007772532511,2.65159033235479,7.8618888330338,1110.0,10.8823529411764,5.12,39.2567917551336,1225524753.0,30.5185314023263,-0.913954899999999,-0.2438041,0.1502929999999999,99.0,-2.864,7.862,72.735,10.605,,1.710097719869707,53.51410331332153,92.05520855177983,16.54598043019866,78.40912827943465,79.37387183635985,21.598228484933397,7.124164002513461,1.4565227255818547,37.37032541667659,27.28512672001662,59.7937428669093,7.124164002513461,31.401011196479796,3
India,2010,6.72040849311021,1.6350340943491,8.49758470165625,1210.0,11.9893899204245,7.5,39.7856241847736,1243481564.0,30.9042190810094,-0.942319199999999,-0.277761,0.0630896,99.0,-2.857,8.498,67.675,9.37,,1.5315315315315314,31.57728341617525,92.95427028737306,16.501958393612178,48.87104770727937,75.38355787432475,4.971392528346706,10.247349823321555,1.4652344602622547,61.90178046249589,27.878138450953713,43.075332703316946,10.247349823321555,27.06694032586407,3
India,2011,7.42198586934254,2.0020634629993,5.24131620024293,1350.0,8.9117933648336,10.07,39.590421855219,1261224954.0,31.2746502853309,-1.1659038,-0.3395793,-0.0132833999999999,99.0,-4.29,5.241,68.699,8.116,,1.5326474910770522,47.32967254120809,93.76708118434624,16.404600996493528,51.04644804220276,73.83555032644423,9.127207308814087,12.982005141388175,1.4269121886233194,59.00916335547157,31.06902109606256,44.66973522582037,12.982005141388175,29.573587154423702,3
India,2012,5.47085684358561,1.31293453035323,5.45638755164772,1460.0,9.47899691419793,11.10000038,38.3474156730403,1278674502.0,31.5898935604399,-1.15725679999999,-0.3740965,-0.1308812,99.0,-4.819,5.456,68.146,10.037,,1.3932496075353218,20.52917675938367,94.42189645549058,16.30586406083276,58.85769111529336,71.55145287133782,4.853990881735947,13.739377338105596,1.383539704369019,50.604725117085415,22.20825388620929,45.087711622789044,13.739377338105596,27.011780949034645,3
India,2013,7.3031774919065,1.5162764665975,6.38610640091713,1500.0,10.0178784746104,12.30000019,34.0231978997548,1295829511.0,31.9096789235237,-1.17090389999999,-0.3722425,-0.1159615,99.0,-1.746,6.386,68.018,9.81,,1.2306544844303562,79.67644532603502,95.05363482933973,16.522922100899795,80.66594261198036,52.930679349656174,5.735812631692039,13.273984234801638,1.3416243909742054,88.06724567947553,46.37431689771017,46.44414486444285,13.273984234801638,35.364148665651555,3
India,2014,6.39385555921415,1.69565958990806,7.41022760516977,1540.0,6.66565671867899,13.5,34.2678056268836,1312277191.0,32.2288233408821,-0.817516599999999,-0.380901899999999,-0.165636199999999,99.0,-1.324,7.41,67.642,5.936,,1.2247838616714697,78.12112713810274,95.65546667716656,16.72728448190623,92.88542372731115,54.715734364779834,7.202821987840803,8.516075649233565,1.269278084839054,67.83641380114278,40.97740232070581,51.6013266933106,8.516075649233565,33.698268221083325,3
India,2015,7.92811112115082,2.09211521443253,7.99625378567987,1580.0,4.90697344127249,14.89999962,32.1167301358276,1328024498.0,32.5472990022299,-0.7619187,-0.3303195,-0.1374229,99.0,-1.061,7.996,69.755,4.885,,1.357812201185695,86.02515360876677,96.24227330504303,16.93400059701332,100.0,50.368151944743126,8.373391836017698,11.665521982639532,1.1999985298837723,57.37234560448402,40.42232800286245,52.913847926920276,11.665521982639532,35.00056597080742,3
India,2016,8.13012454478343,1.9373641224439,8.25630550176662,1670.0,4.94821634062134,16.5,30.172690580036,1343944296.0,32.8650780972823,-0.7362183,-0.2535746,-0.0823440999999999,99.0,-0.634,8.256,69.815,4.518,,1.5358361774744027,87.44207815804388,96.83963592625338,17.143190839162767,100.0,43.10914491498604,15.06461938048834,0.6756756756756757,1.1987578560467282,56.09475717238046,40.55396558676538,52.724588098491466,0.6756756756756757,31.31807645364417,3
India,2017,6.23880806412842,1.50731583255894,6.79538341902422,1790.0,3.32817337461305,18.20000076,30.9821728344733,1359657400.0,33.1821328157539,-0.572111399999999,-0.215826699999999,-0.0399917,99.0,-1.865,6.795,70.776,3.606,,1.5076300790586505,69.9765957334787,97.3808521654282,17.35497467052623,71.47308765579903,41.02827355268192,3.0768059287019014,0.0,1.1691782201663559,63.873685141955285,38.178221406254714,38.52605571239428,0.0,25.568092372883,3
India,2018,7.08954662405942,1.55821483801456,6.45385134495295,1970.0,3.93882646691643,20.0813000379384,32.3432182154485,1374659064.0,33.4984353473598,-0.6785888,-0.1555625,0.0203339999999999,99.0,-2.155,6.454,71.683,3.387,8.901,1.5365148228488792,67.88585986526707,97.99611414549463,17.569470528326384,73.37905061300259,43.498253948585635,5.987840735024184,0.0,1.103341474109576,58.35846898005273,36.33757854912376,40.95504843220414,0.0,25.764208993775966,3
India,2019,5.16880088871528,1.78482633957161,3.87143694070524,2070.0,3.72950573539123,29.52350044,30.0961975685688,1389030312.0,33.8139578818147,-0.590466199999999,-0.0981205,-0.0201063,99.0,-0.884,3.871,76.665,4.806,7.484,1.4492753623188406,37.52971228709722,98.67017287372907,17.78679572539117,50.16186237165109,41.84743018983379,4.494712157100593,0.0,1.0454408934083226,59.85377120813968,29.15488864573673,32.16800157286182,0.0,20.440963406199515,3
India,2020,-5.28945828710083,2.40620322673636,-5.77772470687303,1900.0,6.6234367762853,43.40544313,28.9223840080659,1402617695.0,34.1286726088333,-0.720631199999999,-0.1486534,-0.1029725,99.0,0.919,-5.778,90.562,6.154,8.662,1.2885662431941924,23.807741417346406,99.39869638888752,18.00706634550303,28.848372223618803,45.70192729227826,13.925498304946476,12.120896414704097,0.9781919719546117,57.16579171861981,25.06729143116586,29.491932606947845,12.120896414704097,22.226706817605933,3
India,2021,11.6767553444025,1.41217101040888,9.68959249191741,2170.0,5.13140747176364,49.2580986,32.1158221755014,1414203896.0,34.4425517181304,-0.6015988,-0.169914899999999,-0.1841026,99.0,-1.254,9.69,85.713,5.512,7.365,1.4463452566096424,90.62266004868955,100.0,18.23039713361607,97.96234726869577,50.948507415205945,3.1337646190821618,17.6126985635878,0.8260412685011875,84.08840189210818,48.596951082755865,50.68153976766129,17.6126985635878,38.96372980466832,3
India,2022,7.47052937699435,1.53665241748393,7.6093649776932,2360.0,6.69903414079858,55.9,34.4117962357355,1425423212.0,34.7555673994206,-0.7535037,-0.087658,-0.1104884,99.0,-2.061,7.609,84.598,6.634,5.3,1.6162825501346905,61.405241095908195,100.0,18.45690138103418,91.31690189102308,61.205576681990124,11.004763866332892,24.904135444858362,0.7933308649292536,23.879613147882516,26.339509543739894,54.50908081311536,24.904135444858362,35.2509086005712,3
India,2023,5.77925427513726,0.802254995836756,7.210224629335,2490.0,5.64914318907925,60.25230026,34.504684353812,1438069596.0,35.0676918424186,-0.837974,-0.1271699,-0.0879069,99.0,-0.744,7.21,85.01,5.37,4.939,1.8591714243888158,56.33298492371884,100.0,18.686690805663886,100.0,66.87344888772712,4.695252363690999,28.915432509157352,0.887202052943703,27.30189602374694,26.04518579437962,57.18956708380605,28.915432509157352,37.38339512911434,3
India,2024,5.79397834690285,0.721648483526777,7.09927893176518,2550.0,4.95303550973661,64.9434967,34.3459060404746,1450935791.0,35.3788972368389,-0.785762499999999,-0.0960695999999999,-0.0392287,99.0,-0.61,7.099,84.782,4.639,4.939,1.796005897332797,83.95133847325427,100.0,18.919875427471425,100.0,67.75603151501184,2.5172859910349263,36.019464613881475,0.8946851415110535,56.31789526059395,40.24627876466311,56.75777250201559,36.019464613881475,44.34117196018673,3
Indonesia,2000,1.58304731646304,-2.75743993350903,4.9200677470169,570.0,3.68862037056682,0.925563864466858,22.2456969315568,216077790.0,41.9861540600656,-1.90520269999999,-0.4626283,-0.9501841,99.0,4.452,4.979,87.437,3.688,6.08,1.6177096636866752,41.665739316731546,17.09167321958193,32.05243035512806,14.072200249100758,40.5822481748799,0.0,2.443584061488854,,,25.111959778515427,18.21814947466022,2.443584061488854,15.257897771554836,3
Indonesia,2001,3.49413625120387,-1.85568619300523,3.64346644721492,700.0,11.5001160550887,2.01861385948459,22.539266316067,219097902.0,42.9018895186157,,,,99.0,3.954,3.643,73.702,11.466,8.1,2.324521422060164,14.288676387494478,17.205009162856776,33.160771071367776,40.25689703212662,40.92609866038711,0.0,4.8435757133919015,1.3976966350868425,33.34955499870077,20.780880969905795,27.060998564171246,4.8435757133919015,17.56181841582298,3
Indonesia,2002,3.83582035690569,0.0741516383181159,4.49947539085764,780.0,11.9001200338414,2.13413573295808,21.4040702075173,222088495.0,43.7824069030376,-1.84429769999999,-0.5720758,-1.1356188,99.0,3.676,4.499,62.339,11.908,9.06,2.7943197434722857,47.79346737539463,17.323282748468817,34.163123264576804,36.78451084742711,7.317768207811016,2.5551757361734793,4.539848088529819,1.3649573878621535,39.00844391738829,30.939838575208,15.552484930470534,4.539848088529819,17.010723864736118,3
Indonesia,2003,3.89289335558507,-0.254256320381005,4.78036912167654,880.0,6.75731256333564,2.38701977959476,25.5984983869787,225048008.0,44.6301761521872,-2.12691289999999,-0.5885779,-0.935414899999999,99.0,3.175,4.78,55.643,6.791,9.67,2.967741935483871,17.97573533309024,17.445035854465605,35.06859645846562,11.665436516917783,37.71467553065905,0.0,4.390978067847976,1.3325827616599506,72.4771485228964,32.12230556248403,16.460037349192277,4.390978067847976,17.65777365984143,3
Indonesia,2004,4.96716786881504,0.738243979887563,5.03087394501685,1060.0,6.06406189133648,2.60028587633414,24.0563663747717,227926649.0,45.4476736441888,-1.6568197,-0.5018689,-0.769980799999999,99.0,1.882,5.031,51.328,6.062,9.86,3.199691595990748,35.361137382974455,17.563468272400502,35.886410061957754,36.599483401500734,20.2681556991546,3.5079467881062234,4.156387162206674,1.2791230749307436,39.210662569693234,28.41447540265405,20.125195296253853,4.156387162206674,17.565352620371524,3
Indonesia,2005,3.95336562066377,2.91611483313067,5.69257130383384,1200.0,10.4532001873347,3.60202476259646,25.0814099389568,230871650.0,46.2373757571669,-1.403589,-0.4030391,-0.765255999999999,99.0,0.513,5.693,42.612,10.464,11.24,3.222416812609457,32.30672834896951,17.68602245607634,36.62513663533236,41.96971149058301,37.261390204685696,19.13359267005595,5.804277295821932,1.2920827875638086,39.26344103390874,27.854430707705014,32.78823145510822,5.804277295821932,22.14897981954505,3
Indonesia,2006,3.17329260031525,1.34794264068931,5.50095178520348,1350.0,13.108670985346,4.76481313366657,25.4002172943548,233951652.0,47.0017588692457,-1.1230422,-0.1787479,-0.6506633,99.0,2.406,5.501,35.848,13.099,10.28,3.255813953488372,4.920801468423814,17.822152201711898,37.29285743021731,21.998043069248627,41.71727724679191,5.384153200623586,7.791438961356301,1.3340754484147288,29.559336630645582,18.75720237069377,23.03315783888804,7.791438961356301,16.5272663903127,3
Indonesia,2007,5.00674190790194,1.6030105718879,6.34502222667214,1570.0,6.40656087966005,5.78627472934199,24.9202838487256,237062337.0,47.7432993585496,-0.8635335,-0.2282939,-0.626456999999999,99.0,1.446,6.345,38.121,6.319,9.11,3.3941093969144456,33.61427551636268,17.965003877336034,37.897266142153725,56.42750356228663,34.046879738429084,5.927302102166895,7.9921308637258885,1.329627285555568,21.606202015428508,24.12796326771484,32.1338951342942,7.9921308637258885,21.417996421911642,3
Indonesia,2008,5.33615021871647,1.82632902403998,6.01370360009123,1900.0,10.2266663272483,7.917500019,27.8162445798583,240157903.0,48.4644736032029,-0.711286,-0.1516209,-0.5772889,99.0,0.022,7.442,30.252,9.871,8.39,3.994565217391304,25.74348889568961,18.106489240511408,38.44576002841811,70.03675560976525,38.48508332931756,18.833523916906586,11.191480109043326,1.3058025324368616,15.995721326184992,21.044883866921005,42.45178761866313,11.191480109043326,24.89605053154249,3
Indonesia,2009,4.85894451165964,0.90391941965406,4.62887118256153,2110.0,4.38641311792074,6.92,30.9851924139981,243220028.0,49.16775798133,-0.637084499999999,-0.1179653,-0.5530581,99.0,1.837,4.702,26.483,4.804,7.87,4.424538545059717,52.22765235345771,18.246271606408538,38.94552021105387,52.441663088859926,49.29154681924855,7.051762515103427,9.741203839637377,1.2750465263681177,30.290454737779804,31.472041461837776,36.26165747440397,9.741203839637377,25.82496759195971,3
Indonesia,2010,4.73974198886131,2.02517914569356,6.22385418062366,2490.0,5.13420639015885,10.92,32.8801214533558,246305322.0,49.8521375148888,-0.778454699999999,-0.1461447,-0.6518311,99.0,0.702,6.378,26.363,5.137,7.14,4.414414414414415,18.867191785071967,18.3885934743871,39.39936342622061,29.566784347184473,48.47261290513457,6.701082929511723,15.081272084805653,1.2685197125295922,49.49029264582527,28.042815567883068,28.246826727276925,15.081272084805653,23.79030479332188,3
Indonesia,2011,5.06001921355895,2.30298429381592,6.16978420771008,2960.0,5.35604849112582,12.28,32.9843332593045,249470032.0,50.4830017089844,-0.7510901,-0.151232199999999,-0.285231299999999,99.0,0.189,6.17,23.106,5.345,6.56,4.912870039890825,31.00937625515387,18.523281769606502,39.76904814920334,61.81513952159576,47.960132290865275,10.880803082140371,16.13824621536704,1.2848727645438318,50.44537647822295,31.534167730617746,40.2186916315338,16.13824621536704,29.2970351925062,3
Indonesia,2012,5.51610677482559,2.30978031853073,6.03005065305615,3520.0,4.2795142691943,14.52,35.0715936108893,252698525.0,51.1593933105469,-0.5992727,-0.179268799999999,-0.3852324,99.0,-2.66,6.03,22.955,3.979,6.14,5.43563579277865,20.91057463132643,18.636125514998255,40.24753668188016,66.28947850827886,59.07507430025773,10.29533848010211,18.583569432776123,1.2941406124483912,46.59098464663396,28.296182938154804,45.219963762879566,18.583569432776123,30.69990537793683,3
Indonesia,2013,5.47790527559351,2.55135633401058,5.5572636889101,3670.0,6.41249457900391,14.94,33.8313567879018,255852467.0,51.8307495117188,-0.6180612,-0.0485665,-0.419998,99.0,-3.19,5.557,24.884,6.41,6.25,5.27689725899683,56.770643698605696,18.743459587504255,40.94567022477007,72.81019733462239,52.171819752787485,10.760528597103889,16.611442812278224,1.2481046337725843,86.0596724476281,47.26322090750017,45.24751522817126,16.611442812278224,36.37405964931656,3
Indonesia,2014,5.28372537320206,2.81997260412102,5.006668425755,3570.0,6.39492882396559,17.1431598350566,34.6003439149803,258877399.0,52.5002136230469,-0.385008199999999,0.0028168,-0.338428,99.0,-3.146,5.007,24.645,6.399,5.94,4.881123919308358,69.53816527804125,18.845887279696043,41.63542093958792,70.37553999329971,56.0792911218295,12.387633605236406,13.602210934606376,1.1822954202743707,61.75779948910321,44.45312740651018,46.280821573455206,13.602210934606376,34.77871997152392,3
Indonesia,2015,4.8414945238228,2.29761639380441,4.87632230022123,3390.0,6.36312061196646,22.062742603379,34.0627921803386,261799249.0,53.1720771789551,-0.5390218,-0.1393886,-0.3812221,99.0,-2.035,4.876,27.013,6.36,6.18,4.819277108433735,36.35135758819479,18.948084449604767,42.332802815047934,62.807649366495276,59.46443343446227,9.28912543444052,21.534309641800345,1.1286616797320237,51.826282230213536,33.8324299354725,43.85373607846602,21.534309641800345,33.07349188524629,3
Indonesia,2016,5.04453523751019,0.487372471368879,5.03306918280177,3370.0,3.52580452815451,25.447353701827,33.8587393039462,264627418.0,53.812557220459,-0.463383,0.0343509,-0.321809499999999,99.0,-1.819,5.033,27.955,3.53,5.61,4.759196056124384,58.8830221734564,19.04331897306754,42.996222777216055,69.97233751456154,60.63411231884287,8.359930384133815,12.76669419165811,1.0802815557350964,47.19167867727912,38.45752992101899,46.3221267391794,12.76669419165811,32.51545028395216,3
Indonesia,2017,4.98163572725232,2.01948919812582,5.06978590134916,3490.0,3.80879857691949,32.335806250688,33.7105947957751,267346658.0,54.4541015625,-0.5816146,0.1002062,-0.3165999,99.0,-1.595,5.07,29.396,3.807,5.5,4.633204633204633,57.12243690813617,19.122888989814534,43.665637820473364,48.91198917073079,54.937835113918396,4.845497229379958,18.437999515608723,1.0275730385579385,55.503041253173954,40.23108015374703,36.231773838009715,18.437999515608723,31.63361783578849,3
Indonesia,2018,5.13689124339334,1.81428979349441,5.17429153955024,3810.0,3.19834755924996,39.9046386385762,34.5705858319707,269951846.0,55.0956840515137,-0.5428012,0.0734587999999999,-0.2197187,99.0,-2.939,5.174,30.423,3.291,5.34,4.862617498192336,40.89935251221787,19.21912367371153,44.33985788859045,58.711680055361505,54.96982825097775,7.121916686163268,26.45980057138769,0.9744606569946246,49.60304603127976,34.9262184825701,40.26780833083418,26.45980057138769,33.88460912826399,3
Indonesia,2019,5.16069921057434,2.23336204282241,5.01928768046282,4020.0,3.03058460941661,47.6906489788375,33.7801423773995,272489381.0,55.7382049560547,-0.5802685,0.1109826999999999,-0.1919729,99.0,-2.706,5.019,30.563,2.822,5.28,4.8541994063209355,37.359343175567425,19.33107741910068,45.02006947309338,64.23308546168155,58.88593073139877,6.117900029664389,27.746059518942157,0.9399954242209629,52.34586373704965,34.89486894800785,43.07897207424824,27.746059518942157,35.239966847066086,3
Indonesia,2020,-2.66609987603441,1.81058402027127,-2.06551182934165,3850.0,1.91983527270793,53.72649449,32.3434120537481,274814866.0,56.2785287648768,-0.539945999999999,0.2247808999999999,-0.1479773,99.0,-0.419,-2.066,39.747,2.031,7.07,4.827586206896552,31.258865843963758,19.44968327269147,45.577964916808696,57.478045750101025,59.31037948494408,11.384753883239302,29.266526496237145,0.8534222476728415,51.6350076387343,33.32485615160083,42.72439303942814,29.266526496237145,35.10525856242204,3
Indonesia,2021,2.00563849274586,1.7878556314554,3.70288562827751,4130.0,1.56007882983334,62.10447842,31.4488724858485,276758053.0,56.8761702464027,-0.6496757,0.3421673,-0.1436778,99.0,0.296,3.703,41.14,1.561,6.49,4.4945567651632965,28.558785370027916,19.54418439709916,46.21178027143555,70.94342148254876,47.85239552863074,4.31336865092959,39.49326982299283,0.707089477466627,82.0514950559567,40.32915436564587,41.03639522070303,39.49326982299283,40.28627313644724,3
Indonesia,2022,4.95554987838472,1.87264100861425,5.30719722664799,4520.0,4.20946463714784,66.48461277,29.7453138212259,278830529.0,57.4934704226599,-0.7624666,0.2811244,-0.1291182,99.0,1.002,5.307,40.141,4.139,5.86,4.848847650404071,36.78901631756168,19.535539736060937,46.87494403554287,77.26295194438877,38.415827898440845,12.133377794315784,43.359041157192685,0.7488403598503446,22.562181135464865,27.768747284743373,42.60405254571513,43.359041157192685,37.910613662550396,3
Indonesia,2023,4.94314697203188,1.57116966408747,5.04883117855516,4810.0,3.66938654859761,69.20836554,30.3426390629498,281190067.0,58.1179353397878,-0.613745,0.3408081,-0.0817572,99.0,-0.149,5.049,39.601,3.713,5.32,5.255453081540038,49.411432713487926,19.527618175743797,47.552006542749346,76.6061548386382,46.06232930681641,7.773674134261569,45.35833814842335,0.8462265622284137,26.573762737997885,32.1981637689438,43.48071942657206,45.35833814842335,40.34574044797973,3
Indonesia,2024,5.11085982428132,1.73855290316368,5.03257477088519,4920.0,2.18151273615189,72.78075544,31.396316156558,283487931.0,58.7509635387997,-0.609127499999999,0.1247201999999999,-0.206598099999999,99.0,-0.615,5.033,40.165,2.3,4.91,4.972523790376624,71.81093765045793,19.512613908784946,48.24481675856672,74.39448823534104,52.25528692840826,6.854262334215974,51.17895171152471,0.8171924508272088,53.295079754561804,44.58083948849077,44.50134583265509,51.17895171152471,46.75371234422352,3
Laos,2000,,1.95760389973722,5.79878232861959,280.0,25.0846414281315,0.111044032290124,13.41565795568,5431212.0,22.1840964350091,-0.6018274,-1.4907046,-1.326725,93.3,1.459,6.429,,8.369,,0.38314176245210724,,0.4043977564028179,8.859662011802188,22.62728571091545,0.0,24.938968785704365,0.17806979260802352,,,4.621401887127147,15.85541816553994,0.17806979260802352,6.88496328175837,3
Laos,2001,19.3877677920869,1.35157901983042,5.75141287983195,300.0,7.81180794783471,0.181664460654566,13.5436071724261,5521482.0,23.3728884682287,,,,93.3,-12.26,4.772,94.725,7.809,,0.5013673655423884,100.0,0.4080274512802194,10.300060603901715,56.6109987095639,0.0,15.422846206148419,0.43526419908184427,1.6620599600972952,46.534504343707326,39.33398307828786,24.011281638570775,0.43526419908184427,21.260176305313493,3
Laos,2002,-1.19884815832779,0.253176893420544,5.91874368370564,310.0,10.6313446323333,0.267899241309349,29.0404231808259,5610889.0,24.5247834668291,-0.0799686,-1.3817169,-1.5373033,93.3,-9.34,6.809,95.308,10.633,,0.641319285387082,0.0,0.4117611992909385,11.6103651235428,48.705755313165554,55.58017265461235,5.2066001232773145,0.5690961169382359,1.6192572936034155,53.32882030714819,16.39512617901952,36.49750936368507,0.5690961169382359,17.820577219880942,3
Laos,2003,15.0742136153709,0.962969691363706,6.06700230344272,330.0,15.4893529233525,0.333912466428616,27.7715216255189,5697945.0,25.5945881340707,-1.0092662,-1.4538744,-1.6175273,93.3,-11.589,6.179,90.148,15.489,,0.6021505376344086,94.99261313482583,0.4154570108443559,12.745833600271272,24.20502699597662,47.501530747182166,6.870511758858812,0.5757777031593452,1.5515544862855002,78.15266967618332,46.62331673722871,26.19235650067253,0.5757777031593452,24.46381698035353,3
Laos,2004,10.6045456923067,0.714895049062071,6.35769548008234,380.0,10.4622667314208,0.361434490258043,31.754243509919,5781626.0,26.5371091732139,-0.513960899999999,-1.3157016,-1.4097613,93.3,-13.873,7.187,80.653,10.467,,0.5782575173477255,85.20829134588548,0.4189721735923883,13.661433475604689,46.45690826336248,55.18485095778253,3.3978542618899654,0.5439185061842677,1.4686171944446658,50.08268498796091,37.3826668316997,35.01320449434499,0.5439185061842677,24.313263277409657,3
Laos,2005,6.85652011686328,1.01332132437858,7.10756836811267,450.0,7.16541759946639,0.850399971,34.0580868030095,5869523.0,27.3224977292697,-0.3800286,-1.226348,-1.1632985,93.3,-15.668,6.94,73.203,7.167,,0.5954465849387041,53.064327013366416,0.4227997189457285,14.328460692525544,52.3948942835825,74.56656908232047,6.518277705668579,1.2885903785897153,1.5202816647081674,52.02270455489625,30.002734711431728,44.49324702385718,1.2885903785897153,25.261524037959543,3
Laos,2006,4.64225053884182,5.42138961728604,8.61926620832807,500.0,6.54559439052787,1.16989994,30.0695410386414,5963200.0,28.0378756242097,-0.0903443,-1.1865629,-1.0987704,93.3,-9.264,8.954,60.007,6.546,,0.6201550387596899,24.3312927391344,0.4271555489801512,14.854925435656794,54.10759078308911,60.76211604230301,20.81348984768169,1.6795069887830254,1.5959899978243541,39.56014743627495,19.84163016245646,45.227732224357936,1.6795069887830254,22.24962312519914,3
Laos,2007,0.502665440784995,7.66062749777557,7.59682880054878,600.0,4.66197269469701,1.64,32.312243033777,6056236.0,28.7343050001346,-0.153318099999999,-1.1761206,-1.0493587,93.3,-10.386,7.851,55.93,4.662,,0.6732117812061711,0.0,0.43152197638636786,15.306660477134788,63.4152171963294,62.67330653208349,29.130888178698545,2.041924397171853,1.5601690367587961,27.786348890472045,10.94155528720325,51.73980396903715,2.041924397171853,21.57442788447075,3
Laos,2008,17.0588337837966,4.18200303606929,7.82490276337012,740.0,7.62880887577516,3.55,31.68198579384,6148969.0,29.4034348148069,0.0129444,-1.0242586,-1.02587,93.3,-15.608,7.822,51.723,7.629,,0.842391304347826,100.0,0.43579818254774205,15.679178648132122,82.83130960577893,55.29734808129627,43.23174174203675,4.8415236987496355,1.5311985860524624,20.547380819495803,34.26723769299394,60.45346647637064,4.8415236987496355,33.18740928937141,3
Laos,2009,4.2142490338378,5.45905949594973,7.50177491225853,880.0,0.141187674980385,6.0,33.9384705525426,6241642.0,30.0420311503825,-0.0651815999999999,-1.0216488,-1.0303478,93.3,-17.769,7.373,51.823,0.141,,1.0857763300760044,46.38013712560778,0.44006310049927394,15.973657159644405,75.51670803514456,60.03209035450025,44.96575972482307,8.403605700662931,1.507130707603177,39.34467780879884,25.696062106031757,60.171519371489296,8.403605700662931,31.423729059394663,3
Laos,2010,17.3830053335339,3.90935018167503,8.52690551739717,990.0,5.98254521550082,7.0,27.4624877401915,6334194.0,30.6468600890172,-0.2200354,-0.948435799999999,-0.946446799999999,93.3,-16.482,8.018,49.315,5.983,,1.0360360360360361,100.0,0.4443135956295301,16.19095573128845,49.11998518855067,27.359936770074928,15.054469814362633,9.540636042402827,1.482814938761301,63.01100027045198,45.05949800944412,30.51146392432941,9.540636042402827,28.370532658725452,3
Laos,2011,3.20231109313569,3.43702755895922,8.03865268023725,1130.0,7.5689885610998,9.0,28.0678025249814,6426590.0,31.2146877128668,-0.072408,-0.927360699999999,-0.957751799999999,93.3,-15.264,7.986,43.005,7.569,,1.0707537266428722,18.17331573580743,0.4482404712989562,16.331664369888877,83.49091923005449,28.702551017423218,17.48936345041978,11.453870322764924,1.4586859827785403,60.92485685528898,24.125147671907037,43.22761123263249,11.453870322764924,26.268876409101484,3
Laos,2012,14.8994602830988,6.06067602678934,8.02609843461283,1350.0,4.2551267783209,10.74769974,32.504255276611,6518978.0,31.7422801040872,-0.0728091,-0.8473352,-0.8974981,93.3,-7.337,7.805,46.103,4.255,,1.1773940345368918,100.0,0.4515800895490125,16.492296457493115,92.14821458935049,49.29704473369766,30.76984677006512,13.240367933176078,1.437589763778302,53.03140425017945,42.67527368555237,57.405035364371095,13.240367933176078,37.77355899436652,3
Laos,2013,4.86869294144942,5.68624628337024,8.02630022699017,1590.0,6.37142717782947,12.5,30.6473220372757,6611385.0,32.2264033448341,-0.0505462999999999,-0.8088113,-0.8536497,93.3,-7.834,8.026,49.493,6.371,,1.3984710050344957,49.12548439021745,0.45494951450240784,16.911218539692907,96.21164834898842,39.57683787462017,25.978611833255112,13.526821783823351,1.4175074681951783,89.69621520567524,39.28284728515502,53.92236601895456,13.526821783823351,35.577345029310976,3
Laos,2014,4.67058881700166,6.53385086120159,7.61196343979319,1810.0,4.12924306873771,14.26000023,29.8013514004447,6703172.0,32.6638235172635,0.3772453,-0.745683299999999,-0.779778,93.3,-14.507,7.612,53.534,4.129,,1.7110951008645532,64.79770533632754,0.4583800314012264,17.261783773844606,94.7747261506709,36.40126033722732,29.514322427195534,9.577095248071558,1.3883172739146188,76.15523597139516,39.981455045607966,53.56343630503125,9.577095248071558,34.37399553290359,3
Laos,2015,4.50422633939387,7.47075777292731,7.27006584373785,1960.0,1.27735427102992,18.20000076,31.556651604237,6801645.0,33.1240204432199,0.4046383,-0.6993587,-0.7713994,93.3,-15.727,7.27,53.052,1.277,,2.084528590552687,30.92360507366021,0.46246616233772475,17.64421593552954,91.34319561554075,47.75023336703568,32.34115552367724,16.212245298165403,1.4690507717838752,78.28973656572408,32.23552154136663,57.14486150208455,16.212245298165403,35.19754278053886,3
Laos,2016,4.53091349383099,5.87774436155716,7.02283625501138,2110.0,1.59691227583204,21.87000084,29.0076540961796,6908802.0,33.8267455533474,0.3452009,-0.665338,-0.7516558,93.3,-8.708,7.023,54.474,1.597,,2.370117557830868,54.129132179716954,0.4671625691903914,18.33006489256281,88.50900319973148,37.57008997210168,33.28474086260065,7.932433567567567,1.5754571136835205,84.40238537283243,39.807925000735764,53.12127801147793,7.932433567567567,33.62054552659375,3
Laos,2017,,9.87799160512334,6.8925308726989,2240.0,0.825478607568026,25.51040077,,7018147.0,34.5115346444216,0.2776591,-0.6856629,-0.822191799999999,93.3,-7.387,6.892,57.198,0.825,,2.3349880492737634,,0.4718053338045511,18.99927210822108,72.74322930092671,,31.98330988824441,9.535300406621944,1.5826911814812439,88.31749223465127,36.55058413071537,52.36326959458556,9.535300406621944,32.81638471064095,3
Laos,2018,,7.4856486219066,6.24796000755872,2460.0,2.04039266890201,36.27130127,,7128045.0,35.2050070032013,0.2651475,-0.792704499999999,-0.8579945,93.3,-9.095,6.248,60.588,2.04,,2.4222704266088213,,0.4770825882745249,19.68481331623146,71.01895417404089,,32.23859256542038,21.61009366187631,1.565911913785789,89.78284953276788,37.29664442520272,51.62877336973064,21.61009366187631,36.84517048560323,3
Laos,2019,,4.03149139231071,5.4577350924848,2520.0,3.32255881256925,47.03229904,,7237636.0,35.9072880879451,0.3582008,-0.720662799999999,-0.944245599999999,93.3,-7.03,4.652,69.129,3.323,,2.2350270647808625,,0.48283555732360334,20.387032547884612,69.60790566618894,,12.625078236966282,26.74058435875248,1.5374622354376255,94.8865776267238,39.16954574646309,41.116491951577615,26.74058435875248,35.675540685597724,3
Laos,2020,,5.09807193491087,0.503031829018681,2470.0,5.10407262959919,54.0,,7346533.0,36.6185033569111,0.5456553,-0.775701299999999,-0.875201399999999,93.3,-1.645,-0.435,75.42,5.104,,2.3230490018148817,,0.4890735691808843,21.106268007642996,77.28740712117475,,25.40825495554711,29.720881787781884,1.5045934888131995,80.50008331723028,34.643133442229384,51.34783103836093,29.720881787781884,38.57061542279073,3
Laos,2021,,5.69344695957329,2.52835100486102,2500.0,3.75562036658877,62.0,,7453194.0,37.338778268357,0.583086,-0.742067799999999,-0.7575675,93.3,2.329,2.061,92.207,3.754,,1.9595645412130638,,0.4952404759341927,21.84285156907342,65.64256668104011,,16.576450553411135,39.31531715882507,1.4518549089754362,94.80471033397495,39.53570881475381,41.10950861722562,39.31531715882507,39.9868448636015,3
Laos,2022,,4.69509225789707,2.70742652643155,2300.0,22.9562225132056,64.54000092,,7559007.0,38.0682382805397,0.7033051,-0.818860399999999,-0.8397916,93.3,-3.034,2.252,115.72,22.959,,1.5264890751272073,,0.49851209203638996,22.59710825515868,61.39223736375929,,21.614228856183402,39.96849403764624,1.4197000641604118,42.42736470062285,22.183654010302917,41.50323310997135,39.96849403764624,34.551793719306836,3
Laos,2023,,11.2425630959408,3.74568140158232,2110.0,31.2301341732646,64.39800262,,7664993.0,38.8070088517156,0.7378068,-0.7700083,-0.8447129,93.3,2.698,3.658,108.885,31.23,,1.3028839115795638,,0.501251435153012,23.369355703617405,62.50151133027262,,46.4940020480253,36.52674289857452,1.402115383674074,36.45189102895136,20.374710214716107,54.49775668914896,36.52674289857452,37.133069934146526,3
Laos,2024,,5.98958863567394,4.13019264438475,2000.0,23.1305695942588,65.59269714,,7769819.0,39.5552154401406,0.5576599,-0.636028199999999,-0.742416699999999,93.3,4.339,4.299,94.682,23.132,,1.058839297681276,,0.5037734344147459,24.159903617941385,63.21438970276413,,24.984423881254312,37.2752028790653,1.3675942039346856,74.7650137465094,33.32791888737735,44.09940679200922,37.2752028790653,38.23417618615062,3
Malaysia,2000,13.0284321549706,4.03842862393763,8.85886816969386,3490.0,1.53474023697699,21.3847311644538,26.8674891484592,22967816.0,61.9694564490726,0.0161148999999999,0.4097445999999999,-0.0264614,99.0,8.309,8.671,32.518,1.551,3.1,14.048531289910601,97.29817205150977,1.793635333462763,55.45747804352692,52.42000389152306,61.823685417849376,35.944937061004104,59.34893322121736,,,55.601393794982435,50.06287545679218,59.34893322121736,55.00440082433065,3
Malaysia,2001,3.02742703231749,0.597029318252079,0.517675319192861,3570.0,1.41678473206098,26.6959725007084,24.398219973396,23526538.0,63.0180877676224,,,,99.0,7.211,0.518,38.065,1.427,3.675,15.405651777575205,11.771802582410174,1.8240573498425783,56.70885643887698,16.00604077737878,49.38348011183033,11.794426593150774,64.06430564212731,2.4326300767996356,84.96618905297791,42.213124962960066,25.72798249411996,64.06430564212731,44.00180436640244,3
Malaysia,2002,3.87210415422716,3.16612432250471,5.39098830692797,3810.0,1.80787246281536,32.3382043389359,24.7773431485884,24102477.0,64.056368465184,0.3662257,0.5675736,0.2232436,99.0,6.546,5.391,39.532,1.793,3.475,16.674301420064133,48.13790484497026,1.8563489084719011,57.906123182833035,44.27283667728907,28.637141940333382,48.348333659175644,68.80440700373937,2.4480397413338073,100.0,55.67958236196685,40.41943742559937,68.80440700373937,54.967808930435204,3
Malaysia,2003,8.11346873840739,2.92094209456765,5.7884992858875,4170.0,1.08967632577286,34.9711523397291,22.7633850643195,24679602.0,65.0750932867555,0.3617264,0.7165568999999999,0.3410072,99.0,11.149,5.789,41.393,1.074,3.6,17.118279569892472,47.04703737609837,1.889127088906176,59.04405949202418,21.490722844011064,24.94590107892274,17.92209321533124,64.94065982548499,2.394463440417338,100.0,55.80234410950376,21.452905712755015,64.94065982548499,47.39863654924792,3
Malaysia,2004,9.84907689179965,3.50787262049412,6.78343772370305,4720.0,1.42127115937402,42.2522656295248,23.0495646010531,25256772.0,66.0647889111941,0.1553244,0.5752967999999999,0.3711285,99.0,11.099,6.783,41.96,1.42,3.55,17.30917501927525,78.52824065704834,1.9220063632024724,60.11704076526816,49.619897456784365,15.701417350179153,16.5670207133403,68.13630780298104,2.338651976640471,100.0,63.98861411039793,27.296111840101272,68.13630780298104,53.14034458449341,3
Malaysia,2005,9.10930253139404,2.73438734940078,5.33213916141486,5240.0,2.97507092684449,48.6291702459839,22.3964178094036,25836071.0,67.0159820173565,0.4092882,0.5598434,0.2772333999999999,99.0,13.764,4.976,40.778,3.039,3.55,17.373029772329247,69.1717554331273,1.9547273056374297,61.1187574582275,39.31417879440362,26.103128278255777,17.928759126955594,79.69825164894425,2.293638316092017,95.26332621874799,60.731717220608004,27.78202206653833,79.69825164894425,56.07066364536353,3
Malaysia,2006,6.61023865518521,4.72716484834358,5.5848470671515,5790.0,3.60923564224389,51.6379889864403,22.7035242231695,26417909.0,67.9191992840997,0.2101206,0.6788801999999999,0.3835036,99.0,15.362,5.584,39.662,3.621,3.325,17.02325581395349,50.335860433878246,1.9878029917181805,62.04222439605866,22.86191989279768,30.718235922116627,18.18391648382549,87.48339443203102,2.252037471177415,64.61032763933785,48.50291707080706,23.921357432913265,87.48339443203102,53.30255631191712,3
Malaysia,2007,10.4438326008287,4.68684578287436,6.29878592740947,6560.0,2.02735317779569,55.7,23.4095349745995,26998389.0,68.7649673902807,0.158114,0.7212038,0.2985608999999999,99.0,14.663,6.299,39.348,2.027,3.225,17.391304347826086,74.19170929081153,2.0210421622295063,62.879766740116416,56.16940776259379,28.196287092270435,17.73987404909267,79.62196493465925,2.1972972955581094,44.86588523072246,49.832166402369126,34.035189634652305,79.62196493465925,54.49644032389356,3
Malaysia,2008,8.71934316713224,3.28081949125174,4.83176988913097,7420.0,5.44078221100769,55.8,21.4583043811993,27570059.0,69.5438130147565,0.1350346,0.6129114999999999,0.2195174,99.0,16.295,4.832,39.361,5.429,3.325,18.994565217391305,47.17408568245386,2.0533666105755155,63.62300778933035,61.687417231531164,10.834144484654065,33.89799169232573,80.8083745274789,2.1174226358469106,32.38561941618667,40.544319526340544,35.47318446950366,80.8083745274789,52.27529284110771,3
Malaysia,2009,0.553880589333716,0.056692316075743,-1.51352871598714,7500.0,0.583308405623702,55.9,17.8356949570531,28124778.0,70.2462628363839,0.0283292999999999,0.5057859,0.2116536,99.0,14.829,-1.514,50.408,0.597,3.675,19.055374592833875,13.179872884427624,2.084329858140071,64.26286010295588,3.1061589882705816,1.4691801888556675,0.0,80.95376562982037,2.012034141820296,59.04230777391597,38.88510383853334,1.5251130590420832,80.95376562982037,40.454660842465266,3
Malaysia,2010,6.86192061413064,4.26864663854031,7.42484738326097,8130.0,1.62285235577035,56.3,23.3865410976414,28655776.0,70.8625314831025,0.1752998999999999,0.6535173,0.2255439,99.0,9.941,7.528,51.212,1.72,3.3,17.117117117117118,32.48537774766571,2.1134507042596864,64.78914448653337,39.763370469829106,11.475854167952686,16.647394370167845,79.2226148409894,1.8880077915637283,88.57617122953975,50.741952645213985,22.62887300264988,79.2226148409894,50.86448016295109,3
Malaysia,2011,6.86434996091751,5.07446032143377,5.29391283414003,8890.0,3.1744709215131,61.0,23.1882579658738,29162039.0,71.4245166681964,0.0582972,0.5248522999999999,0.1386142,99.0,10.741,5.293,51.898,3.183,3.05,17.363006508503045,43.47661931416316,2.139066507290353,65.2416620539903,51.65648190307598,9.589841059486993,27.0313920417577,85.71836618109113,1.7667049044492789,79.49581640713836,51.39427607094872,29.425905001440224,85.71836618109113,55.51284908449336,3
Malaysia,2012,8.3454078728834,2.82905738174529,5.47345419253853,9980.0,1.66357102479206,65.8,25.7486213670602,29662831.0,71.9680127926087,-0.0196796999999999,0.754922,0.2392426,99.0,5.094,5.474,53.788,1.655,3.025,18.112244897959183,44.75789082196716,2.1611471568668335,65.7051703310361,59.07878890997728,23.56736694776901,13.129846118415026,91.21813031460006,1.717273610394665,65.58833687643366,48.540910731849024,31.925333992053776,91.21813031460006,57.22812501283429,3
Malaysia,2013,7.24894837565304,3.49431175959971,4.69372252557893,10590.0,2.10501231233612,57.05751226,25.9371066959614,30174265.0,72.4882717118078,-0.0428372,0.8446929999999999,0.1917655999999999,99.0,3.435,4.694,55.656,2.105,3.1,18.18012306544844,78.99591046212211,2.183917968542957,66.27129011665473,64.62558122185439,20.944793467927116,15.338033513194146,69.85593624809873,1.7241577514971462,96.27902635400008,64.93158749955634,33.63613606765855,69.85593624809873,56.14121993843787,3
Malaysia,2014,6.97639355095627,3.14122940365348,6.00672194558203,10840.0,3.14299050879095,63.6654258813225,24.9776084262813,30696137.0,72.9802206910773,0.0879800999999999,0.8827965,0.2420724,99.0,4.327,6.007,55.373,3.143,2.875,17.975504322766568,82.62501454532706,2.2078483378732585,66.7998918320259,79.74127088600711,16.621741520498862,13.869121380728554,78.55092293360606,1.7295268004042574,100.0,66.85010267502989,36.744044595744846,78.55092293360606,60.71502340146026,3
Malaysia,2015,6.01754166372075,3.27094402931735,5.09153242155011,10350.0,2.10438980238359,71.0640678111957,25.424263277142,31232798.0,73.4387869957006,0.0447869,0.7623928,0.1141707999999999,99.0,2.987,5.007,56.971,2.104,3.15,18.12966150315548,55.27781764430897,2.2335611122174073,67.29065447459732,65.37314490049934,19.086229264565855,13.626369730735805,89.04806444433521,1.7483014230748273,100.0,60.17453340551544,32.695247965267,89.04806444433521,60.639281938372555,3
Malaysia,2016,5.85118565859091,4.47130958598651,4.44978139761541,9800.0,2.09056659525742,78.7883099275229,25.9955119994004,31789685.0,73.8588978909614,-0.0158376,0.729094,0.098701,99.0,2.393,4.45,55.787,2.076,3.45,16.95108077360637,66.34907557250499,2.26055716849465,67.73708455576694,64.53842978573579,23.24914740847688,26.78145668377954,84.84906746962555,1.7830198882597736,100.0,62.75931022546958,38.18967795933074,84.84906746962555,61.932685218141955,3
Malaysia,2017,6.90826593695486,2.9358203805856,5.81272240983328,9560.0,3.87120115774237,80.1404790103961,25.5473434515187,32355644.0,74.2354806421432,-0.011848,0.7662251999999999,0.1306432,99.0,2.791,5.813,54.395,3.799,3.425,15.793344364772935,76.82157439851204,2.287095462287259,68.13263510700881,58.62541513731777,13.321381089114784,8.009869100148425,80.79189464864314,1.7803227682186895,100.0,65.18688846757345,26.652221775526993,80.79189464864314,57.54366829724787,3
Malaysia,2018,7.97993747640615,2.31458721219734,4.84308697634881,10200.0,0.884709160571235,81.2010486181174,23.8974199608763,32910967.0,74.5634625145296,0.1769644,0.7479363,0.2863953999999999,99.0,2.231,4.843,55.646,0.969,3.325,16.413593637020966,80.19143079286529,2.3156701955917844,68.47070796295685,54.915139996549534,0.0,9.337577604290807,81.58143242091718,1.7163095254725924,100.0,66.26893309821078,21.41757253361345,81.58143242091718,56.42264601758047,3
Malaysia,2019,7.68768167459078,2.50697705748044,4.41318742129586,10750.0,0.662891865764326,84.1871450078281,21.0482403944815,33440596.0,74.8377707734042,0.1608891999999999,0.7557539999999999,0.3389272,99.0,3.498,4.413,57.083,0.663,3.275,16.605552645364067,90.49892114402815,2.344763845766985,68.74465634738016,56.80304977301287,0.0,7.108074435682505,83.48589942218359,1.609278147311799,100.0,68.9622825341931,21.303708069565126,83.48589942218359,57.917296675313935,3
Malaysia,2020,-3.94478420721832,1.20275464255821,-5.45684658426701,10110.0,-1.1387021539305,89.55501192,19.6580082281542,33889558.0,75.0511895575672,0.1400703999999999,0.637551,0.3499705999999999,99.0,4.166,-5.457,67.693,-1.139,4.525,16.18874773139746,27.627018966378998,2.370686737105044,68.94512012461236,31.323078334252735,8.849316552959168,8.791924296799975,88.7858995520979,1.3425657844136518,73.31772996066087,46.51965419576242,16.32143972800396,88.7858995520979,50.54233115862143,3
Malaysia,2021,1.78830923854719,5.41626377085161,3.31534954399166,10520.0,2.47710241465447,96.7514278,22.1257083996672,34282399.0,75.5088628191907,0.196108,0.7295908,0.3016338,99.0,3.886,3.315,69.162,2.477,4.65,14.43234836702955,27.164086515336404,2.392970889682274,69.45228019842334,69.19441172822663,4.57243064441358,15.706129042603449,98.50561847314266,1.1591800636644445,89.79300443195683,50.21042987818653,29.82432380508122,98.50561847314266,59.51345738547013,3
Malaysia,2022,11.4136615295312,3.68486215546291,9.03173723044451,11620.0,3.37869862549928,97.3986404,23.5862921622175,34695493.0,75.9741357073003,0.2483001,0.6557653999999999,0.2952941,99.0,3.188,9.032,65.464,3.379,3.825,15.474408859622867,100.0,2.4028698747294257,69.97225137324433,100.0,8.336949657132621,18.22078100059077,97.25949812215242,1.20497401596662,36.068997464991256,55.37891442446461,42.18591021924113,97.25949812215242,64.94144092195272,3
Malaysia,2023,4.61713172356333,1.97990062716743,3.5370638041057,11700.0,2.48886560125754,97.69272633,22.8017590224926,35126298.0,76.4434752105739,0.2281849,0.588407,0.3016842999999999,99.0,1.099,3.537,69.712,2.489,3.425,15.341824037476211,46.712578684554664,2.4114560553891056,70.50067927512904,60.24353846025098,8.356310919220403,9.41006676273638,97.654256280094,1.2416742428188021,33.60085659297604,41.53898464753399,26.00330538073592,97.654256280094,55.0655154361213,3
Malaysia,2024,5.10318975858846,3.6930953933026,5.10545921024041,11650.0,1.834100204499,98.0206059,21.9538831069426,35557673.0,76.9170296648992,0.3847799,0.6804759,0.3451357,99.0,1.434,5.105,69.839,1.834,3.225,13.99276236429433,71.67462503593364,2.4195521258453976,71.03778749902592,75.29749283788466,2.633221238434195,15.190153473819251,100.0,1.2280684972837186,69.32242986107772,56.5069011900829,31.040289183379368,100.0,62.515730124487426,3
Myanmar,2000,,2.86117768008645,13.7459305561226,190.0,-0.109165514668565,,,45290841.0,27.5346072708149,-1.6348752,-2.0479562,-1.42140429999999,79.0,-8.264,12.418,164.48,4.254,,0.0,,3.562049854521035,15.126342004505458,100.0,,29.718181683964062,,,,7.563171002252729,64.85909084198204,,36.211130922117384,2
Myanmar,2001,,3.21565753506977,11.3439970699605,190.0,21.101305376923,0.0002892773808485,,45771139.0,27.7107064116875,,,,79.0,-6.858,12.468,261.993,-19.791,,0.0,,3.573511508584998,15.377924024059887,100.0,,24.386681233468686,0.0,1.0604748982250056,16.53083962514187,10.636254549733918,62.193340616734346,0.0,24.27653172215609,3
Myanmar,2002,,2.22070502562137,12.0255134340315,170.0,57.0745112621703,0.0004264935063618,,46232653.0,27.8849700456368,-1.51584719999999,-2.1741261,-1.82778319999999,79.0,-1.59,9.928,190.64,21.916,,0.0,,3.585188002854251,15.545506729755381,100.0,,34.346355120668036,0.0,1.008307877153758,18.924459939177872,11.489988889644417,67.17317756033401,0.0,26.221055483326143,3
Myanmar,2003,,2.3777576671811,13.8439968903798,190.0,36.5897175323924,0.0240641491408465,,46667192.0,28.0568026064444,-1.2950773,-2.2218221,-1.8284729,79.0,1.192,13.196,146.029,47.469,,0.0,,3.596167389533845,15.633237431479563,100.0,,14.856142471936366,0.0,0.9398963109471525,62.299120919374474,25.97745278361801,57.42807123596818,0.0,27.801841339862065,3
Myanmar,2004,,2.0001628964787,13.5646616163416,230.0,4.53421374129692,0.024337392002823,,47068772.0,28.2256085278922,-1.0811254,-2.4021448,-1.8172024,79.0,2.27,15.318,126.59,8.005,,0.0,,3.6053920355756164,15.645872315671891,100.0,,9.45801972489023,0.0,0.860518884444561,15.193694892697835,10.279855736123242,54.72900986244512,0.0,21.669621866189456,3
Myanmar,2005,,1.95966396539679,13.5689500216456,280.0,9.36861814196704,0.065200001,,47438365.0,28.390792243762,-0.9344471,-2.31315819999999,-1.8445931,79.0,5.245,13.567,118.964,6.886,,0.0,,3.6121570283128084,15.587755971405064,100.0,,12.792426963464013,0.0,0.7852191257507135,10.923218193132843,8.836991388179301,56.396213481732005,0.0,21.74440162330377,3
Myanmar,2006,,1.90182128285749,13.0761013792372,300.0,19.9964873359214,0.18204833106115,,47785135.0,28.5517581878355,-0.787107799999999,-2.1245544,-1.65708559999999,79.0,7.323,13.307,103.101,16.551,,0.0,,3.618073391326678,15.46294763590127,100.0,,7.482125772926036,0.0,0.7309906233066821,6.53145502098804,7.331467552296437,53.74106288646302,0.0,20.35751014625315,3
Myanmar,2007,,3.5175166973129,11.9914352402146,360.0,35.0245970717698,0.217128445069958,,48125043.0,28.7079107938945,-1.0447303,-2.1230815,-1.6565113,79.0,2.749,12.5,77.365,34.437,,0.0,,3.6245660688843606,15.275293162601002,87.94636440033125,,13.260781293546495,0.0,0.71132581293325,5.031356487803622,6.768883216801541,50.603572846938874,0.0,19.124152021246804,3
Myanmar,2008,,2.71127181000311,10.2553053929808,490.0,26.7995371934022,0.22,,48390793.0,28.8586544957208,-1.1194619,-2.1237348,-1.6929326,79.0,-3.166,7.558,59.813,20.911,,0.16304347826086957,,3.625600421589073,15.028490844254272,100.0,,27.99906496564714,0.0,0.5522072988069837,0.7775804393216658,5.323038253945602,63.99953248282357,0.0,23.107523578923054,3
Myanmar,2009,,2.92355415980151,10.5500090961932,660.0,1.47234311385647,0.219999999,,48660459.0,29.0033937270962,-1.1579001,-2.1529061,-1.6993749,79.0,-3.08,4.385,56.42,3.692,,0.4885993485342019,,3.627350822494344,14.72615232708586,100.0,,23.86187693970165,0.0,0.5572671644376692,2.287966915872886,5.834239530497649,61.93093846985082,0.0,22.588392666782823,3
Myanmar,2010,,1.81897202342465,9.6344394520444,880.0,7.71838195873614,0.25,,49024382.0,29.1415329218024,-1.0884224,-1.67502889999999,-1.4706145,79.0,4.766,5.247,54.39,5.924,,0.7882882882882882,,3.63655046151107,14.371859561195357,58.52309015499265,,5.786872999611868,0.0,0.747882382284959,16.6412868863946,10.600478245292749,32.15498157730226,0.0,14.251819940865003,3
Myanmar,2011,,4.20127651183029,5.59148237823661,1040.0,5.0214601462073,0.98,,49419820.0,29.2724765136213,-1.084601,-1.5954532,-1.38043009999999,79.0,-1.904,5.471,49.937,6.829,,0.8817971866470712,,3.6456293882878574,13.969218477302148,55.10779588295276,,21.942972493990613,0.0,0.8066149615103768,21.610439107119227,12.153818257022815,38.52538418847168,0.0,16.893067481831498,3
Myanmar,2012,,2.22540068514517,7.33267044704149,1170.0,1.46758322674679,1.399999976,,49837446.0,29.3956289363345,-1.05965779999999,-1.76311659999999,-1.43519509999999,79.0,-1.835,6.486,47.98,0.36,,0.8241758241758242,,3.651385510861569,13.621361853565562,83.16487687192785,,9.83474676078215,0.0,0.8450577116630553,26.42856269418093,13.624700123974106,46.499811816355,0.0,20.041503980109702,3
Myanmar,2013,,3.74085607932619,8.42600102501767,1260.0,5.64303883425501,1.799999952,,50262658.0,29.5103946237239,-1.2724274,-1.4584015,-1.26471579999999,79.0,-1.197,7.899,44.846,6.382,,0.7831437628193174,,3.657939726043271,13.581457892330068,100.0,,16.53486403662743,0.0,0.8531978143502705,77.58227276793237,30.64895814102725,58.26743201831371,0.0,29.63879671978032,3
Myanmar,2014,,3.31904421407388,8.16990745558277,1260.0,4.953299184844,7.400000095,,50681634.0,29.6164342116462,-1.1507422,-1.3316118,-1.2517405,79.0,-3.408,8.2,34.483,5.739,,0.7204610951008645,,3.6651085635515726,13.517354427487529,100.0,,14.689121045553263,0.0,0.83357310709673,37.38801897688594,17.20861149982478,57.34456052277663,0.0,24.85105734086714,3
Myanmar,2015,,6.85124098710894,6.99284029026121,1230.0,9.45417189526018,10.89999962,,51089056.0,29.7166821191682,-1.123947,-1.110113,-1.24813,79.0,-5.414,5.862,36.603,10.044,,0.6884681583476765,,3.673006817760164,13.44817991317947,88.03842112368844,,29.58052739835552,6.154344110105992,0.8038848944767585,26.576602300612873,13.571083457380006,58.809474261021975,6.154344110105992,26.178300609502656,3
Myanmar,2016,,5.17880132517466,5.86247291518572,1230.0,6.92882525816076,16.0,,51495696.0,29.8129165582094,-1.01961219999999,-0.8822049,-1.045056,79.0,-5.141,6.759,35.701,6.767,,0.7015547971179371,,3.6809510388098756,13.376263597667409,77.69906086824554,,30.052863160657996,0.0,0.7959434599848603,25.82466789998988,13.300828764925074,53.875962014451765,0.0,22.392263593125616,3
Myanmar,2017,,7.27335555212816,6.13610824360305,1230.0,4.5725365531752,23.621081950267,,51894938.0,29.9051727703437,-1.24136,-0.843015899999999,-1.09124359999999,79.0,-3.824,6.136,41.878,4.035,,0.47802904945762087,,3.686976733737292,13.301800611410902,62.85348081869733,,22.98870486174885,7.0709725332640865,0.7752919777994638,40.59006352519181,18.123297728686776,42.92109284022309,7.0709725332640865,22.70512103405798,3
Myanmar,2018,,2.60563229851106,6.26886221471075,1310.0,6.87232865662935,29.37899971,,52272247.0,29.993574050729,-1.29787299999999,-0.8166314,-1.1735375,79.0,-2.682,6.277,39.916,7.279,,0.34345625451916123,,3.6963286589653124,13.225097972355496,71.25855252378345,,10.62652533628235,12.410385760524274,0.7270632060491167,32.79628325645754,15.454945827777399,40.9425389300329,12.410385760524274,22.93595683944486,3
Myanmar,2019,,2.31211211194364,6.57911006765414,1380.0,8.82506696804558,36.54050064,,52640713.0,30.0782436945232,-1.3625611,-0.8502984,-1.18669769999999,79.0,-1.809,6.562,37.625,9.074,,0.24445608521040685,,3.709084555477746,13.146466378564053,83.35456879637748,,6.402885497342235,10.716822443401856,0.7048979547406908,35.60650014799857,16.332474203924345,44.87872714685986,10.716822443401856,23.976007931395355,3
Myanmar,2020,,2.41393222885654,-9.04834717984643,1320.0,,45.4477005,,53016522.0,30.1593049968842,-1.5318775,-0.7286511,-1.1631619,79.0,-0.385,-9.032,49.1,2.3,,0.23593466424682397,,3.7265814523762444,13.066220181524018,3.624373299324125,,13.958468059462545,15.513553633038546,0.7139132025054451,45.45085991817547,19.58433825464877,8.791420679393335,15.513553633038546,14.62977085569355,3
Myanmar,2021,,3.11492561696787,-12.0163724829177,1240.0,,,,53387102.0,30.2368812529698,-2.09394989999999,-1.13693469999999,-1.5648147,79.0,-2.816,-11.995,63.391,9.6,,0.0,,3.7443182713405903,12.98467734530988,0.0,,8.480207051430359,,0.6989896470387169,81.91279516899591,31.63249083810193,4.240103525715179,,17.936297181908554,2
Myanmar,2022,,1.98946076080719,4.0374934360085,1280.0,,,,53756787.0,30.311095757938,-2.2412758,-1.26034659999999,-1.65875779999999,79.0,-3.512,4.017,55.954,27.2,,0.0,,3.7405347285023147,12.902159391180565,69.51184279406833,,12.525785164294973,,0.6924612615234249,20.892709664296127,11.264956351825566,41.01881397918165,,26.14188516550361,2
Myanmar,2023,,2.27715131661601,0.958446625126115,1220.0,,,,54133798.0,30.3820718069466,-2.2086828,-1.4451128,-1.7242442,79.0,-2.862,0.997,53.175,27.6,,0.0,,3.7336151559539754,12.818991327202864,32.33387166926903,,10.600137691929856,,0.7013272575237872,23.99890628123394,12.2726325361456,21.467004680599445,,16.869818608372523,2
Myanmar,2024,,1.47879223317634,-0.97204641363362,1210.0,,,,54500091.0,30.4499084074136,-2.0903985,-1.4197208,-1.811602,79.0,3.141,-0.972,50.643,29.6,,0.0,,3.7254997088639503,12.735471088673417,0.0,,5.746413986948283,,0.6766438224046212,47.812593992379846,20.18268836035109,2.8732069934741413,,11.527947676912616,2
Nepal,2000,,-0.0088242529452383,6.19999998192236,220.0,2.47882020709136,0.204651683653029,24.3148663462349,24546509.0,31.0994241803849,-1.3925858,-0.738946,-0.350935699999999,98.3,5.593,6.116,50.788,3.393,,0.1277139208173691,,1.9186982953818148,19.30156330400372,26.533504390629947,50.09200763706839,14.538070712755971,0.43843112631839615,,,9.714638612410546,30.38786091348477,0.43843112631839615,13.513643550737903,3
Nepal,2001,,0.347091875363344,4.79989214255407,230.0,2.6883037354563,0.240015303375743,22.3430462169922,24946748.0,32.808952331543,,,,98.3,6.705,5.629,50.766,2.435,,0.18231540565177756,,1.935751521870549,21.345946841256012,49.22880595321708,40.03338774219242,10.592546958312951,0.5752945624665362,1.6305332868311373,44.96213196560068,22.163464737502824,33.28491355124082,0.5752945624665362,18.67455761707006,3
Nepal,2002,3.54872711717044,-0.0983748686510898,0.120143177369414,230.0,3.02939948714892,0.312956060108532,20.2462111730944,25328981.0,35.0358944291182,-1.9045021,-0.617596199999999,-0.6714971,98.3,3.403,0.12,51.815,2.896,,0.2748511223087494,45.06812779336125,1.95216504950107,23.920011955683236,0.0,0.0,0.0,0.6649625587751129,1.5321956994154062,48.42612561589125,29.422279121811123,0.0,0.6649625587751129,10.029080560195412,3
Nepal,2003,3.1594058668453,0.233443620739643,3.94503776051116,250.0,5.70700931874738,0.382810917017044,21.4093789298114,25688758.0,38.045308394296,-2.13845649999999,-0.6897536,-0.706325299999999,98.3,2.125,3.945,52.974,4.743,,0.25806451612903225,12.923477193902047,1.9674744640218762,27.34661585707417,3.524255851151128,18.84773251556351,2.752774051764936,0.6666435752554243,1.4204163996964558,74.75370578844651,28.82046583888794,8.374920806159858,0.6666435752554243,12.620676740101075,3
Nepal,2004,0.968061082406635,-0.0057375573705338,4.68260325152944,280.0,2.8418113124898,0.449843651215974,24.5311495689792,26016656.0,41.6109470808194,-2.1116627,-0.605430399999999,-0.8475638,98.3,2.368,4.683,51.324,3.963,,0.1927525057825752,0.0,1.980651963709789,31.3772290605126,34.01205766117976,22.421718274266293,0.0,0.6865699232689524,1.2764260537625027,39.0559238649837,17.656476357819717,18.811258645148683,0.6865699232689524,12.384768308745784,3
Nepal,2005,4.69311244737978,0.030156295078659,3.47918104829496,300.0,6.83633265892877,0.82655126590551,26.4511581033301,26309458.0,45.5065633424317,-2.1457885,-0.493822999999999,-0.8865765,98.3,1.751,3.479,45.133,4.539,,0.07005253940455342,37.595929375760754,1.9910477854961028,35.76366200344215,25.662258571592595,42.95377515550015,0.0,1.2494523079061628,1.125440563921809,29.94598920514032,25.843908280936944,22.87201124236425,1.2494523079061628,16.655123943735784,3
Nepal,2006,5.40244847354062,-0.073509433259411,3.36461478056277,330.0,6.92033580707589,1.14138916388191,26.8519028137059,26565425.0,49.5059100328759,-1.86698569999999,-0.5144183,-0.7085482,98.3,1.865,3.365,42.869,7.963,,0.09302325581395349,34.37638319984835,1.9990581246151062,40.25575130525432,0.0,47.638288128003275,0.0,1.6310340731014914,0.9729086779362683,15.768729927135317,22.623471922012985,15.879429376001092,1.6310340731014914,13.377978457038523,3
Nepal,2007,3.16517942887148,0.0556064154566332,3.41156027980276,370.0,2.26921924439074,1.41,28.6852507532697,26788492.0,53.3827400058951,-1.8213249,-0.503731199999999,-0.6984973,98.3,-0.117,3.412,37.885,6.203,,0.028050490883590466,19.87055047024914,2.0051108719534816,44.59927138416507,40.05261588486751,48.62725643902281,0.0,1.71185763202901,0.8396891824618002,8.472401213635566,18.242568389733343,29.559957441296774,1.71185763202901,16.504794487686375,3
Nepal,2008,1.27209213549465,0.0079321573519278,6.10463914373472,430.0,9.9078300530648,1.73,30.3156469991099,26990037.0,56.9108061152324,-1.8469133,-0.6423609,-0.747987699999999,98.3,2.403,6.105,36.757,6.677,,0.0,0.0,2.0095674726809674,48.534093546586064,70.67913649580606,49.355085450052634,0.0,2.19540564117476,0.7523566462793063,4.819406650955505,13.338375049385393,40.01140731528623,2.19540564117476,18.51506266861546,3
Nepal,2009,5.67058815594308,0.297715388957693,4.5330787246486,480.0,11.0948237386987,1.97,31.6743770945651,27173035.0,59.8638612146309,-1.6385607,-0.7285532,-0.809673,98.3,3.655,4.533,39.462,12.624,,0.0,59.58942040179293,2.0128172844067027,51.79258327071976,51.672261995113885,51.797988040902844,2.0061179150731254,2.5443442875466076,0.6780205599570044,6.998879024560324,29.59522067426825,35.15878931702995,2.5443442875466076,22.432784759614936,3
Nepal,2010,6.23237789727949,0.548294665887946,4.81641464694573,530.0,9.32650410745395,7.93,38.271206448162,27341952.0,62.0156581578338,-1.5990906,-0.835548499999999,-0.947927899999999,98.3,-2.071,4.816,35.391,9.565,,0.0,28.44555297165873,2.0152071123579605,54.098237065343746,17.617442430804182,69.48182791266663,0.1533825305287284,10.85512367491166,0.6216346462586841,8.6758330725208,22.804905777380817,29.08421762466651,10.85512367491166,20.914749025653,3
Nepal,2011,0.57216486045462,0.435814930594323,3.42180870116162,620.0,9.2270754612596,9.0,27.8102444811636,27464494.0,63.139949798584,-1.5205463,-0.8068972,-0.8779526,98.3,-0.834,3.422,32.425,9.566,,0.0,0.0,2.0128207804842972,55.164570036099,29.943173891163354,27.693720760993855,0.0,11.453870322764924,0.4481830704698764,0.0,13.79114250902475,19.212298217385737,11.453870322764924,14.819103683058472,3
Nepal,2012,3.03522753070122,0.42369151125933,4.67014192446953,750.0,9.45980980357125,11.14929962,28.6027052424868,27534915.0,63.6558406194333,-1.4781419,-0.7926961,-0.594797,98.3,4.188,4.67,34.515,8.305,,0.0,0.0,2.0039643785447163,55.53591166417326,48.67190380300698,34.43750281835289,0.0,13.809206289923218,0.25640741824699553,0.0,13.883977916043316,27.70313554045329,13.809206289923218,18.465439915473272,3
Nepal,2013,2.64822476891551,0.334712330597339,3.52515317129149,840.0,9.04016311917645,13.30000019,29.6766090182884,27589996.0,64.1314570156048,-1.2264145,-0.813687899999999,-0.6010709,98.3,2.864,3.525,31.899,9.873,,0.0,21.260268985349477,1.994292609598935,56.02603851033957,53.54991746415585,35.737020209111954,0.0,14.538173180889702,0.20004056667688452,63.561053660302946,35.211840288998,29.762312557755934,14.538173180889702,26.50410867588121,3
Nepal,2014,3.04372447842591,0.133746236524448,6.01148284250441,860.0,8.36415469659563,15.43999958,30.9860882254147,27672370.0,64.5640847098488,-0.8435975,-0.716785799999999,-0.576151499999999,98.3,3.998,6.011,27.551,9.039,,0.0,52.21961787826993,1.9873676872885553,56.458703558852484,79.78585777910723,41.259214927237245,0.0,11.224466377112,0.29856474064005045,0.0,27.1695803592806,40.348357568781495,11.224466377112,26.247468101724696,3
Nepal,2015,2.58270392081231,0.213029527712984,3.97605327162971,870.0,7.86890895590891,17.58160019,31.2774348228797,27823629.0,64.9510094249155,-1.0154123,-0.6993283,-0.5990489,98.3,4.381,3.976,25.73,7.834,,0.0,0.0,1.9864191947161591,56.83820829826367,52.075644022173314,46.44511853421566,0.0,15.36021641372887,0.5466065971219569,6.574573350373893,15.85319541215939,32.84025418546299,15.36021641372887,21.351222003783747,3
Nepal,2016,4.15585494861972,0.432212944008614,0.433113719381524,860.0,8.7903433200464,20.70000076,28.2409992005605,27955462.0,65.2895168835553,-0.9210801,-0.6483257,-0.5665318,98.3,5.459,0.433,24.957,9.924,,0.0,50.65773112030237,1.9841893715507806,57.160896386723905,27.119162495737203,33.925102327586934,8.104875483740221,6.3513523783783805,0.4738166973114799,1.617971320923776,27.359149706987516,23.04971343568812,6.3513523783783805,18.920071840351337,3
Nepal,2017,0.787375414689421,0.677439884182991,8.97727935643466,970.0,2.77703998300211,24.3,37.3250540069226,28011258.0,65.5768928085184,-0.5502541,-0.656910099999999,-0.443938399999999,98.3,-0.323,8.977,24.989,4.497,,0.0,14.23755419867217,1.9758444724946016,57.423086284473015,100.0,73.36443613865382,0.2109904271286791,7.956517448292893,0.19958890323472644,6.558784668574871,19.554856287930015,57.858475521927495,7.956517448292893,28.45661641938347,3
Nepal,2018,6.16983733198711,0.206157201926214,7.62237610397933,1120.0,4.40659410175714,28.60000038,39.5478003347409,28079689.0,65.8104229225551,-0.495786599999999,-0.5915737,-0.367187899999999,98.3,-7.098,7.622,31.088,4.13,,0.0,55.17509593891019,1.9711503673774142,57.621073193884776,86.77364582774058,80.60389312825292,0.0,11.37059285115121,0.24429820324385343,0.0,28.199042283198743,55.792512985331165,11.37059285115121,31.787382706560376,3
Nepal,2019,8.13949293422344,0.542801979747667,6.65705543110468,1240.0,5.56616035243723,33.33660126,41.3787409098363,28414064.0,65.9873929484157,-0.4056357,-0.5734193,-0.4127847,98.3,-6.929,6.657,34.03,4.624,,0.0,100.0,1.9875888501342056,57.751131175804325,84.31008205255021,94.02997656501519,0.0,5.823617398034285,1.1908073483292592,70.20412482084478,56.988813999162275,59.44668620585514,5.823617398034285,40.75303920101723,3
Nepal,2020,3.59606073485625,0.378739091402959,-2.3696206292072,1190.0,5.05635826238499,36.96530151,30.4402815093929,28966574.0,66.1050886088505,-0.250305599999999,-0.663949999999999,-0.3725321,98.3,-1.013,-2.37,43.307,6.148,,0.0,49.04527950912537,2.021700458416765,57.80951544492095,55.13266957047017,51.73994723959976,5.276905149880681,1.4223462343274191,1.944494810738795,100.0,51.71369873851158,37.3831739866502,1.4223462343274191,30.173072986496397,3
Nepal,2021,7.96695694723577,0.531690906776232,4.838149614115,1250.0,4.12676744440695,40.98910141,35.1635974648362,29475010.0,66.144235274522,-0.2520173,-0.6375284,-0.3560122,98.3,-7.701,4.838,43.285,3.579,,0.015552099533437013,66.81522742880395,2.052926213888937,57.771809170527476,76.06704187681325,65.0968808942169,0.36916414831148237,3.528545300585896,1.7552507245075066,100.0,56.15064717471621,47.177695639780545,3.528545300585896,35.61896270502755,3
Nepal,2022,6.83113486155,0.160405405048333,5.6313145568451,1380.0,7.6702057938028,45.45080185,37.6438482531547,29715436.0,66.2992968721053,-0.3755496,-0.5966637,-0.3340683,98.3,-12.564,5.631,42.73,6.371,,0.149655791679138,55.14694788798287,2.053384303671886,57.880547823754036,79.24157784311352,76.98998279125173,6.3818344348475335,6.685333225252147,0.8156943797474447,24.541831081336102,34.42974564618804,54.20446502307093,6.685333225252147,31.773181298170375,3
Nepal,2023,0.717459928555613,0.18227214989517,1.98254843461849,1430.0,7.11587261530826,45.80680084,31.1493001530125,29694614.0,66.5432933453944,-0.312959,-0.607287799999999,-0.3365421,98.3,-0.879,1.983,46.962,7.73,,0.30742204655248134,14.42990177016719,2.033628859177474,58.10289807921284,43.418239095334386,50.09580785723482,2.2130930693848008,2.394189480083373,-0.07007132589270659,10.29117574865878,20.782849411147822,31.909046673984665,2.394189480083373,18.36202852173862,3
Nepal,2024,1.07018749790022,0.131412557108071,3.67787459697703,1480.0,4.6850965426577,46.32189941,28.6012768197284,29651054.0,66.772343163029,-0.414613399999999,-0.552333499999999,-0.303653399999999,98.3,3.874,3.665,48.333,5.423,,0.3618817852834741,0.0,2.012331949051629,58.309245116586276,57.610377622324684,37.56673951171579,0.0,0.0,-0.14669326902178037,15.696066553566999,18.591798363859187,31.725705711346823,0.0,16.772501358402003,3
Philippines,2000,5.1971034622286,1.77722452613512,4.38250500083399,1150.0,3.9771250324928,1.98225319605827,15.684364157955,79625397.0,39.1384171397742,-1.44133579999999,-0.0383351,-0.476798299999999,99.0,-2.663,4.383,59.203,6.545,11.175,4.086845466155811,59.23253486497383,6.282009510727504,28.717074810485947,8.838538112420766,10.426816731856055,23.98490012230648,5.38267119469822,,,30.67881838053853,14.416751655527767,5.38267119469822,16.82608041025484,3
Philippines,2001,3.94228444566581,0.96298544393499,3.04923134463486,1140.0,5.34550195567142,2.52400566008269,18.9451758766766,81401488.0,39.5375185608843,,,,99.0,-2.217,3.049,59.471,5.396,11.125,4.3299908842297175,16.705454127879502,6.375704374867193,29.222427775087144,35.64663695268453,24.574645412980995,13.554207799275394,6.056415051935189,2.230558423463802,74.88799642474801,31.286467302986093,24.591830054980306,6.056415051935189,20.644904136633865,3
Philippines,2002,5.0999819767227,2.09827504516588,3.71625500158383,1110.0,2.72277227722765,4.33227574643007,20.4591371369749,83068889.0,39.9553922931877,-1.0320493,-0.1674842,-0.391249299999999,99.0,-0.334,3.716,65.184,2.757,11.4,4.306000916170408,59.793992723019905,6.462884270913507,29.681275585705517,30.20579576012833,1.3457103177320997,32.53312583239468,9.216784174275972,2.0483667325589927,77.49323617796968,42.81862635071638,21.361543970085037,9.216784174275972,24.465651498359126,3
Philippines,2003,5.37956036447812,0.565263243432102,5.08691113513073,1150.0,2.28915662650607,4.85767226708512,19.5287356084063,84731835.0,40.3928506135438,-1.5732442,-0.1020846,-0.5644443,99.0,0.327,5.087,71.393,2.223,11.4,4.129032258064516,28.21589022495817,6.551374378112625,30.09954517084133,14.653010106513145,10.377697048811015,4.625697073070506,8.982084538924731,2.0018878547900076,89.82484590509571,38.067328389739934,9.885468076131554,8.982084538924731,18.978293668265405,3
Philippines,2004,5.9043923050591,0.623144777963454,6.56922851180626,1260.0,4.82921083627795,5.2436284521711,20.731007446127,86394504.0,40.8507057988121,-1.57951059999999,-0.0696963999999999,-0.5201484,99.0,1.71,6.569,71.082,4.799,11.825,3.9707016191210482,43.64831845084266,6.640435763999698,30.483741998372025,48.0284617171715,5.184705768926186,2.965242627474348,8.421517157760558,1.9622719135021782,78.40559646534105,39.127089633419196,18.726136704524013,8.421517157760558,22.09158116523459,3
Philippines,2005,4.44446756672711,1.54906009249231,4.94250511877678,1350.0,6.51685393258433,5.397600174,18.5665300720434,88015962.0,41.3297701258519,-1.1762537,0.1743161,-0.347456899999999,99.0,1.853,4.942,64.674,6.64,11.35,3.7478108581436076,35.81811470923111,6.725461353424913,30.84009841012477,36.44349713758506,10.186921280137476,10.07016773856029,8.750993148557983,1.8768068857713427,71.95706752963463,35.59077287678353,18.900195385427608,8.750993148557983,21.08065380358971,3
Philippines,2006,4.18240538515133,2.12091886479217,5.31641682136939,1470.0,5.4852320675105,5.74058632534702,16.0153377703844,89508986.0,41.8308558715226,-1.4720731,0.157936,-0.414650199999999,99.0,5.455,5.316,57.189,5.448,7.95,3.627906976744186,18.25499871635195,6.80150764914636,31.174681721465753,20.09787091785753,3.4390323793186934,8.31202005402232,9.45041069361359,1.6963104942260276,43.390733811493284,24.112080306513796,10.616307783732848,9.45041069361359,14.726266261286746,3
Philippines,2007,4.80943140103017,1.87121245887706,6.51929155018938,1680.0,2.90000000000003,5.97,16.1286471132386,91075184.0,42.3470499959497,-1.4430777,0.1586479999999999,-0.4498061,99.0,5.175,6.519,50.168,2.914,7.325,3.7026647966339414,32.14173174658377,6.884503865361589,31.484273475519643,57.40029293194594,0.0,6.9546443139277105,8.255790019208858,1.7497662190028684,32.86889219227011,25.049390552751866,21.451645748624554,8.255790019208858,18.252275440195092,3
Philippines,2008,3.85261339981233,0.737800589215242,4.34448730509183,1970.0,8.26044703595725,6.22,18.9671469154789,92699095.0,43.1547492407016,-1.6629672,0.075357,-0.550235599999999,99.0,0.08,4.344,50.01,8.211,7.4,4.184782608695652,16.346129694187056,6.971448387996004,32.103803897498054,58.245187652803246,0.0,7.559402911163822,8.72346612387322,1.7830444350241503,25.633168839892456,19.566971260068303,21.934863521322356,8.72346612387322,16.74176696842129,3
Philippines,2009,2.53144892512296,1.17324821246427,1.44832306275669,2130.0,4.21903052064628,9.0,17.4317211991991,94384250.0,44.3356772609527,-1.6270742,0.0167422,-0.632443499999999,99.0,4.797,1.448,49.805,4.24,7.475,4.478827361563518,31.116808004107632,7.062969445648514,33.141720044764234,26.895631016960937,0.0,9.293478670494967,12.765338762536125,1.817876431263965,51.46769750543376,30.051263228967287,12.063036562485301,12.765338762536125,18.29321285132957,3
Philippines,2010,3.58979951143765,0.513698049517659,7.33449996034538,2310.0,3.78983634797591,25.0,20.4417711390659,96337125.0,45.5208176726647,-1.5826192,-0.0305694,-0.651172899999999,99.0,3.445,7.335,47.587,3.738,7.325,4.009009009009009,11.487921106641835,7.174447329769855,34.165227280909285,38.99630927689743,0.0,0.0,34.98233215547703,2.06906872703867,100.0,37.41553934914003,12.998769758965809,34.98233215547703,28.465547087860955,3
Philippines,2011,5.55213421827969,0.856963002985963,3.85823282795663,2450.0,4.7184170471842,29.0,20.7399365678349,98248614.0,46.6833632464759,-1.3804409,0.0117513,-0.5225183,99.0,2.409,3.858,45.434,4.745,7.025,3.8421163132479528,34.40970481787483,7.277006811327118,35.147284932847214,35.00497110746134,0.0,2.4542118858516133,40.017137960582694,1.9841665401578057,92.60693055206431,41.50150915400858,12.486394331104316,40.017137960582694,31.33501381523186,3
Philippines,2012,6.79897025840299,1.22763000703119,6.89695171050985,2780.0,3.02696391124796,30.79999924,19.5607279687897,100175512.0,47.9182784810426,-1.1706826,0.1322558999999999,-0.4882631,99.0,2.653,6.897,45.691,3.158,6.975,3.983516483516483,31.72343973900188,7.36970760122703,36.28229939088658,77.52015437697703,0.0,4.388350590516197,41.64305843343578,1.961247005479394,76.5419815782661,37.13280929791776,27.30283498916441,41.64305843343578,35.359567573505984,3
Philippines,2013,5.81900321327258,1.31642638378197,6.75053130142255,3060.0,2.58268766141795,32.70000076,20.642224107669,102076336.0,49.1313688766206,-1.0944308,0.0316296,-0.4699791,99.0,4.01,6.751,43.863,2.592,7.075,4.139474174902107,61.05116779039535,7.459861000090197,37.63629520651562,84.1199504105949,0.0,4.76565570619624,39.063439455585836,1.8974936709083234,100.0,50.70673429295327,29.628535372263713,39.063439455585836,39.79956970693427,3
Philippines,2014,5.78445518217687,1.92937522802216,6.34798748260867,3220.0,3.59782343864211,34.70000076,20.9239704373705,103767130.0,50.2392400212368,-0.805762,0.0596485,-0.3610228,99.0,3.616,6.348,40.299,3.594,6.8,4.250720461095101,73.40955343303361,7.5358845508189995,38.85728691832887,82.93730101777406,0.0,8.280610415389402,38.1129302472123,1.6564015385505115,94.88978332061471,52.85183603326807,30.405970477721155,38.1129302472123,40.456912252733844,3
Philippines,2015,6.44457248501706,1.84018010717942,6.34830971672761,3280.0,0.674192536845408,36.90000153,21.3409478711064,105312992.0,51.1549047745227,-0.926818599999999,0.0878094,-0.4299627,99.0,2.371,6.348,39.688,0.69,6.275,4.608911837827501,62.15014572351808,7.603878979716626,39.84871486506588,80.35504499937215,0.0,7.250744058330547,41.97700291316145,1.4897415009936132,79.898331495455,46.62652598046662,29.201929685900904,41.97700291316145,39.26848619317632,3
Philippines,2016,7.14960846141666,2.59850803494211,7.14945675000752,3350.0,1.25369880080982,39.20000076,24.618503101685,106735719.0,51.9114748151175,-1.4376683,0.1261455,-0.4729561,99.0,-0.376,7.149,37.376,1.234,5.475,4.721274175199089,78.36678947569939,7.662608720076373,40.64993834589344,89.68859945369287,16.702289823348792,18.121715820903763,31.351352378378383,1.3509510773371591,67.53154404036138,47.817386509288326,41.50420169931514,31.351352378378383,40.224313528993946,3
Philippines,2017,5.95736650147924,3.12238778404896,6.9309883258402,3440.0,2.85318772590947,41.59999847,25.5587738639602,108119693.0,52.6010482354344,-1.2792545,0.1368136,-0.5912855,99.0,-0.652,6.931,38.13,2.853,5.725,4.541275969847399,67.09895164266564,7.715166366196204,41.37365147601384,73.24603622949414,13.379653609927338,8.654143413652626,30.521723486252238,1.296636227278336,71.4080534199359,46.10548312711569,31.759944417691372,30.521723486252238,36.12905034368644,3
Philippines,2018,5.7652163744645,2.86833826070497,6.34148557153473,3610.0,5.30934661627707,44.09999847,27.1505820415621,109465287.0,53.2088897464754,-1.06677739999999,-0.0051077,-0.6398018,99.0,-2.559,6.341,37.147,5.31,5.325,4.5010845986984815,49.58306646279394,7.774780844051252,42.001124140282,72.091021378447,16.754706429907234,11.789967943884053,32.059683956374755,1.2445410846662286,67.95076004632425,41.00900881202467,33.54523191741276,32.059683956374755,35.53797489527073,3
Philippines,2019,5.86691454561243,2.30117498598294,6.11852566221303,3760.0,2.39206534422404,43.0266118680279,26.4018084647284,110804683.0,53.7157859948017,-1.0094929,0.0586419,-0.647098,99.0,-0.809,6.119,36.973,2.392,5.1,4.400209533787323,52.21025147951007,7.8420962881664265,42.50791528062126,77.7083765727094,24.76062405863226,6.363305570724477,20.622836466164774,1.2235805858710203,72.53763840742089,42.91400367533488,36.27743540068871,20.622836466164774,33.27142518072945,3
Philippines,2020,-7.95652927693801,1.88586363211171,-9.51829474045297,3350.0,2.3931623931624,53.76490021,17.4333790282876,112081264.0,54.1077719895977,-0.9415427,0.0141421,-0.6331335,99.0,3.201,-9.518,51.644,2.393,10.4,3.9201451905626135,16.232460161050245,7.913632337015172,42.8759286393467,0.0,0.0,11.705875586125641,29.33032719300404,1.1521002230564514,64.87478516307608,31.97582978850891,3.901958528708547,29.33032719300404,21.73603850340717,3
Philippines,2021,4.21148693171874,3.04078855310045,5.71473313185116,3570.0,3.92718022100332,66.90779877,21.1407371483135,113100950.0,54.4504102510776,-1.0935816,0.0148496,-0.6736731,99.0,-1.508,5.715,57.005,3.927,7.792,3.6236391912908243,42.71469964306071,7.968102966844241,43.18613731757837,80.02319766505121,0.0,8.247425684964707,47.674515798322034,0.9097738226792274,85.52222151374059,43.76167441641762,29.423541116671974,47.674515798322034,40.28657711047054,3
Philippines,2022,8.2885279450098,2.3475097233369,7.58098212785563,4010.0,5.82115811213955,75.21114422,24.6858616763102,113964338.0,54.7902343568327,-0.899042399999999,0.0048008999999999,-0.6321996,99.0,-4.516,7.581,57.389,5.821,5.4,4.085603112840467,69.41168275070729,7.965721376609143,43.49641446114153,91.14363426064341,13.706928748515399,13.728501734674342,58.57427090673316,0.7633782032776981,22.99266895053331,34.99659231880565,39.52635491461105,58.57427090673316,44.365739380049945,3
Philippines,2023,5.53763778262835,2.04210354820336,5.51894967856043,4320.0,5.97802515541409,77.86699677,23.4061516161597,114891199.0,55.1242716168851,-0.709066,0.0633741,-0.601158699999999,99.0,-2.834,5.519,56.484,5.978,4.358,4.5381349729175815,54.33280963336797,7.9598916604295304,43.80310694513305,81.69448310790676,11.378403583189742,9.659101973295861,61.255169159473276,0.8132903821193693,25.988487769372,32.16563483019765,34.24399622146412,61.255169159473276,42.55493340371168,3
Philippines,2024,4.88001940936182,2.03571882251572,5.71474526128652,4470.0,3.21260487006347,67.26300914,23.6782004674363,115843670.0,55.4520983215477,-0.7741477,0.0792961,-0.5739681,99.0,-4.022,5.692,56.627,3.213,3.817,4.3693874815708345,67.70843556565347,7.954711561794111,44.10572919543629,82.84626611826599,11.694888806865213,8.121639618985398,40.50606127650524,0.8290199843766999,53.75644522653103,42.48499936729791,34.22093151470553,40.50606127650524,39.07066405283623,3
Singapore,2000,13.5842852629109,16.1488904515269,9.03831632555163,23680.0,1.36162392448456,36.0,35.1740359977879,4027887.0,100.0,1.1045471999999998,2.1066061,1.4658514,99.0,11.072,9.038,82.256,1.348,2.675,100.0,100.0,0.2932273255242027,100.0,54.167094859933094,100.0,100.0,100.0,,,100.0,84.72236495331103,100.0,94.90745498443702,3
Singapore,2001,8.0664802167221,18.9398606857353,-1.07086275100448,22130.0,0.997197956155943,41.6704251756041,27.6094317950146,4138012.0,100.0,,,,99.0,14.433,-1.071,94.471,1.015,2.65,100.0,38.94645534053835,0.29922274199389076,100.0,3.68167014039155,63.9930123020165,100.0,100.0,2.7340637907667276,100.0,84.73661383513459,55.89156081413602,100.0,80.20939154975687,3
Singapore,2002,3.44865890234212,6.65366588247055,3.92336076702013,22000.0,-0.391676866585049,47.0,25.0736127933875,4175950.0,100.0,1.1440472,2.0396337,1.4336101,99.0,14.877,3.923,96.31,-0.392,3.55,100.0,44.11819296721719,0.2996618359034121,100.0,31.94539529354399,30.50959145551198,100.0,100.0,0.9168170609461734,13.772342715697642,64.47263392072871,54.15166224968532,100.0,72.87476539013801,3
Singapore,2003,1.28317377980787,17.4624153696896,4.54825542643229,23440.0,0.507905300237551,53.8379432881911,17.2245248736318,4114826.0,100.0,0.8806358,2.0697739,1.4774891,99.0,24.302,4.548,99.131,0.487,3.95,100.0,0.0,0.29254913718974546,100.0,9.403244989299528,0.0,100.0,100.0,-1.463714843329067,0.0,50.0,36.46774832976651,100.0,62.15591610992217,3
Singapore,2004,5.25513678381672,21.2027237505542,9.93998268434957,26170.0,1.66272719863072,62.0,22.8924616706012,4166664.0,100.0,1.0349931,1.8895436,1.5013678,99.0,19.311,9.94,95.691,1.672,3.35,100.0,37.90743307080373,0.29433418110077464,100.0,73.07098258793249,14.988816323880572,100.0,100.0,1.2597859544972279,38.101215968409754,69.00216225980337,62.68659963727102,100.0,77.2295872990248,3
Singapore,2005,4.09592112463257,15.1133588478775,7.36632239250758,28830.0,0.425106276569107,61.0,21.506936250429,4265762.0,100.0,1.1381609,1.9437505,1.5198855,99.0,23.26,7.366,92.663,0.473,3.125,100.0,33.32600236372102,0.2997516227820717,100.0,54.301299654194366,22.40663021238643,100.0,100.0,2.3783535221462593,100.0,83.33150059093026,58.90264328886027,100.0,80.74471462659685,3
Singapore,2006,4.38507042201104,26.3271523046735,9.00676607871758,32550.0,0.965657519018511,59.0,22.3792634447668,4401365.0,100.0,1.2280811,1.9733365,1.4382899999999998,99.0,26.893,9.007,86.524,0.966,2.65,100.0,20.93297051232417,0.3079911160503671,100.0,58.09770976695717,29.395668760235267,100.0,100.0,3.17886933213809,100.0,80.23324262808104,62.49779284239748,100.0,80.91034515682618,3
Singapore,2007,7.0050279115494,26.1619888768056,9.02151951268893,36010.0,2.10980166714574,69.9,23.0659529090098,4588599.0,100.0,1.1413902,2.0657181,1.419882,99.0,27.143,9.022,87.789,2.11,2.125,100.0,48.52764050416741,0.32012757309888035,100.0,71.3679879528256,26.865716048519772,100.0,100.0,4.253998475472942,100.0,87.13191012604184,66.07790133378178,100.0,84.40327048660788,3
Singapore,2008,4.27628153922146,7.02328608228286,1.86348345462035,37230.0,6.63544058395309,69.0,30.1596763689779,4839396.0,100.0,1.2892238,2.0882662,1.4183268999999998,99.0,15.083,1.863,97.853,6.635,2.225,100.0,19.029825600838574,0.3369085397238888,100.0,40.71904344251721,48.67676287692538,72.65951583572387,100.0,5.46565520325486,100.0,79.75745640020965,54.01844071838881,100.0,77.92529903953282,3
Singapore,2009,-0.275748142574244,12.0710944143275,0.127953382778088,37320.0,0.589142019610516,69.0,27.3701152111674,4987573.0,100.0,1.2287248,1.9625852,1.3783538,99.0,16.393,0.128,101.689,0.589,3.025,100.0,5.654976541608452,0.34583419434579404,100.0,16.29047589245175,36.14415864285582,100.0,100.0,3.0618903681368437,100.0,76.41374413540211,50.811544845102524,100.0,75.74176299350155,3
Singapore,2010,4.35079681035553,23.0694716770802,14.5197497108994,44930.0,2.82884527612958,71.0,27.6582275190447,5076732.0,100.0,1.1901335,2.0047029,1.3929086,99.0,22.933,14.52,98.674,2.829,2.175,100.0,16.371300201264454,0.3502845753346292,100.0,100.0,28.122740380742457,100.0,100.0,1.7876229581000658,82.24250712009542,74.65345183033998,76.0409134602475,100.0,83.56478843019583,3
Singapore,2011,3.96067952631816,17.5960314065854,6.21493416858989,48250.0,5.25115624639373,71.0,26.6919943455279,5183688.0,100.0,1.1188701,1.9447456,1.4205904,99.0,22.218,6.215,103.13,5.251,2.025,100.0,23.41335479106775,0.3558063583071354,100.0,62.33880430606982,23.31364179175153,100.0,100.0,2.10678838276277,100.0,80.85333869776693,61.88414869927379,100.0,80.91249579901357,3
Singapore,2012,3.72339640028119,18.7435244231802,4.43549759378537,51710.0,4.58084479423094,72.0,29.2629426703058,5312437.0,100.0,1.256811,2.1253998,1.5532142999999998,99.0,17.643,4.435,106.725,4.581,1.95,100.0,5.8003655520067365,0.36245652144785356,100.0,45.63209389657809,36.952099746995934,100.0,100.0,2.48373358890428,100.0,76.45009138800168,60.861397881191344,100.0,79.10382975639767,3
Singapore,2013,2.81529519382384,20.9344810446532,4.81763099120676,54470.0,2.36439793742726,80.90209961,29.9795021855415,5399162.0,100.0,1.232658,2.0879315,1.4835114,99.0,15.707,4.818,98.185,2.364,1.9,100.0,23.356877905683977,0.3660004842369056,100.0,65.79998178010197,36.93516478081405,100.0,100.0,1.632489947645488,94.31120869983235,79.41702165137909,67.57838218697201,100.0,82.33180127945036,3
Singapore,2014,3.60492223584663,21.8184880782679,3.93554027709007,56380.0,1.03316955857629,79.0292358633435,29.4300082792766,5469724.0,100.0,1.0665318,2.1611904,1.5393572,99.0,17.95,3.936,97.749,1.033,1.95,100.0,56.55851344978592,0.3684420773517242,100.0,60.34417887801188,34.87858628681712,100.0,100.0,1.3069065162334415,70.4660035332834,81.75612924576733,65.07425505494301,100.0,82.27679476690345,3
Singapore,2015,5.15033390828063,22.6541826890491,2.97679931634806,53160.0,-0.521975611895763,79.0129570025584,25.353193018866,5535002.0,100.0,1.1123429,2.2303413,1.5460708,99.0,18.693,2.977,102.101,-0.522,1.9,100.0,41.3215973646405,0.3706430289555037,100.0,40.16365055373718,18.754032726100416,100.0,100.0,1.1934423016590978,56.86263348300855,74.54605771191225,52.972561093279204,100.0,75.8395396017305,3
Singapore,2016,3.21220360268634,20.3059406285478,3.91095306322606,53600.0,-0.529809760375464,84.4522678893074,26.3428829842065,5607283.0,100.0,1.2788614,2.1984368,1.5473758,99.0,18.027,3.911,105.909,-0.53,2.075,100.0,41.923648604875694,0.37335009696053206,100.0,59.518706203125326,24.90068965377707,100.0,92.50306471528026,1.3058893203651945,64.14531102672639,76.51723990790052,61.4731319523008,92.50306471528026,76.83114552516052,3
Singapore,2017,3.33551111190478,29.5741008560154,4.32679370770501,55360.0,0.576763191179996,84.4522678893074,27.1803110118491,5612253.0,100.0,1.3859813,2.1489543,1.49284,99.0,18.489,4.327,107.285,0.577,2.175,100.0,40.2913735516502,0.37108088182363647,100.0,39.19783515582041,21.646289453758087,100.0,86.41596476711958,0.08863472737152822,0.0,60.07284338791255,53.61470820319283,86.41596476711958,66.70117211940833,3
Singapore,2018,4.40891054240183,22.7862106121625,3.18660848474074,56440.0,0.438784215129623,88.1656360313447,24.6650062452141,5638676.0,100.0,1.2994328,2.1367938,1.5337126,99.0,15.676,3.187,109.188,0.439,2.1,100.0,30.838357246640662,0.3708752551366245,100.0,35.92721637266598,3.9532868436091015,100.0,90.87762605048381,0.47080913850463535,15.387852786201863,61.556552508210636,46.62683440542503,90.87762605048381,66.35367098803982,3
Singapore,2019,3.55651819066453,28.1758142041642,1.15877947300108,58510.0,0.567829988405447,88.9492526850762,24.3414821182522,5703569.0,100.0,1.2580714,2.1809946,1.5263702,99.0,15.454,1.159,127.682,0.568,2.25,100.0,3.625233977385183,0.37382792064181347,100.0,16.90805412567326,15.231471644055825,100.0,90.75890226938729,1.1508552716985365,67.35946495131174,67.74617473217423,44.0465085899097,90.75890226938729,67.51719519715708,3
Singapore,2020,-13.671580919838,22.5843942948636,-3.61084281729929,56290.0,-0.172111865925382,92.00434653,22.930549192946,5685807.0,100.0,1.2855556,2.1222024,1.4703849,99.0,17.698,-3.611,147.115,-0.172,3.0,100.0,0.0,0.37134607165887923,100.0,45.560000332133356,21.86710438551376,100.0,92.85480529669215,-0.31141904305882484,0.0,50.0,55.80903490588238,92.85480529669215,66.22128006752484,3
Singapore,2021,7.72076614576484,32.2624851402185,10.1410845197192,65540.0,2.31610315765146,96.92468156,24.1177810588483,5453566.0,100.0,1.2816641,2.1352444,1.4327468,99.0,19.253,10.141,139.934,2.316,2.65,100.0,65.23531113951687,0.35379927885875756,100.0,100.0,13.820024480497285,100.0,98.80071260041873,-4.084574098276638,0.0,66.30882778487921,71.2733414934991,98.80071260041873,78.79429395959902,3
Singapore,2022,10.1626659507397,28.0305519383786,4.01027884472296,68100.0,6.13095418919732,95.95386476,21.8791987960219,5637022.0,100.0,1.164789,2.049181,1.4279068,99.0,18.923,4.01,153.338,6.131,2.1,100.0,87.75545153299512,0.3636329078645973,100.0,69.34570698421196,0.0,100.0,94.74044534326862,3.3639640558122963,100.0,96.93886288324879,56.44856899473732,94.74044534326862,82.7092924070849,3
Singapore,2023,3.70712287497309,24.607056245637,1.45026775889565,69530.0,4.83372362825798,94.28518987,21.1305685622627,5917648.0,100.0,1.2040374,2.1295346,1.4244438,99.0,16.392,1.45,170.433,4.834,1.925,100.0,39.17924685753246,0.3797063559171039,100.0,37.6570984266827,0.0,100.0,91.39818302443562,4.9782668934057694,100.0,84.79481171438312,45.8856994755609,91.39818302443562,74.02623140479322,3
Singapore,2024,5.76228349936815,23.5787255966584,5.3435120192366,75820.0,2.38951123595017,94.37757178,21.8490850721263,6036860.0,100.0,1.2318778,2.1321197,1.4311756,99.0,17.201,5.344,166.039,2.39,1.95,100.0,83.38805678735883,0.3842980001000639,100.0,78.24685739462251,2.082484480173937,100.0,92.95333603616432,2.014516578208103,100.0,95.84701419683971,60.10978062493215,92.95333603616432,82.97004361931205,3
Sri Lanka,2000,3.24418140973111,1.04207418020439,6.00003315828934,860.0,6.17627591012045,0.647410010940963,28.0392736849136,19293054.0,14.6196895000898,-1.9678201,-0.155627899999999,0.0901701999999999,95.3,-5.329,8.418,79.202,6.176,7.573,2.852277564921243,49.73999212789635,1.502523242595457,0.0,24.58664553392598,67.20912607057957,20.096518130883172,1.669923925525005,,,17.530756564272533,37.297429911796236,1.669923925525005,18.832703467197923,3
Sri Lanka,2001,0.844556847478287,1.09074720867871,-1.54540813366026,810.0,14.15845579912,0.793821864362622,22.0040128023487,19600362.0,14.5739539539707,,,,95.3,-0.932,-1.948,84.364,14.158,7.9,2.8258887876025525,0.0,1.5152783822560312,0.0,0.0,38.49094212977987,14.168578584947458,1.9043196521363122,1.592842688358198,43.0823378162835,11.477056650971512,17.553173571575773,1.9043196521363122,10.311516624894532,3
Sri Lanka,2002,8.10680259831349,1.1882779089504,3.96467568513113,820.0,9.55103167007251,1.05042270585318,23.2890507211333,19805752.0,14.6107836754127,-1.0484749,0.1044782,0.2385499999999999,95.3,-1.166,3.727,96.301,9.551,8.8,2.977553825011452,88.33735815946292,1.5206829762258134,0.0,32.292422872025895,19.23100640416675,19.05576143609253,2.2340547669049524,1.0478888094005656,21.15337876625985,28.117072687683557,23.526396904095055,2.2340547669049524,17.959174786227855,3
Sri Lanka,2003,8.30092270938691,1.21132740876657,5.9402690780223,910.0,6.31463787051174,1.45858022842408,22.0204689465055,19951521.0,14.7256630416211,-1.0793401,0.0019383999999999,0.1664561,95.3,-0.329,5.94,86.45,8.969,8.4,3.096774193548387,48.33821938689397,1.5220552628610309,0.0,22.969878727314047,21.599957807763122,8.272342315678674,2.665699076583148,0.7359932609476205,57.01416426357328,27.112289461003908,17.614059616918613,2.665699076583148,15.797349384835222,3
Sri Lanka,2004,3.25557601884559,1.12667735136244,5.44506127885352,1030.0,7.57592582995856,1.44615998041486,25.2537615246688,20087605.0,14.9130061059922,-1.1602654,-0.051586,0.1531296999999999,95.3,-2.654,5.445,86.499,9.014,8.3,3.084040092521203,20.22679919624513,1.523065336891081,0.0,39.67662709726408,25.699403927607413,5.339448686500594,2.2941627867784486,0.6820733116036592,4.955571021923228,7.0666025776723895,23.57182657045736,2.2941627867784486,10.9775306449694,3
Sri Lanka,2005,1.65108556500688,1.11612854301768,6.24174804376447,1170.0,11.6396860971118,1.792000055,26.8274555178569,20216524.0,15.167273918248,-1.1869001,-0.191553199999999,0.0958266,95.3,-2.097,6.242,76.589,11.009,7.7,3.1173380035026272,15.8453910446916,1.5235691968841998,0.0,46.015845609142694,44.517587975401085,7.199878435216717,2.833848726882403,0.6417838263944375,2.903333057849231,5.4665155265108645,32.577770673253504,2.833848726882403,13.626044975548924,3
Sri Lanka,2006,6.54988196557522,1.6970072277349,7.66829190107919,1320.0,10.0201836057035,2.53756612897332,27.9799093470538,20352411.0,15.4829275281105,-1.4554966,-0.180964699999999,0.0668889999999999,95.3,-4.484,7.668,74.29,9.939,6.6,3.1627906976744184,49.53832024155741,1.525019388068154,0.0,44.31532780062582,52.23910481247077,6.706334403922925,4.004759994313257,0.672158082170804,4.285023448398582,14.246533596907602,34.42025567233984,4.004759994313257,17.557183087853566,3
Sri Lanka,2007,3.93825565175763,1.8639738781084,6.79682611892866,1500.0,15.8421114924843,3.88,27.9521433553302,20492545.0,15.8544279853018,-1.6920216,-0.1170914,0.0145896999999999,95.3,-3.66,6.797,71.849,15.895,6.2,3.197755960729313,25.64007888322431,1.5272452558681369,0.0,58.94951956996547,45.78819243263036,6.926917068380087,5.2564876750847604,0.6885375889863932,4.420471169730321,8.314576503420986,37.22154302365864,5.2564876750847604,16.93086906738813,3
Sri Lanka,2008,7.51116906164384,1.84752962305149,5.95008814473897,1740.0,22.5644955300126,4.824500084,27.5523830555003,20629378.0,16.2762363395441,-1.6597233,-0.186027,-0.185381699999999,95.3,-8.063,5.95,68.782,22.356,6.0,3.5597826086956523,39.52099214102408,1.5292557247796834,0.0,69.58736749442845,37.33753889739265,19.053103039512123,6.694533416690899,0.667720871175348,3.110267457761632,11.547760551870342,41.992669810444404,6.694533416690899,20.07832125966855,3
Sri Lanka,2009,0.937997022010521,0.960390452698523,3.53891205317842,1950.0,3.46496322106074,5.868500233,24.4338657450541,20756435.0,16.7428136405592,-1.1197381,-0.147503,-0.1520232,95.3,-0.432,3.539,72.75,3.503,5.9,3.9902280130293155,16.66388474214027,1.5306833673539577,0.0,43.687156058169705,25.46554533869471,7.5217903415624745,8.21241674021209,0.6159032036739065,4.575515237437324,6.307406998151727,25.558163912808965,8.21241674021209,13.359329217057594,3
Sri Lanka,2010,,0.814446067583227,8.01596737040464,2360.0,6.2176488930462,6.912399769,,20879089.0,17.2486209380693,-0.779023999999999,-0.0753803,-0.2305758,95.3,-1.833,8.016,68.731,6.214,5.0,4.121621621621622,,1.5319347143131976,0.0,44.782054875778435,,1.3333527061916517,9.4168194614841,0.590920357951652,6.737950836876186,3.619857486165936,23.057703790985045,9.4168194614841,12.031460246211694,3
Sri Lanka,2011,,1.41088360151362,8.66948301160571,2830.0,6.7167684358854,7.956399918,,21009048.0,17.7881192817964,-0.7674257,0.0210493,-0.2864777,95.3,-6.814,8.669,69.428,6.73,4.1,4.639932815452446,,1.5327319038258016,0.0,90.80750651116286,,5.682146680862208,9.963438900314197,0.6224361608880624,10.506000983277609,5.0486445995766855,48.24482659601253,9.963438900314197,21.08563669863447,3
Sri Lanka,2012,,1.33591734742632,8.6321813769906,3340.0,7.54291373239437,9.00039959,,21169458.0,18.2617686748284,-0.9606693,0.0071890999999999,-0.1436392,95.3,-5.658,8.632,67.504,7.547,4.0,5.082417582417582,,1.533767144936825,0.0,100.0,,4.979444084194659,10.76543854308257,0.7635281712907727,22.768140550071557,9.283519377496381,52.48972204209733,10.76543854308257,24.17955998755876,3
Sri Lanka,2013,,1.21148000059153,4.0517463303875,3630.0,6.90845034828452,10.04440022,,20585000.0,18.4323136480916,-0.8585581,-0.0763977,-0.3561281,95.3,-3.302,4.052,69.457,6.884,4.4,5.202312138728324,,1.4802885020925423,0.0,58.54095094099049,,4.256201524223645,10.42247968593107,-2.7608548126267562,0.0,1.7341040462427746,31.39857623260707,10.42247968593107,14.518386654926971,3
Sri Lanka,2014,,1.08277813405104,6.37797889684965,3810.0,3.1790022823606,10.5000026214106,,20778000.0,18.6153877203724,-0.553597999999999,-0.0063463,-0.3605151,95.3,-2.41,6.378,69.561,2.784,4.3,5.313400576368876,,1.4846585886802097,0.0,83.21817750018603,,4.3764961762177474,4.327845317848055,0.9375759047850485,44.65605218424127,16.656484253536714,43.797336838201886,4.327845317848055,21.593888803195554,3
Sri Lanka,2015,,0.798746316666859,4.20595547501601,3920.0,3.76836783062096,15.26249981,34.2757988099064,20970000.0,18.796256612131,-0.0885947,0.0306456999999999,-0.110513199999999,95.3,-2.212,4.206,76.334,2.224,4.7,5.832855230445592,,1.4895769985967646,0.0,54.8162822059319,60.460068834263666,2.610011993336452,12.164972739118838,0.9240542881894243,35.919138055421065,13.917331095288887,39.295454344510674,12.164972739118838,21.792586059639465,3
Sri Lanka,2016,2.88042260979221,1.01937184801285,5.05362488993089,4020.0,3.9588884659307,22.19,36.4530444585617,21209000.0,18.9747679368162,-0.1436337,-0.0445476,-0.1066651,95.3,-1.982,5.054,75.0,3.985,4.4,5.991657186196435,38.85280831892107,1.497909663744132,0.0,70.16383443713933,72.96848895781048,10.819868938957779,8.364864864864867,1.1397234144015167,51.658525905035624,24.125747852538282,51.317397444635866,8.364864864864867,27.936003387346336,3
Sri Lanka,2017,-0.605096821460023,1.45462805110061,6.46068127080994,4220.0,7.70413767850602,25.07550049,39.7266305229837,21453000.0,19.1507693078088,-0.179121299999999,-0.1170039,-0.111659899999999,95.3,-2.447,6.461,72.26,6.58,4.2,5.975363118220261,0.0,1.5059819202684388,0.0,67.09706830500612,85.60773166550604,2.894858902592426,8.968039407080004,1.1504549955207777,62.766907521407575,17.18556765990696,51.866552957701536,8.968039407080004,26.006720008229497,3
Sri Lanka,2018,4.73307115290011,1.70888696252064,2.31008425504933,4350.0,2.135037737132,28.33620071,38.0567747749453,21670000.0,19.3241083384127,-0.2597255,-0.1897983,-0.0575940999999999,95.3,-2.963,2.31,83.585,4.273,4.4,5.838756326825742,35.31839135065993,1.5140735953126436,0.0,25.879772224020947,72.92468904488402,6.655120487505972,11.018478265428836,1.0115135412296583,52.12020630549101,23.31933849574417,35.153193918803645,11.018478265428836,23.163670226658883,3
Sri Lanka,2019,3.82503089991239,0.835367460265196,-0.220483886824823,4220.0,3.52839358231811,32.02090073,34.1087160600384,21803000.0,19.4946326418437,-0.173798099999999,-0.186002,-0.0781005999999999,95.3,-2.071,-0.22,82.594,4.304,4.8,5.203422385192946,9.27175200898259,1.5178202790143913,0.0,0.0,60.40560682865382,1.0587534871027133,3.814193346899196,0.6137517305029982,29.116724691644936,10.897974771455118,20.48812010525218,3.814193346899196,11.733429407868831,3
Sri Lanka,2020,-5.76384880634521,0.514700553944402,-4.62451503712715,3880.0,6.15394508391738,36.18473435,32.871123147531,21919000.0,19.6621898312161,-0.1154138,-0.1122765,-0.1909487,95.3,-1.406,-4.625,96.881,4.569,5.5,4.882032667876588,22.460330110227076,1.5221037455206299,0.0,37.74226312956345,61.4095529191835,5.856878602331071,0.1256454126436011,0.532036875659303,37.38865813950515,16.182755229402204,35.00289821702601,0.1256454126436011,17.10376628635727,3
Sri Lanka,2021,2.69594333708876,0.668825708548416,4.2074764950026,4010.0,7.01478071238195,44.45308724,36.7330983743583,22156000.0,19.8266275195269,-0.510938,-0.1629445,-0.2315397,95.3,-3.707,4.207,102.669,5.954,5.1,4.307931570762054,32.98877975501271,1.5352251535881811,0.0,73.22071741350797,72.38281339759797,0.7997507521134924,9.42857237878918,1.081253706829699,88.45860898004679,31.43883007645539,48.801093854406474,9.42857237878918,29.889498769883684,3
Sri Lanka,2022,1.19690603084923,1.19249322162632,-7.34919311146656,3620.0,49.7211021114327,48.3,27.2717494237454,22181000.0,19.9877933196367,-0.7621199,-0.456906,-0.3299184,95.3,-1.959,-7.349,115.942,45.214,4.7,3.501945525291829,0.0,1.524640020613181,0.0,0.0,26.335655680662097,9.848704190075514,11.65308068626837,0.11283625203104553,3.729125179274362,1.8077676761415478,12.06145329024587,11.65308068626837,8.507433884218596,3
Sri Lanka,2023,-1.02563842376145,0.848017076796717,-2.0289296690344,3550.0,16.5411742279832,51.2,24.2731934318829,22037000.0,20.1455348442463,-0.670013,-0.3799918,-0.31553,95.3,1.719,-2.33,110.376,17.365,4.7,3.4109208022251503,0.0,1.5009662765804488,0.0,0.0,15.713798718913369,4.878465133729901,12.295844069368437,-0.649204273928139,0.0,0.8527302005562876,6.86408795088109,12.295844069368437,6.670887406935272,3
Sri Lanka,2024,4.77848605862752,0.764077754153862,4.99241614398109,3870.0,-0.42936004906973,54.59,26.3467005241507,21916000.0,20.2996997058686,-0.350302399999999,-0.299213499999999,-0.2577461,95.3,1.219,5.009,100.84,1.242,4.4,3.5652057364964485,65.90398211581063,1.4790539337624518,0.0,73.89694136186513,25.718444432009406,2.698241781387179,15.992857754766627,-0.5490765530698383,0.0,17.36729696307677,34.10454252508724,15.992857754766627,22.488232414310215,3
Thailand,2000,7.03729060637259,2.66312868727133,4.45524704335014,1980.0,1.59196917460972,3.68904127944164,22.2826056940878,63007815.0,31.4626212652205,0.5759091,0.3293765999999999,0.6190078999999999,99.0,7.368,4.455,57.826,1.697,3.6,7.620263942103023,68.17710850408471,4.965576217583919,19.726950706215124,9.546748040219603,40.75187829372226,28.67065427498642,10.129950025868268,,,31.841441050800952,26.323093536309425,10.129950025868268,22.764828204326218,3
Thailand,2001,5.89561853413096,4.21223509530842,3.44424900968372,1960.0,1.62690887314091,5.55632612097332,23.1124372100211,63651141.0,32.7428054763889,,,,99.0,4.24,3.444,57.532,1.612,3.3,8.067456700091158,27.23941232044958,4.979706380645089,21.268515123160977,38.711306414219465,43.53376177663692,29.178945491050968,13.333378266782594,1.0210257251421995,14.563337707927637,17.78468046290734,37.141337893969116,13.333378266782594,22.75313220788635,3
Thailand,2002,6.22194524439435,2.48815301889834,6.14903605210036,1980.0,0.697308976625449,7.53125033488567,22.7441937694577,64266437.0,34.0732781018222,0.2841788,0.0998766,0.362596,99.0,3.466,6.149,54.901,0.659,2.4,8.291342189647274,70.44464721350117,4.994011448218938,22.792684210178653,50.640112359019305,15.787463830986576,38.30735007219498,16.0231748493182,0.9666692384980191,16.579665606009407,29.52708480483412,34.91164208740029,16.0231748493182,26.82063391385087,3
Thailand,2003,7.3463145576018,3.43593984811892,7.18924330340971,2170.0,1.80434994635718,9.29902723805965,23.829298673817,64868166.0,35.4270354382579,-0.165002899999999,0.1680067999999999,-0.0029901,99.0,3.134,7.189,47.5,1.818,2.2,8.516129032258064,41.76288323102012,5.009227944541301,24.276204465524987,35.14244315920512,29.746559435656007,20.828947067795546,17.23526205006171,0.936303657226234,62.206003042057766,34.19030494271524,28.572649887552227,17.23526205006171,26.666072293443055,3
Thailand,2004,7.42828696643301,3.38947495269123,6.28934214285795,2520.0,2.75914926231082,10.6773033237281,25.6814147024811,65452047.0,36.785516284484,-0.5992561,0.3068536,-0.0437146999999999,99.0,1.596,6.289,46.267,2.809,2.1,8.828064764841944,57.122989510181824,5.02415884954478,25.70605585824105,45.9490872279482,27.63919010812173,16.008763958718266,17.188950441895955,0.9001040664537996,17.46485236892774,27.28049062554814,29.86568043159606,17.188950441895955,24.778373833013386,3
Thailand,2005,4.2008626127683,4.33958708070528,4.18763842884337,2770.0,4.54036919634536,15.0260043588909,30.4207508630674,66017420.0,38.1301594392881,-0.8216996,0.3176707,-0.0533122,99.0,-4.036,4.188,45.462,4.467,1.9,8.7215411558669,34.076335594976086,5.037629618224814,27.068428166402576,30.881914413798206,59.45056680970116,28.57105956471401,24.552151411240246,0.8637972774174552,15.316751398267042,21.29576407887815,39.63451359607112,24.552151411240246,28.494143028729837,3
Thailand,2006,2.80089345388758,4.0212567065949,4.96781089246107,3070.0,4.63747436011764,17.1607147169285,27.0116433930542,66567687.0,39.4424037014582,-1.0498077,0.2329060999999999,-0.1788782,99.0,1.044,4.968,39.177,4.714,1.5,8.589147286821705,0.0,5.051139085240684,28.348682074046817,16.50824614345994,48.289824356672874,15.510089029211274,28.866470021657705,0.8335178805836341,10.446303221510354,11.846033145594719,26.76938650978136,28.866470021657705,22.49396322567793,3
Thailand,2007,1.19163701229097,3.28356939351343,5.43515169050809,3480.0,2.24154095286802,20.03,25.4960142904031,67102394.0,40.7036878697821,-1.0329101,0.1040205,-0.214751499999999,99.0,5.927,5.435,35.985,2.163,1.4,8.751753155680223,5.141848811098772,5.064956772186474,29.53127453948466,51.348512220135476,36.276478810741146,12.364650609236502,28.432914879680055,0.8032530858402831,7.4956565350729765,12.730133260334156,33.32988054670438,28.432914879680055,24.830976228906195,3
Thailand,2008,2.83342492754259,2.93824905393328,1.72569884866334,3900.0,5.46848949649846,18.2,28.2264349517752,67619830.0,41.8954507430475,-1.1647166,0.1161174,-0.2254443,99.0,0.319,1.726,34.946,5.486,1.4,9.429347826086957,9.890152298881,5.077640591000521,30.599692707799008,39.74571449201958,40.26901783234045,30.349916658401266,26.14132015120675,0.7711140678527739,5.19819498644479,13.77934695480294,36.7882163275871,26.14132015120675,25.569627811198927,3
Thailand,2009,-0.899216002255912,2.27590224065624,-0.690618232300579,4060.0,-0.845716092316721,20.1,20.6363983767118,68121080.0,42.9991311200422,-1.1126951,0.2582862999999999,-0.2840722,99.0,7.877,-0.691,42.364,-0.869,1.5,9.717698154180239,0.0,5.089593354522039,31.536397790490206,9.715742247727357,11.654836803981597,18.471247311619607,28.903751091466944,0.7412766343837252,9.466667244371978,12.680190797260606,13.280608787776188,28.903751091466944,18.28818355883458,3
Thailand,2010,5.45124306353435,4.32320928209171,7.51339053261624,4490.0,3.24758842443725,22.4,25.3566546340746,68579447.0,44.0018736622496,-1.2331956,0.1736166999999999,-0.257822999999999,99.0,3.367,7.513,39.831,3.3,1.0,8.91891891891892,23.432949743478066,5.0988162029435,32.32967598540963,40.515113149128716,19.153443913996455,16.88929537721079,31.307420494699645,0.6728710114402237,11.908531838377371,19.147519121545997,25.519284146778656,31.307420494699645,25.324741254341433,3
Thailand,2011,1.83395020601833,0.667087644548593,0.840132083053334,4840.0,3.81191694558332,23.669925618731,26.7914582468449,69007208.0,44.8048723557374,-1.1386768,0.1832601999999999,-0.127405,99.0,2.542,0.84,39.116,3.811,0.7,8.859962208692,8.71845952548782,5.102335416282531,32.86234646126867,0.0,23.70323239270391,1.3477260865435148,32.40492090649958,0.6237451870966471,10.584924293053762,15.256423122125563,8.350319493082475,32.40492090649958,18.670554507235874,3
Thailand,2012,7.33269516857679,3.24456444314608,7.24279620249642,5400.0,3.00948610403357,26.46,28.0241657146011,69436098.0,45.373565813715,-1.22129129999999,0.0807324,-0.115414099999999,99.0,-1.232,7.243,41.929,3.009,0.7,9.12480376766091,36.222044253195534,5.099079203999983,33.169052840194524,82.00055886729362,32.234062573037384,15.397918449633805,35.49575073014309,0.6215147843686042,16.392182291552988,23.727020788150988,43.210846629988275,35.49575073014309,34.14453938276078,3
Thailand,2013,0.95407850320133,3.79126450872817,2.68749556320556,5580.0,2.18617704418967,28.94,27.4571011829666,69845114.0,45.8321343847773,-1.3578088,0.1317820999999999,-0.223368999999999,99.0,-2.102,2.687,42.191,2.186,0.7,8.838336751818012,0.0,5.094837451475692,33.59151394643503,45.610624877713676,26.95738582891823,16.779567897635268,34.310088057511116,0.5890538376738919,71.91193750619756,28.58544705111265,29.78252620142239,34.310088057511116,30.89268710334872,3
Thailand,2014,0.533204479085697,1.22145318013998,0.984468863619426,5620.0,1.89455652481545,34.8860535783465,23.9190195478501,70216367.0,46.3138799467897,-1.1368246,0.159735,-0.397889999999999,99.0,2.858,0.984,43.334,1.895,0.8,8.573487031700289,32.80955437872286,5.08950093268533,34.03406547081487,32.706717326445975,12.281050328563873,5.016001350413496,38.37267449319059,0.5315375389035815,16.280850821573853,22.924489425702966,16.667923001807782,38.37267449319059,25.988362306900445,3
Thailand,2015,2.60425722214792,2.22468548959784,3.13404724911635,5560.0,-0.898143410569433,39.3161267365004,22.3556406383245,70540795.0,46.9521043776171,-1.156024,0.2068740999999999,-0.3757008,99.0,6.916,3.134,42.559,-0.898,0.9,8.969210174029453,0.3468633892015723,5.083127605316841,34.673090907890696,42.038185388611055,4.742876036368696,8.964138105660007,45.305926856995335,0.4620404242788645,0.0,10.997291117780431,18.58173317687992,45.305926856995335,24.961650383885228,3
Thailand,2016,2.88087275079477,0.843364340718618,3.43515771692182,5550.0,0.186235191075453,47.5049656215909,21.1054892015174,70859841.0,47.8801095551247,-1.12638439999999,0.1702951999999999,-0.3279698,99.0,10.508,3.435,41.745,0.186,1.0,8.892681076981418,38.85697465501213,5.076703475053581,35.67449408323569,55.0861977994119,0.0,10.00601901330026,42.57427786701473,0.4522858014287978,0.0,20.85603745380731,21.69740560423739,42.57427786701473,28.375906975019813,3
Thailand,2017,3.08790780443007,1.81550260101987,4.1776810321001,5800.0,0.664415139830893,52.8919293439676,22.9342956887695,71160187.0,49.2311973571777,-0.984692599999999,0.2103023,-0.3190283,99.0,9.631,4.178,41.777,0.664,1.2,8.880308880308881,37.7597140912864,5.067224211712775,37.20558351864962,37.248281030228604,0.0,4.1410691118481395,45.250322866149936,0.4238592632461513,19.81597834709228,25.915396209334293,13.796450047358915,45.250322866149936,28.320723040947712,3
Thailand,2018,4.57410995654203,2.71279835138662,4.22287028746071,6430.0,1.06683487370758,56.8174809301456,25.2195901594439,71376079.0,54.5843734741211,-0.979869,0.1451222,-0.2986525,99.0,5.62,4.223,41.941,1.067,1.1,9.598698481561822,33.121481677380295,5.058628431173866,43.70607428005297,47.80570442070168,6.80955113146478,11.1011302937134,49.03472819310826,0.3033887474185537,4.014272396032432,22.610131708756878,21.90546194862662,49.03472819310826,31.183440616830584,3
Thailand,2019,3.96582951964726,1.01734877580041,2.11455779628278,7070.0,0.705524801910317,66.6524194587528,23.8147525746375,71522271.0,55.9266166687012,-0.588531399999999,0.0906488,-0.2002532,99.0,7.049,2.115,41.063,0.706,1.0,10.179849834119086,12.23258744721542,5.050769119743937,45.25410568562103,28.624708169344842,12.795310930511928,1.7173183733962722,56.70571772812835,0.20481932048970197,0.0,16.916635741738883,14.37911249108435,56.70571772812835,29.33382198698386,3
Thailand,2020,-0.781191628547944,-0.858310188764945,-6.09306312966953,6910.0,-0.846087518861799,77.84374066,23.7642761877022,71641484.0,57.2358779907227,-0.7333386,0.0858661,-0.2036855,99.0,4.144,-6.093,49.434,-0.846,1.7,10.381125226860254,36.61257040279665,5.046889659571434,46.7696195360155,26.41638990125176,25.183573528230834,0.0,69.33079582238936,0.16667955076539176,21.193122823346396,28.7391094972547,17.19998780982753,69.33079582238936,38.42329770982386,3
Thailand,2021,0.60333771744618,3.04112326260094,1.55858232076893,7100.0,1.23104516549814,85.26956666,28.6772507306111,71727332.0,58.5087776184082,-0.6963747,0.1032064999999999,-0.2575207,99.0,-2.142,1.553,58.367,1.231,1.9,9.11353032659409,19.55959521288686,5.041591607100445,48.2481264066853,61.26585195255535,34.98598117292888,8.248476632100035,78.94916098204197,0.11983001357147582,71.99538067382744,37.22915815499842,34.83343658586143,78.94916098204197,50.33725190763394,3
Thailand,2022,6.28791379018368,2.39157096115532,2.63784213566305,7220.0,6.07589952842433,87.97724503,27.8232930802592,71735329.0,59.742374420166,-0.5671596,0.1135856,-0.2682159,99.0,-3.429,2.685,60.548,6.076,1.3,8.889554025740797,49.82998526284811,5.002215271044692,49.685645165796835,60.96744836022836,29.029235182007035,13.876507137235011,80.83273154975818,0.011149166959123491,0.7180148112175534,27.280799816400823,34.6243968931568,80.83273154975818,47.57930941977193,3
Thailand,2023,6.70137694577291,1.9975474592024,2.24883437970568,7210.0,1.22908986612448,89.53525238,22.3940359236883,71702435.0,60.9341926574707,-0.4398775,0.1189790999999999,-0.1956309,99.0,1.64,2.24,62.236,1.229,1.0,8.768847899282681,63.96659867800247,4.955687143015434,51.07874397964769,46.300385409680345,6.317607932555404,9.480717504829315,82.67752596146234,-0.045854672249434625,10.721504983997091,33.633923885232484,20.699570282355022,82.67752596146234,45.67034004301661,3
Thailand,2024,4.41362215846812,2.70165281834265,2.94859986593323,7130.0,0.398333333333422,90.86718789,21.4528153883175,71668011.0,61.8689338391321,-0.6833311,0.1064119999999999,-0.2155096,99.0,2.195,2.945,62.913,0.398,1.0,7.934593218067283,59.41961103375463,4.909108033284617,52.15693539403687,48.57499991376117,0.0,10.961768868352477,86.16325533911824,-0.048009527152037546,19.545497286771894,34.76415923315767,19.845589594037882,86.16325533911824,46.9243347221046,3
Vietnam,2000,3.07612331576182,4.16392407955693,6.78731640463151,390.0,-1.71033727851111,0.254248275754934,29.6099138223826,77154011.0,24.3672526919772,0.2924713,-0.6739274,-0.6148348,99.0,2.147,6.787,24.755,-1.768,6.42,0.8514261387824607,48.923114343514165,6.086228029967611,11.416640598768556,32.25156380901331,74.42767946839912,36.608711855284795,0.576379623894509,,,20.39706036035506,47.76265171089907,0.576379623894509,22.912030565049548,3
Vietnam,2001,4.47154917223386,3.97733545270572,6.19289331233377,410.0,-0.43154451172818,1.26565123612317,31.1727734549497,77969361.0,24.9489362725143,,,,99.0,2.228,6.895,25.42,-0.31,6.28,1.0027347310847767,19.559677855091813,6.105780501947102,12.144987154097413,60.036140719823635,80.20457278986161,28.049378454548357,3.036615867615336,1.0567823881508787,16.346678080489767,12.263519455190943,56.0966973214112,3.036615867615336,23.798944214739162,3
Vietnam,2002,7.62788794142246,3.99268705133996,6.32082099160833,430.0,3.83082838168468,1.85499923592581,33.2205344910613,78772224.0,25.5540925665659,0.385333,-0.834225,-0.8494064,99.0,-1.407,7.08,27.711,4.079,6.01,1.1910215300045808,83.79108228043253,6.127223025948065,12.815797312806747,52.0830321154363,81.99883394389279,60.590006351952894,3.9459352586746634,1.0297160188346366,20.130015426042316,29.481979137321545,64.890624137094,3.9459352586746634,32.772846177696735,3
Vietnam,2003,8.01066723769546,3.66601229989583,6.89906349055258,480.0,3.23464817293925,3.78028081370641,35.444857957463,79563777.0,26.1745407830283,0.1353139,-0.7384175,-0.8325906,99.0,-3.844,7.341,29.835,3.303,5.78,1.2473118279569892,46.33894115541849,6.150144262307244,13.425935808794645,32.31433638402977,82.06067874730799,22.127568252415994,6.9800146814538975,1.00486308473402,63.9829926590646,31.248795362808682,45.500861127917915,6.9800146814538975,27.90989039072683,3
Vietnam,2004,7.09426978865109,3.54408107288199,7.53641060890386,550.0,7.75494748709606,7.64240852842363,35.46533166878,80338971.0,26.8021001307977,-0.0062905,-0.5742238,-0.7403814,99.0,-2.53,7.789,29.363,7.895,5.6,1.233616037008481,54.16952316315597,6.173087630367626,13.972868802505412,55.21399842871341,72.01792480995083,16.737747160026654,12.29203660896042,0.9743051791017976,21.72206183927318,22.77451746048576,47.98989013289696,12.29203660896042,27.685481400781043,3
Vietnam,2005,7.25864233918547,3.39040363930871,7.54724772895918,650.0,8.28457243128667,12.7399292907031,33.7574028912441,81088313.0,27.4285898187702,0.3438984,-0.5216355,-0.5650883,99.0,-0.765,7.547,28.669,8.394,5.31,1.2959719789842383,55.939506999800656,6.193939499270795,14.453521025254046,55.634291610155906,73.3169900583774,22.278076107958405,20.8004773789544,0.9327254141704211,19.170724177832483,22.714931045467857,50.40978592549724,20.8004773789544,31.308398116639832,3
Vietnam,2006,7.46578070409471,3.61600090432522,6.97795481056711,740.0,7.41801715108469,17.2545617186662,34.5366510764767,82167897.0,28.0458290558422,0.3001579,-0.4928586,-0.5716664,99.0,-0.194,6.978,30.248,7.503,4.82,1.3643410852713178,61.64080731938317,6.241399374090368,14.864335879487708,37.20686831300929,78.98218284672654,13.975067648715338,29.026025053879707,1.331368183723347,29.45596382436087,26.831362027125767,43.38803960281706,29.026025053879707,33.08180889460751,3
Vietnam,2007,9.77961143775856,8.65471771434805,7.12950448605439,860.0,8.34444889773847,20.7554447679753,39.5662708970146,83633375.0,28.6456370509099,0.1530737999999999,-0.4322833,-0.545440599999999,99.0,-7.104,7.129,32.21,8.349,4.64,1.402524544179523,69.23457471677747,6.319666734017495,15.201286008696671,60.80656458812387,90.76557441230125,32.93873178952533,29.473981000790516,1.783516499150517,33.77363802376362,29.903005823354324,61.50362359665015,29.473981000790516,40.29353680693166,3
Vietnam,2008,7.66841225622639,9.6630390545572,5.66177120891362,1000.0,23.1154483474477,23.92,36.4931217965814,85175788.0,29.2198330128693,0.0487952,-0.4332135,-0.5598863,99.0,-8.646,5.662,31.045,23.115,2.38,1.548913043478261,40.517038051482515,6.403341728738218,15.459883917567687,67.55065796067153,76.22117297244894,100.0,34.45769118929922,1.844255358581437,26.86926537678658,21.09877509732876,81.25727697770682,34.45769118929922,45.60458108811161,3
Vietnam,2009,2.25205797242585,7.16881988884276,5.39789754014181,1120.0,6.71698269988631,26.55,37.1625554335215,86460018.0,29.7581347355675,0.1922119,-0.493849,-0.605930499999999,99.0,-5.122,5.398,36.17,6.717,2.9,1.737242128121607,28.58267691955343,6.467554270354012,15.632669880072703,58.61845125708515,71.75750949926358,59.19668340218044,38.28147717449431,1.5077406739107513,39.36847422174346,21.3302657873728,63.190881386176386,38.28147717449431,40.934208116014496,3
Vietnam,2010,8.18622913917879,5.4347392933443,6.42324482239482,1370.0,9.20746648778413,30.65,37.0990761715168,87455152.0,30.2504027258526,0.1198679,-0.542973399999999,-0.639695999999999,99.0,-2.984,6.423,37.287,10.524,2.88,1.891891891891892,40.98356897021895,6.510281558179331,15.71186116191832,31.259636435276594,64.91400213685316,21.817213300160372,42.96819787985866,1.1509759343330206,42.0740049102721,25.165331733575318,39.33028395743004,42.96819787985866,35.821271190288,3
Vietnam,2011,5.32000000000072,4.30487434902161,6.41316889681683,1630.0,18.6777322770706,35.07,32.3711434429224,88468314.0,30.6996041680996,0.125534,-0.4919809,-0.5275764,99.0,0.136,6.413,36.185,18.678,2.22,2.1205122821751,32.805745163674075,6.549649903627311,15.705132607973898,64.6379989057855,45.55832635022754,22.54668187805499,48.68608968866039,1.1584932126125658,42.82574865027657,23.36428467602491,44.24766904468934,48.68608968866039,38.76601446979154,3
Vietnam,2012,4.89000000000379,4.27832287681174,5.5045447041189,1980.0,9.09470339557193,36.79999924,30.5592897696566,89510356.0,31.1222779403029,0.1055642,-0.633676999999999,-0.576022599999999,99.0,4.748,5.505,38.33,9.103,1.96,2.413657770800628,15.633311550869136,6.581904487138504,15.733774828467642,59.48156550731669,41.889400022824105,21.04075612526012,50.14164199995186,1.177870305067641,41.37081038960367,18.787888634935268,40.80390721846697,50.14164199995186,36.577812617784694,3
Vietnam,2013,5.20000000000005,4.16454517277325,5.55351081026072,2200.0,6.59267475899192,38.5,30.2129034609593,90573104.0,31.5334201724543,0.1154208999999999,-0.600268599999999,-0.6167336,99.0,3.64,5.554,41.413,6.595,2.18,2.5358940891292185,53.28314026921678,6.615790782548463,16.06163802150823,72.77462766826798,37.858422554194284,18.591630300988268,46.395734382113005,1.1872905521680632,84.75418656954345,39.15871473734942,43.074893507816846,46.395734382113005,42.876447542426426,3
Vietnam,2014,6.27999999999732,3.94086189051961,6.42224312118567,2390.0,4.08455446637625,41.0,30.2890267860991,91679578.0,31.9480269945454,-0.0126942,-0.4870771,-0.4910245,99.0,3.7,6.422,43.643,4.085,2.1,2.755763688760807,77.24085387409532,6.654509984281158,16.382260602733695,83.6327221271349,38.40094906829604,17.55665657345483,46.90822056745926,1.2216363921898843,64.50706678428196,40.22148623746794,46.530109256295255,46.90822056745926,44.55327202040749,3
Vietnam,2015,8.78999999999976,4.93190773329022,6.98715430598611,2460.0,0.631200905175685,45.0,32.1089158178217,92823254.0,32.3810945365679,0.0681785999999999,-0.328967399999999,-0.372697,99.0,-0.861,6.987,46.117,0.631,2.33,3.040734366035571,99.89577569944163,6.698456632391457,16.729324730202443,87.97063914775669,50.331626266421445,21.027788419123645,53.13713599701634,1.2474708380529442,61.06306686662363,45.182225415575815,53.11001794443393,53.13713599701634,50.47645978567536,3
Vietnam,2016,6.44999999999997,4.90089302916746,6.69000892660424,2560.0,2.66824816969082,53.0,31.7245390951042,94000117.0,32.8476189285136,0.1824971,-0.3117465,-0.2605867,99.0,0.248,6.69,47.88,2.668,2.3,3.223359878649981,71.89147626088047,6.744636482286882,17.12164302211352,85.40838453750774,50.48726079985798,28.767829075907464,50.0,1.267853635038474,61.287062658166214,38.38088545495255,54.88782480442439,50.0,47.75623675312565,3
Vietnam,2017,7.19999999999976,5.01148721749681,6.94019037359206,2680.0,3.52025688811618,58.1400000036297,32.305300920099,95176977.0,33.3625963003742,0.1500178999999999,-0.2736109,-0.309361,99.0,-0.596,6.94,46.621,3.521,2.24,3.1439602868174292,79.80445579921154,6.7878930609223955,17.578184567609057,73.36634719625637,47.7736127346135,15.177781616425898,52.09562958351201,1.251977165092244,68.76814221244591,42.323685716520984,45.43924718243193,52.09562958351201,46.61952082748831,3
Vietnam,2018,6.90000000000065,4.99828319622328,7.46500685572751,3020.0,3.53962805942641,69.8479286837965,32.019502902433,96237319.0,33.9410227821412,-0.0542592999999999,-0.2920712,-0.2854719,99.0,1.895,7.465,43.798,3.54,2.19,3.434562545191613,65.26624689384619,6.831490629125679,18.118069900041945,84.96974962160708,41.83102836869785,21.222828428406803,66.42751231809899,1.1140740475503952,59.08757841547264,36.476614438638094,49.34120213957058,66.42751231809899,50.74844296543589,3
Vietnam,2019,7.02000000000076,4.821074861051,7.35926270105006,3290.0,2.79582367452244,68.6615802057338,31.9799606565797,97173776.0,34.6239134999511,0.0916744999999999,-0.278044299999999,-0.2953357,99.0,3.76,7.359,40.993,2.796,2.17,3.5795355334381003,76.45833205794655,6.873512153380093,18.7928846915256,92.9182702155247,50.55996527405004,15.482470193832325,59.774239656579766,0.9730705403378836,54.700871622311794,38.38290597630551,52.986901894469014,59.774239656579766,50.38134917578477,3
Vietnam,2020,0.37999999999829,4.55836196782424,2.86541320912272,3400.0,3.22093436652515,70.30000012,31.915688393806,98079191.0,35.5706676299742,0.1302346,-0.235853099999999,-0.3016754,99.0,4.349,2.865,41.319,3.221,2.48,4.010889292196007,39.91070277805498,6.921036921269026,19.80198086721003,95.50678458920288,57.608944448379404,23.10600366255512,56.79891508481456,0.9317482939018351,55.10703943184285,29.70765309232597,58.74057756671247,56.79891508481456,48.415715247951,3
Vietnam,2021,2.17045195694669,4.27314566190187,2.55372852648131,3540.0,1.83471554810462,74.20999985,32.8956023366901,98935098.0,36.6540656426603,0.1345844,-0.3447202,-0.310641599999999,99.0,-2.202,2.554,39.237,1.835,3.2,3.576982892690513,29.616466953697763,6.966099061881195,20.988811624747186,65.75709932626772,54.56840058470171,12.116877168415204,60.111975481142196,0.8726693106593908,84.88685122189429,34.76727817325744,44.14745902646155,60.111975481142196,46.34223756028706,3
Vietnam,2022,7.88000002158932,4.32947308910883,8.53750041218142,3980.0,3.15650749963112,78.58999918,32.3404994444961,99680655.0,37.5478515625,0.1227944,-0.347202499999999,-0.3368491,99.0,0.341,8.538,34.923,3.157,2.32,4.040706375336725,65.41307552678786,6.963335036440774,21.94672409550343,96.98285257340623,51.08996296366901,20.38608332646843,64.46550670887706,0.7535819088186457,22.702585664211092,28.52577291545978,56.152966287847896,64.46550670887706,49.714748637394905,3
Vietnam,2023,3.07350075446038,4.26458856546888,4.97865959483225,4140.0,3.25289282667662,78.08,31.6683495522758,100352192.0,38.1298904418945,0.0907515,-0.2794316,-0.340198899999999,99.0,6.372,5.065,34.257,3.253,2.3,4.274630361586883,33.933928975010396,6.948560321840744,22.521415130099818,75.84665260004809,52.69116623552643,18.55702855009287,61.646232857900095,0.6736883901896418,23.507764407516625,21.05943471855343,49.03161579522246,61.646232857900095,43.91242779055866,3
Vietnam,2024,6.69700767124095,4.23450755062236,7.03955197123018,4490.0,3.62109273885844,84.15,30.5847264337631,100987686.0,38.4900703430176,0.0056736,-0.2668063,-0.3139343,99.0,6.613,6.952,31.163,3.621,2.2,4.396193539739982,100.0,6.930495097023758,22.823465620603713,99.26001049419911,47.990204155120644,17.499211899432968,73.17030378181131,0.6332636959240467,46.12043286309216,43.335023005858964,54.916475516250905,73.17030378181131,57.14060076797373,3
