country,year,consumption_growth,fdi_pct_gdp,gdp_growth_wb,gni_per_capita,inflation_pct_wb,internet_users_pct,investment_pct_gdp,population,urbanization_pct,political_stability,regulatory_quality,rule_of_law,data_completeness_pct,current_account_pct_gdp,gdp_growth_imf,govt_debt_pct_gdp,inflation_pct_imf,unemployment_pct,inflation_pct_wb_trend,inflation_pct_wb_accel,political_stability_trend,political_stability_accel,regulatory_quality_trend,regulatory_quality_accel,rule_of_law_trend,rule_of_law_accel,current_account_pct_gdp_trend,current_account_pct_gdp_accel,govt_debt_pct_gdp_trend,govt_debt_pct_gdp_accel,risk_score,govt_debt_trend_zscore,inflation_pct_wb_trend_zscore,current_account_pct_gdp_trend_zscore,political_stability_trend_zscore,regulatory_quality_trend_zscore,rule_of_law_trend_zscore,anomaly_flag,is_unusual_change,risk_drivers,inflation_points,political_stability_points,regulatory_quality_points,rule_of_law_points,current_account_points,govt_debt_points,anomaly_note
Bangladesh,2000,4.97514145672213,0.525362089236087,5.29329471892532,410.0,2.20825620937535,0.0710394230507683,23.8085625731369,134544304.0,23.3145114975244,-0.812562999999999,-1.19036229999999,-1.1178221,99.0,-0.546,5.293,,3.623,,,,,,,,,,,,,,0,,,,,,,1,False,No scored risk drivers detected,0,0,0,0,0,0,No unusual multivariate change detected
Bangladesh,2001,4.1326448730987,0.145443904569924,5.07728777526728,420.0,2.0071737421384,0.129807973947512,24.1743067306933,136805810.0,23.6999214768623,,,,99.0,-1.628,5.077,,1.812,,-0.20108246723695,,,,,,,,-1.0819999999999999,,,,0,,-0.28551787375076043,-0.6772237345063086,,,,1,False,No scored risk drivers detected,0,0,0,0,0,0,No unusual multivariate change detected
Bangladesh,2002,1.05718616225225,0.0955793676464671,3.83312393993225,420.0,3.33256493271913,0.13992028850905,24.3414161366729,138933658.0,24.1132383547332,-1.2449478,-1.122179,-1.123872,99.0,0.241,3.833,,2.407,,1.32539119058073,1.52647365781768,,,,,,,1.8689999999999998,2.9509999999999996,,,0,,0.5139681411165274,1.2361197221984468,,,,1,False,No scored risk drivers detected,0,0,0,0,0,0,No unusual multivariate change detected
Bangladesh,2003,4.05170483223765,0.44596078329809,4.73956739963045,440.0,5.66870773441476,0.163877665498048,24.6791888612834,140970351.0,24.5525557512625,-1.2322975,-1.0667105,-1.1776115,99.0,0.245,4.74,37.044,3.881,,2.3361428016956296,1.0107516111148995,0.012650300000000003,,0.05546850000000014,,-0.05373950000000005,,0.0040000000000000036,-1.8649999999999998,,,15,,1.0433462757816314,0.026907405439934737,0.09307595022336639,0.6929291461017499,-0.6376241346776732,1,False,Unusually sharp inflation increase (+15),15,0,0,0,0,0,No unusual multivariate change detected
Bangladesh,2004,5.9694585989515,0.689472335587339,5.23953291029852,490.0,7.5875363850469,0.199036333744363,24.9918339447004,142902856.0,25.0094809886101,-1.3285917,-1.11731469999999,-1.036981,99.0,0.228,5.24,36.585,8.139,,1.9188286506321406,-0.417314151063489,-0.0962942,-0.1089445,-0.050604199999989996,-0.10607269999999014,0.1406305000000001,0.19437000000000015,-0.016999999999999987,-0.02099999999999999,-0.4589999999999961,,0,-0.4516217216085385,0.8247792367287221,0.013291609916112357,-0.3564064654949126,-0.849735317533775,1.3879366242396058,1,False,No scored risk drivers detected,0,0,0,0,0,0,No unusual multivariate change detected
Bangladesh,2005,6.73179805267262,1.17065167448603,6.53594493875502,530.0,7.04661816222039,0.241600007,25.8304355145863,144715786.0,25.4769540701509,-1.7911255,-0.9816339,-0.9517502,99.0,-0.7,6.536,35.558,6.486,,-0.5409182228265106,-2.459746873458651,-0.4625337999999999,-0.3662395999999999,0.13568079999998994,0.18628499999997994,0.08523079999999994,-0.05539970000000016,-0.9279999999999999,-0.9109999999999999,-1.027000000000001,-0.568000000000005,10,-0.8486839973767057,-0.46350583479696555,-0.5773745673316112,-1.867435109801841,1.8594938206736953,0.8106075180205916,1,False,Unusually large decline in political stability (+10),0,10,0,0,0,0,No unusual multivariate change detected
Bangladesh,2006,7.04764870374075,0.635863899506714,6.67190498576788,550.0,6.76526117054757,1.0,26.1441457474299,146405973.0,25.9479149992596,-1.6643404,-0.8740542,-1.01092999999999,99.0,0.665,6.672,35.332,7.163,,-0.28135699167282,0.25956123115369056,0.12678509999999998,0.5893188999999999,0.10757969999999994,-0.028101099999989998,-0.0591797999999899,-0.14441059999998984,1.365,2.293,-0.2259999999999991,0.8010000000000019,0,-0.2887423021473044,-0.3275614159422142,0.9093406296267096,0.5639724674548248,1.4508064924633561,-0.69431836833882,1,False,No scored risk drivers detected,0,0,0,0,0,0,No unusual multivariate change detected
Bangladesh,2007,7.43389508483612,0.817756922700044,7.05859935449848,580.0,9.10698496905383,1.799999952,26.1784970672047,147989278.0,26.415303779311,-1.5675758,-0.8672299,-0.8842511,99.0,1.003,7.059,34.989,7.205,,2.3417237985062602,2.6230807901790802,0.09676459999999998,-0.030020500000000006,0.006824300000000005,-0.10075539999999994,0.12667889999998994,0.18585869999997984,0.33799999999999986,-1.0270000000000001,-0.3430000000000035,-0.11700000000000443,15,-0.37053153852912996,1.0462693061767299,0.24346339139025264,0.4401141096573169,-0.01452601155885821,1.2425447762994357,1,False,Unusually sharp inflation increase (+15),15,0,0,0,0,0,No unusual multivariate change detected
Bangladesh,2008,3.98028502621422,1.4496579161576,6.01378975738535,640.0,8.90194489465154,2.5,26.2022714003991,149474264.0,26.87206041368,-1.476262,-0.8632719,-0.829873299999999,99.0,0.253,6.014,33.87,9.937,,-0.2050400744022891,-2.5467638729085493,0.0913138,-0.005450799999999978,0.003958000000000017,-0.0028662999999999883,0.05437780000000092,-0.07230109999998902,-0.7499999999999999,-1.0879999999999996,-1.1189999999999998,-0.7759999999999962,0,-0.9129969011983089,-0.28759065867228384,-0.46196449098683096,0.4176252391627331,-0.056211941606070154,0.48908348604614704,1,False,No scored risk drivers detected,0,0,0,0,0,0,No unusual multivariate change detected
Bangladesh,2009,2.29173847305167,0.879517142536145,5.04512479919337,700.0,5.42347236174679,3.099999905,26.2060570157536,150873714.0,27.3111249057412,-1.51053059999999,-0.805300999999999,-0.8215673,99.0,1.699,5.045,33.01,6.655,,-3.4784725329047506,-3.2734324585024615,-0.0342685999999901,-0.1255823999999901,0.057970900000000936,0.05401290000000092,0.008305999999999036,-0.04607180000000188,1.4460000000000002,2.196,-0.8599999999999994,0.25900000000000034,0,-0.7319420958744453,-2.0020411228400317,0.9618586980757389,-0.10050170183653487,0.7293227097029699,0.008961912898599359,1,False,No scored risk drivers detected,0,0,0,0,0,0,No unusual multivariate change detected
Bangladesh,2010,4.60402990246686,1.06896766308322,5.57178818533122,780.0,8.12667639169917,3.700000048,26.2466561760577,152201981.0,27.7254372588696,-1.4437712,-0.8368896,-0.8477644,99.0,2.346,5.572,29.623,7.316,,2.7032040299523805,6.181676562857131,0.06675939999999003,0.10102799999998013,-0.031588600000000966,-0.0895595000000019,-0.026197099999999973,-0.03450309999999901,0.647,-0.7990000000000002,-3.386999999999997,-2.5269999999999975,15,-2.498449791061327,1.2355934967463393,0.44381009695506785,0.31631887648708273,-0.5731826289089592,-0.3506003931208312,1,False,Unusually sharp inflation increase (+15),15,0,0,0,0,0,No unusual multivariate change detected
Bangladesh,2011,6.49167883530669,0.983399364184761,6.46437912497728,870.0,11.3951651552399,4.5,27.4209733686034,153591076.0,28.1100162712427,-1.4544464,-0.8270946,-0.6998395,99.0,-1.445,6.464,29.393,8.787,,3.268488763540729,0.5652847335883484,-0.010675199999999885,-0.07743459999998992,0.009794999999999998,0.041383600000000964,0.14792490000000003,0.174122,-3.7910000000000004,-4.438000000000001,-0.23000000000000043,3.1569999999999965,25,-0.29153851535694025,1.5316596860364817,-2.433661357079397,-0.0031602258831526756,0.028678256100232856,1.4639527296048682,1,False,Unusually sharp inflation increase (+15); Unusually large current account deterioration (+10),15,0,0,0,10,0,No unusual multivariate change detected
Bangladesh,2012,4.11426076415098,1.18850391920183,6.52145877906443,950.0,6.21750422069284,5.0,28.2623350097187,155070101.0,28.4787972894576,-1.4690337,-0.978781999999999,-0.9887756,99.0,-0.28,6.521,29.078,8.889,,-5.17766093454706,-8.446149698087789,-0.01458730000000008,-0.003912100000000196,-0.15168739999999903,-0.16148239999999903,-0.28893610000000003,-0.43686100000000005,1.165,4.956,-0.3150000000000013,-0.08500000000000085,20,-0.3509580460616837,-2.891985968452284,0.7796663865426868,-0.019300739250340256,-2.3198351689620025,-3.088645401286529,-1,True,Unusually large decline in regulatory quality (+10); Unusually large decline in rule of law (+10),0,0,10,10,0,0,Unusual multivariate change detected
Bangladesh,2013,5.12741356121165,1.73532012481503,6.01360565834344,1010.0,7.53040640913172,6.63,28.3896207536466,156532141.0,28.8407036106763,-1.771799,-0.9494963,-0.9749211,99.0,1.329,6.014,28.344,6.777,,1.3129021884388798,6.4905631229859395,-0.3027652999999999,-0.2881779999999998,0.029285699999999082,0.1809730999999981,0.013854499999999992,0.3027906,1.609,0.44399999999999995,-0.7339999999999982,-0.41899999999999693,10,-0.6438613797709432,0.5074270635807829,1.0675432061892172,-1.2082634092048778,0.3121405443363418,0.06678371601047078,1,False,Unusually large decline in political stability (+10),0,10,0,0,0,0,No unusual multivariate change detected
Bangladesh,2014,4.00558737885358,1.46870305074204,6.0610593588495,1080.0,6.99163889220849,9.052900314,28.5778757115563,157964929.0,29.1944442321013,-1.0510112,-0.8964974,-0.851857499999999,99.0,0.679,6.061,28.683,7.349,,-0.5387675169232296,-1.8516697053621094,0.7207877999999999,1.0235530999999998,0.05299889999999996,0.023713200000000878,0.12306360000000094,0.10920910000000095,-0.6499999999999999,-2.259,0.33899999999999864,1.0729999999999968,0,0.10622281371363157,-0.462379409009688,-0.3971273694448196,3.014704432255068,0.6570126081104013,1.2048691586028193,-1,True,No scored risk drivers detected,0,0,0,0,0,0,Unusual multivariate change detected
Bangladesh,2015,5.81712963518122,1.4507824552936,6.55263987816197,1200.0,6.19428022984984,12.36880016,28.886689247008,159383179.0,29.5395099477892,-1.331635,-0.776809499999999,-0.856926099999999,99.0,1.23,6.553,28.206,6.405,,-0.7973586623586506,-0.25859114543542105,-0.28062379999999987,-1.0014115999999997,0.11968790000000096,0.066689000000001,-0.005068599999999979,-0.12813220000000092,0.5509999999999999,1.2009999999999998,-0.4770000000000003,-0.815999999999999,10,-0.4642046810518987,-0.5978157483695807,0.38156646027473684,-1.1169121715781385,1.6269016598211679,-0.1304169260488361,1,False,Unusually large decline in political stability (+10),0,10,0,0,0,0,No unusual multivariate change detected
Bangladesh,2016,3.00225514741371,0.879528340271998,7.11347821270093,1400.0,5.51352572692995,16.89909935,30.2397639179985,160811932.0,29.8753915517965,-1.3416192,-0.7592301,-0.9068902,99.0,1.607,7.114,27.72,5.916,,-0.68075450291989,0.11660415943876057,-0.00998420000000011,0.27063959999999976,0.017579399999999024,-0.10210850000000193,-0.049964100000000955,-0.044895500000000976,0.377,-0.17399999999999993,-0.48600000000000065,-0.009000000000000341,0,-0.4704961607735776,-0.5367446684533238,0.26874986879163715,-0.0003093031724033521,0.14189039504572962,-0.5982800893557899,1,False,No scored risk drivers detected,0,0,0,0,0,0,No unusual multivariate change detected
Bangladesh,2017,6.26914013986595,0.616341784631384,6.59024999794057,1640.0,5.70207015717239,21.5,30.9468731155675,162186147.0,30.2015798381799,-1.3289506,-0.7430899,-0.924304999999999,99.0,-0.453,6.59,28.306,5.44,,0.18854443024244016,0.8692989331623302,0.01266860000000003,0.02265280000000014,0.01614020000000005,-0.0014391999999989746,-0.017414799999999064,0.03254930000000189,-2.06,-2.4370000000000003,0.5860000000000021,1.0720000000000027,10,0.27888897940859253,-0.08145195099108433,-1.3113307831871799,0.09315145222858608,0.1209594420666608,-0.2590786446357715,1,False,Unusually large current account deterioration (+10),0,0,0,0,10,0,No unusual multivariate change detected
Bangladesh,2018,9.41322073679952,0.75354913412869,7.31941263014136,2020.0,5.54362139486476,25.56509972,31.8225747704431,163523103.0,30.5175656009959,-1.02517179999999,-0.7854912,-0.9096266,99.0,-2.977,7.319,29.553,5.783,,-0.1584487623076294,-0.34699319255006955,0.3037788000000099,0.29111020000000987,-0.042401299999999975,-0.058541500000000024,0.014678399999999092,0.03209319999999816,-2.524,-0.46399999999999997,1.2469999999999999,0.6609999999999978,10,0.7409632123007674,-0.2631885982480964,-1.6121750271421127,1.2942117713473646,-0.7304367390235492,0.07536970926699249,1,False,Unusually large current account deterioration (+10),0,0,0,0,10,0,No unusual multivariate change detected
Bangladesh,2019,4.85541960909408,0.543244141585063,7.88191515117722,2220.0,5.59199639930629,30.38310051,32.2137331126266,164913055.0,30.8228396343012,-0.996755,-0.8895369,-0.9419472,99.0,-1.278,7.882,31.951,5.475,,0.04837500444152987,0.20682376674915925,0.02841679999999014,-0.27536200000001976,-0.10404570000000002,-0.061644400000000044,-0.03232060000000003,-0.046998999999999125,1.6989999999999998,4.223,2.3979999999999997,1.1509999999999998,20,1.5455735633732262,-0.15486526871581804,1.1258966155770274,0.1581252598022603,-1.6269598336760156,-0.4144143629064466,1,False,Unusually large decline in regulatory quality (+10); Unusually large increase in government debt (+10),0,0,10,0,0,10,No unusual multivariate change detected
Bangladesh,2020,2.99679985599855,0.407859894856915,3.44801755122445,2320.0,5.69107474746211,36.10910034,31.3079413414304,166298024.0,31.1168927321524,-1.01518479999999,-0.8942304,-0.8969166,99.0,-1.454,3.448,34.509,5.648,,0.09907834815582017,0.050703343714290305,-0.01842979999998995,-0.04684659999998009,-0.004693500000000017,0.0993522,0.04503060000000003,0.07735120000000006,-0.17599999999999993,-1.8749999999999998,2.558,0.16000000000000014,10,1.6574220917586244,-0.12830954402382605,-0.08979941333568568,-0.03515409745009272,-0.18203471793913265,0.39167482459760367,1,False,Unusually large increase in government debt (+10),0,0,0,0,0,10,No unusual multivariate change detected
Bangladesh,2021,8.01546441881831,0.414118154040593,6.93867912442445,2600.0,5.54565430773473,38.91744466,31.0187387357172,167658854.0,31.3992156886061,-1.0535518,-0.871176499999999,-0.974914899999999,99.0,-1.099,6.939,35.614,5.558,,-0.1454204397273804,-0.24449878788320056,-0.03836700000001003,-0.019937200000020083,0.02305390000000096,0.027747400000000977,-0.07799829999999908,-0.12302889999999911,0.355,0.5309999999999999,1.1049999999999969,-1.453000000000003,0,0.6416976433587245,-0.25636505324504666,0.2544857020523946,-0.11741085037169499,0.22150858715525876,-0.8904289571215712,1,False,No scored risk drivers detected,0,0,0,0,0,0,No unusual multivariate change detected
Bangladesh,2022,7.47651676918338,0.347960024540439,7.09982877575158,2850.0,7.69695437176898,41.61650085,32.047275580905,169384897.0,31.673734726234,-1.0954422,-0.9240476,-0.973641299999999,99.0,-3.954,7.1,37.863,6.15,,2.15130006403425,2.2967205037616303,-0.041890399999999994,-0.0035233999999899623,-0.05287110000000095,-0.07592500000000191,0.0012735999999999859,0.07927189999999906,-2.8550000000000004,-3.2100000000000004,2.2490000000000023,1.1440000000000055,20,1.4414146213143257,0.9465354445214783,-1.8267858994461705,-0.13194766814163542,-0.8827038954301856,-0.06432384869530886,1,False,Unusually large current account deterioration (+10); Unusually large increase in government debt (+10),0,0,0,0,10,10,No unusual multivariate change detected
Bangladesh,2023,1.98496630183718,0.335721505298968,5.77511237007889,2880.0,9.8835030377921,44.50274195,30.9512000834944,171466990.0,32.1578465036834,-1.0359445,-0.9009111,-0.9020256,99.0,-2.576,5.775,39.726,9.016,,2.1865486660231195,0.03524860198886959,0.059497699999999876,0.10138809999999987,0.023136500000000004,0.07600760000000095,0.07161569999999906,0.07034209999999907,1.3780000000000001,4.2330000000000005,1.8629999999999995,-0.3860000000000028,10,1.1715800465845505,0.9649967944369515,0.9177694554271711,0.286358608109909,0.22270987725813002,0.668722390229593,1,False,Unusually large increase in government debt (+10),0,0,0,0,0,10,No unusual multivariate change detected
Bangladesh,2024,5.99125561844593,0.283870773350074,4.22325911250161,2820.0,10.4657482763412,53.42171316,30.7004900245244,173562364.0,32.6783196323307,-1.46295089999999,-0.9500708,-0.9600594,99.0,-1.446,4.223,40.972,9.728,,0.5822452385491008,-1.6043034274740187,-0.42700639999999,-0.4865040999999899,-0.04915970000000003,-0.07229620000000003,-0.058033800000000024,-0.12964949999999908,1.1300000000000001,-0.248,1.2460000000000022,-0.6169999999999973,10,0.7402641589983603,0.1247476703853603,0.7569733940029829,-1.7208564245428877,-0.828727284197146,-0.6823757196291492,1,False,Unusually large decline in political stability (+10),0,10,0,0,0,0,No unusual multivariate change detected
Brunei,2000,-6.98893844109685,8.36413523538418,3.47467627672586,19390.0,1.55815247634946,8.99628453448726,18.7374704379378,326424.0,71.2246805488418,1.3522379999999998,0.7352101,0.7763369,99.0,45.089,10.964,,1.558,,,,,,,,,,,,,,0,,,,,,,1,False,No scored risk drivers detected,0,0,0,0,0,0,No unusual multivariate change detected
Brunei,2001,4.20397476367202,0.995621601100516,1.4660608198711,19270.0,0.59589041095899,12.9177690823013,20.8703202916699,333345.0,71.657883335906,,,,99.0,31.441,1.466,,0.596,,-0.9622620653904701,,,,,,,,-13.648,,,,10,,-0.5926051918646926,-1.754676525289634,,,,1,False,Unusually large current account deterioration (+10),0,0,0,0,10,0,No unusual multivariate change detected
Brunei,2002,0.70974593413375,3.62654271526088,3.9614389000248,18960.0,-2.31497242459321,15.329879855735,33.8596055630689,340099.0,72.1021556496525,1.0153957999999998,1.2956322,0.7815546,99.0,27.116,3.961,,-2.315,,-2.9108628355521997,-1.9486007701617296,,,,,,,-4.324999999999999,9.323,,,0,,-1.9031180648670578,-0.43276266621546233,,,,1,False,No scored risk drivers detected,0,0,0,0,0,0,No unusual multivariate change detected
Brunei,2003,15.8011866867578,1.72747847638813,3.58342909978997,19840.0,0.299999999999967,19.5950032207342,21.987880654086,346637.0,72.577635652792,1.0479687,1.1730273,0.7793346,99.0,34.188,3.583,,0.3,,2.614972424593177,5.525835260145376,0.03257290000000013,,-0.12260490000000002,,-0.0022199999999999998,,7.072000000000003,11.397000000000002,,,15,,1.813229764508914,1.1832249184534573,0.19639153747154817,-0.7322500210187899,0.04406560836527232,1,False,Unusually sharp inflation increase (+15),15,0,0,0,0,0,No unusual multivariate change detected
Brunei,2004,12.2773884467857,1.31341824941979,0.104538372603315,22190.0,0.814223994682613,29.7156041447864,19.5879660530209,352911.0,73.0675067339261,1.0993465,0.7918227,0.6210766,99.0,33.042,0.105,,0.814,,0.5142239946826459,-2.100748429910531,0.05137780000000003,0.018804899999999902,-0.3812046,-0.2585997,-0.158258,-0.156038,-1.1460000000000008,-8.218000000000004,,,10,,0.4003914332848321,0.01798968367156867,0.3499009523410006,-2.5525091319139572,-0.9984079818331747,-1,True,Unusually large decline in regulatory quality (+10),0,0,10,0,0,0,Unusual multivariate change detected
Brunei,2005,-0.565048343311574,1.65985733716788,-0.0039253166074644,25670.0,1.24443711883965,36.4663919475782,16.1152698630712,358916.0,73.552870858133,1.1115893,1.1720431999999998,0.1616575999999999,99.0,38.183,-0.004,,1.244,,0.43021312415703694,-0.08401087052560896,0.012242799999999887,-0.03913500000000014,0.38022049999999985,0.7614250999999999,-0.4594190000000001,-0.30116100000000007,5.140999999999998,6.286999999999999,,,10,,0.3438907231435713,0.9094272501200633,0.030431508158044355,2.807090958647878,-3.0104331865765994,-1,True,Unusually large decline in rule of law (+10),0,0,0,10,0,0,Unusual multivariate change detected
Brunei,2006,3.72947721267469,0.69467610091788,4.09841257308588,30720.0,0.159888078345121,42.1863491609307,15.1721720330137,364663.0,74.0148299904911,1.1147081,1.1694272,0.1605095,99.0,41.145,4.098,0.594,0.16,,-1.0845490404945288,-1.5147621646515659,0.003118800000000199,-0.009123999999999688,-0.0026159999999999517,-0.3828364999999998,-0.001148099999999902,0.45827090000000015,2.9620000000000033,-2.178999999999995,,,0,,-0.6748481312745378,0.600465510452294,-0.04405013765069929,0.11234062789259407,0.05122686037653763,1,False,No scored risk drivers detected,0,0,0,0,0,0,No unusual multivariate change detected
Brunei,2007,2.002755398847,1.91806992225192,-3.76362326254647,33470.0,0.967774119525101,44.68,19.7540037479305,370873.0,74.4344860960786,1.1198586,1.1739818,0.3784568,99.0,35.579,-3.764,0.685,0.968,,0.80788604117998,1.8924350816745088,0.005150499999999836,0.0020316999999996366,0.004554600000000075,0.007170600000000027,0.21794729999999998,0.21909539999999988,-5.5660000000000025,-8.528000000000006,0.09100000000000008,,0,0.07960588601938759,0.5978910433332434,-0.6087248134975658,-0.027464828598791947,0.16281381088772104,1.514980357819242,1,False,No scored risk drivers detected,0,0,0,0,0,0,No unusual multivariate change detected
Brunei,2008,1.75763562742917,1.39506580939608,-3.90071101715114,36700.0,2.08498023715415,46.0,20.641358896163,377793.0,74.7929411399737,1.1203026,0.949121,0.4440116,99.0,43.508,-3.901,0.942,2.085,,1.117206117629049,0.3093200764490691,0.00044400000000011097,-0.004706499999999725,-0.22486079999999997,-0.22941540000000005,0.06555480000000002,-0.15239249999999996,7.929000000000002,13.495000000000005,0.2569999999999999,0.16599999999999981,10,0.43783237310663076,0.8059213121660614,1.304739471411364,-0.0658852435482487,-1.4520197408513535,0.4968619725905362,-1,True,Unusually large decline in regulatory quality (+10),0,0,10,0,0,0,Unusual multivariate change detected
Brunei,2009,4.98804440516251,2.73305999823298,-1.90025367202547,35470.0,1.03571774271613,49.0,26.2203911122241,384952.0,75.0712970872547,1.3123741,1.0232638,0.6593956999999999,99.0,33.445,-1.9,1.11,1.036,,-1.04926249443802,-2.166468612067069,0.19207149999999995,0.19162749999999984,0.07414280000000006,0.29900360000000004,0.2153840999999999,0.1498292999999999,-10.063000000000002,-17.992000000000004,0.16800000000000015,-0.08899999999999975,10,0.2457711842466031,-0.651116501092021,-1.246357187653583,1.4984211552039979,0.6526386446396358,1.497855886175176,-1,True,Unusually large current account deterioration (+10),0,0,0,0,10,0,Unusual multivariate change detected
Brunei,2010,1.79958892918677,3.50710078835613,2.74136439456163,35370.0,0.356869132017561,53.0,23.6902575256773,392332.0,75.2506559029998,1.2633781,1.0035146,0.6410918,99.0,36.586,2.743,1.113,0.285,,-0.6788486106985689,0.37041388373945106,-0.04899600000000004,-0.2410675,-0.019749200000000133,-0.0938920000000002,-0.01830389999999993,-0.23368799999999984,3.1409999999999982,13.204,0.0029999999999998916,-0.16500000000000026,0,-0.11029731195457324,-0.40199817454067593,0.625846029681541,-0.46947715156933845,-0.00825836506365997,-0.06338924864002592,1,False,No scored risk drivers detected,0,0,0,0,0,0,No unusual multivariate change detected
Brunei,2011,5.4109037917457,3.73105568458092,3.74440625524871,36520.0,0.13791156316954,56.0,26.0242928941481,399389.0,75.312125504778,0.9587232,1.0180884,0.6708763999999999,99.0,34.713,3.744,2.129,0.138,9.3,-0.21895756884802098,0.45989104185054797,-0.30465489999999995,-0.2556588999999999,0.01457379999999997,0.0343230000000001,0.02978459999999994,0.04808849999999987,-1.8729999999999976,-5.013999999999996,1.016,1.0130000000000001,20,2.0757474556320394,-0.09270283823964878,-0.08509208995783371,-2.5564889487694322,0.23333802295711117,0.2578850002112659,1,False,Unusually large decline in political stability (+10); Unusually large increase in government debt (+10),0,10,0,0,0,10,No unusual multivariate change detected
Brunei,2012,8.6624786051031,4.54055753809902,0.913135189664487,41690.0,0.111766261400307,60.27310181,32.8821465207434,405557.0,75.2714233503027,0.901649,0.9898506,0.6338541999999999,99.0,29.835,0.913,2.101,0.112,8.495,-0.026145301769233006,0.19281226707878796,-0.057074199999999964,0.2475807,-0.02823779999999987,-0.04281159999999984,-0.037022200000000005,-0.06680679999999994,-4.878,-3.0050000000000026,-0.028000000000000025,-1.044,0,-0.17719502942267273,0.036971214007877375,-0.5111728736667138,-0.5354216530130262,-0.06800882683428164,-0.18844425705728116,1,False,No scored risk drivers detected,0,0,0,0,0,0,No unusual multivariate change detected
Brunei,2013,6.03260396777068,4.28670084809197,-2.12478292664558,44580.0,0.389205053123632,64.5,39.5934116228483,411202.0,75.1756915148608,0.9634698,1.0783592,0.4689993999999999,99.0,20.881,-2.125,2.209,0.383,7.702,0.27743879172332503,0.30358409349255805,0.06182080000000001,0.11889499999999997,0.08850859999999994,0.1167463999999998,-0.16485480000000002,-0.12783260000000002,-8.954,-4.0760000000000005,0.1080000000000001,0.13600000000000012,20,0.11629173108253907,0.24114380218135437,-1.0891114009204224,0.4351499469903578,0.7537581677299471,-1.0424805140357223,1,False,Unusually large decline in rule of law (+10); Unusually large current account deterioration (+10),0,0,0,10,10,0,No unusual multivariate change detected
Brunei,2014,-3.71042112467114,3.35660901155102,-2.50788727590711,42370.0,-0.207108731719822,68.76999664,27.44181699276,416750.0,75.0572639801502,1.2566861,1.0142248,0.4540224,99.0,30.718,-2.508,3.231,-0.201,6.9,-0.596313784843454,-0.8737525765667791,0.2932163,0.23139549999999998,-0.06413439999999992,-0.15264299999999986,-0.014976999999999907,0.14987780000000012,9.837,18.791,1.0219999999999998,0.9139999999999997,10,2.0886954009484455,-0.34649016417221074,1.575275955709714,2.324093137777044,-0.32068163813359696,-0.041162577013683394,-1,True,Unusually large increase in government debt (+10),0,0,0,0,0,10,Unusual multivariate change detected
Brunei,2015,5.22836962304385,1.32471179544033,-0.392383749502031,38180.0,-0.488347420743522,71.19999695,35.2473258617273,422212.0,74.9484620568562,1.2031979,0.9482167,0.3745892999999999,99.0,16.675,-0.392,2.953,-0.463,7.647,-0.2812386890237,0.315075095819754,-0.0534882000000001,-0.3467045000000001,-0.06600810000000001,-0.0018737000000000892,-0.07943310000000009,-0.06445610000000018,-14.043,-23.88,-0.278,-1.2999999999999998,10,-0.7166927509396057,-0.13458941192116303,-1.810683816326242,-0.5061481784547016,-0.33387043725472676,-0.4717870529566608,1,False,Unusually large current account deterioration (+10),0,0,0,0,10,0,No unusual multivariate change detected
Brunei,2016,-1.31732853335123,-1.32059047324396,-2.47791771833224,32570.0,-0.278693265753083,90.0,34.6202628541232,427564.0,74.8816070556641,1.0333017,0.7803650999999999,0.2656862,99.0,12.891,-2.478,3.005,-0.279,8.342,0.209654154990439,0.49089284401413896,-0.16989619999999994,-0.11640799999999984,-0.1678516000000001,-0.10184350000000009,-0.10890309999999992,-0.02946999999999983,-3.7840000000000007,10.258999999999999,0.052000000000000046,0.33000000000000007,20,-0.004555758537254029,0.19555589090137307,-0.3560539460868422,-1.4564177340558102,-1.0507373120440329,-0.6686730467732186,1,False,Unusually large decline in political stability (+10); Unusually large decline in regulatory quality (+10),0,10,10,0,0,0,No unusual multivariate change detected
Brunei,2017,4.72336260592112,3.85818821585897,1.32872661057823,29230.0,-1.2605056462896,94.86669922,34.804760189414,432772.0,74.8476440654983,1.0788022,0.8630799,0.2936458999999999,99.0,16.36,1.329,2.582,-1.261,9.0,-0.9818123805365171,-1.191466535526956,0.045500499999999944,0.21539669999999989,0.08271480000000009,0.2505664000000002,0.02795969999999992,0.13686279999999984,3.4689999999999994,7.253,-0.42300000000000004,-0.4750000000000001,0,-1.029601429419427,-0.605753569953459,0.6723533498334588,0.30192298468298323,0.7129761512128973,0.24569303380081997,1,False,No scored risk drivers detected,0,0,0,0,0,0,No unusual multivariate change detected
Brunei,2018,2.17754790548202,3.80486552830842,0.0523710418528935,28790.0,1.02505179290212,95.0,41.0665959296934,437810.0,74.8172471714305,1.1449838,0.8702445999999999,0.3405091,99.0,6.93,0.052,1.899,0.919,7.7,2.28555743919172,3.2673698197282373,0.06618160000000017,0.02068110000000023,0.007164699999999913,-0.07555010000000018,0.046863200000000105,0.018903500000000184,-9.43,-12.899,-0.6829999999999998,-0.2599999999999998,25,-1.5906790597970368,1.591684856214197,-1.1566037313847903,0.47074832062503474,0.18118606076019644,0.37198534408624107,1,False,Unusually sharp inflation increase (+15); Unusually large current account deterioration (+10),15,0,0,0,10,0,No unusual multivariate change detected
Brunei,2019,6.05489002751258,2.77118007919324,3.86884436177075,31550.0,-0.390522069165529,95.0,38.6777534991209,442680.0,74.7923311783673,1.0980607,0.8013123,0.2885456999999999,99.0,6.634,3.869,1.821,-0.285,6.7,-1.415573862067649,-3.701131301259369,-0.046923100000000106,-0.11310470000000028,-0.06893229999999995,-0.07609699999999986,-0.051963400000000104,-0.09882660000000021,-0.2959999999999994,9.134,-0.07800000000000007,0.6049999999999998,0,-0.2850945737260594,-0.8974757195407991,0.13851170235794086,-0.4525555159274111,-0.35445360766087775,-0.28826485464167173,1,False,No scored risk drivers detected,0,0,0,0,0,0,No unusual multivariate change detected
Brunei,2020,21.535969791503,4.71057565284031,1.1335733495246,30810.0,1.94031996607184,96.30549622,40.5878302733583,447404.0,74.7748108912151,1.1645233,0.8099841999999999,0.5634205999999999,99.0,4.278,1.134,2.158,1.937,7.3,2.330842035237369,3.746415897305018,0.06646259999999993,0.11338570000000003,0.008671899999999955,0.0776041999999999,0.27487490000000003,0.32683830000000014,-2.3560000000000008,-2.0600000000000014,0.33699999999999997,0.41500000000000004,15,0.6104716439920495,1.622140579610842,-0.1535769546937373,0.47304219858122054,0.1917951006467132,1.8953077111138317,1,False,Unusually sharp inflation increase (+15),15,0,0,0,0,0,No unusual multivariate change detected
Brunei,2021,5.55089873925077,1.47404982867232,-1.59076260099606,29890.0,1.73341388450593,97.62879944,31.2725676396553,451721.0,74.7667316936175,1.1632013,0.86713,0.5616354,99.0,11.137,-1.591,1.434,1.736,4.9,-0.20690608156591006,-2.537748116803279,-0.0013219999999998233,-0.06778459999999975,0.057145800000000024,0.04847390000000007,-0.0017851999999999313,-0.27666009999999996,6.859000000000001,9.215000000000002,-0.724,-1.061,0,-1.679156686125814,-0.08459772534845363,1.1530235184767543,-0.08030157262521505,0.5329983507495608,0.046970461779301954,1,False,No scored risk drivers detected,0,0,0,0,0,0,No unusual multivariate change detected
Brunei,2022,8.33096652576766,-1.73946797718401,-1.62833154515108,30970.0,3.68225030604216,98.97042579,25.8510429426901,455370.0,74.7772642014221,1.175984,0.8654815,0.6385843999999999,99.0,19.513,-1.628,1.326,3.683,5.2,1.94883642153623,2.15574250310214,0.012782699999999814,0.014104699999999637,-0.0016484999999999417,-0.058794299999999966,0.07694899999999993,0.07873419999999987,8.376000000000001,1.5170000000000003,-0.10799999999999987,0.6160000000000001,15,-0.34983430030809093,1.3652263455715312,1.3681198741793736,0.034838855875288614,0.11915076993758132,0.5729854334234041,1,False,Unusually sharp inflation increase (+15),15,0,0,0,0,0,No unusual multivariate change detected
Brunei,2023,11.0541274684832,-0.37050451622702,1.12764418162719,34390.0,0.35706431153689,98.97039795,29.6282073672206,458949.0,74.8199193881365,1.3348873,0.8078928,0.638307,99.0,12.874,1.128,1.672,0.357,5.2,-3.32518599450527,-5.2740224160415,0.1589033000000002,0.14612060000000038,-0.05758870000000005,-0.055940200000000107,-0.0002773999999999832,-0.07722639999999992,-6.639000000000001,-15.015000000000002,0.34599999999999986,0.45399999999999974,0,0.6298935619666588,-2.181767155899665,-0.7608661382628329,1.2276602910530074,-0.27460706781434957,0.05704391618977353,1,False,No scored risk drivers detected,0,0,0,0,0,0,No unusual multivariate change detected
Brunei,2024,5.32161859357294,0.189449066349964,4.05251709306727,36020.0,-0.388674165036461,96.29828801,27.8989646632704,462721.0,74.8983133873697,1.2027245,0.8869612,0.5876078,99.0,14.54,4.053,1.568,-0.389,4.8,-0.745738476573351,2.5794475179319187,-0.13216280000000014,-0.2910661000000003,0.07906840000000004,0.1366571000000001,-0.050699199999999944,-0.05042179999999996,1.6659999999999986,8.305,-0.10399999999999987,-0.44999999999999973,10,-0.34120233676382,-0.44698431620941187,0.4167048796081309,-1.1483899245468527,0.6873094825277896,-0.2798188664033641,1,False,Unusually large decline in political stability (+10),0,10,0,0,0,0,No unusual multivariate change detected
Cambodia,2000,4.9797381987855,3.20257592365608,9.99358032292079,290.0,-0.791992529473567,0.047022640068885,20.3442509411501,12462336.0,18.6242216655572,-1.0009785,-0.3323699,-1.20014019999999,99.0,-2.545,10.712,34.128,-0.826,,,,,,,,,,,,,,0,,,,,,,1,False,No scored risk drivers detected,0,0,0,0,0,0,No unusual multivariate change detected
Cambodia,2001,4.27909232083945,3.53337669089546,7.38971065070517,310.0,-0.600648300123686,0.0769560555527296,20.2055208570396,12658484.0,18.7186818716995,,,,99.0,-0.935,5.541,33.633,-0.117,,0.19134422934988105,,,,,,,,1.6099999999999999,,-0.49499999999999744,,0,-0.06924408676763273,0.019176403861385305,0.18424151792436402,,,,1,False,No scored risk drivers detected,0,0,0,0,0,0,No unusual multivariate change detected
Cambodia,2002,5.99031639781238,2.90934773211661,6.26507280509637,320.0,0.211466568022607,0.226983237666204,23.868414318253,12855241.0,18.803641734126,-0.9341163,-0.2523816,-1.2761676,99.0,-2.153,8.658,37.753,-0.036,,0.812114868146293,0.6207706387964119,,,,,,,-1.218,-2.828,4.119999999999997,4.614999999999995,10,1.9023433297832955,0.11465698316557708,-0.16701804119255825,,,,1,False,Unusually large increase in government debt (+10),0,0,0,0,0,10,No unusual multivariate change detected
Cambodia,2003,9.13468836139893,1.61651685032136,10.2836813071691,370.0,0.94174611779921,0.260570197574002,24.0058224692333,13050968.0,18.8881765274479,-0.9692824,-0.2523591,-1.29081999999999,99.0,-3.273,7.948,39.634,1.027,,0.730279549776603,-0.08183531836968994,-0.03516609999999998,,2.249999999998087e-05,,-0.014652399999990129,,-1.12,0.09799999999999986,1.8810000000000002,-2.238999999999997,0,0.9458137034219677,0.10206991297064871,-0.15484568023306097,-0.839266715850184,0.20662780907605074,-0.48105913642475057,1,False,No scored risk drivers detected,0,0,0,0,0,0,No unusual multivariate change detected
Cambodia,2004,6.05390504345536,2.2337173477841,9.45769481103929,430.0,4.31933677434786,0.300436644360101,23.9729963521885,13244731.0,18.9813615262763,-0.7441669,-0.408007199999999,-1.2330613,99.0,-1.936,8.256,38.101,3.925,,3.37759065654865,2.6473111067720474,0.22511550000000002,0.2602816,-0.155648099999999,-0.155670599999999,0.05775869999999017,0.0724110999999803,1.3370000000000002,2.4570000000000003,-1.5330000000000013,-3.4140000000000015,10,-0.5126910506635965,0.5092521833227,0.15033279810862155,1.7779980312301968,-1.6581318466741426,0.9321920673142661,1,False,Unusually large decline in regulatory quality (+10),0,0,10,0,0,0,No unusual multivariate change detected
Cambodia,2005,13.4209359853042,5.36603852621255,13.3033338358455,510.0,6.61525912001587,0.317321781089656,24.3001536627765,13439202.0,19.0922720052225,-0.659880799999999,-0.5046565,-1.31712459999999,99.0,-3.364,14.118,31.285,6.349,,2.29592234566801,-1.0816683108806404,0.08428610000000092,-0.1408293999999991,-0.09664930000000094,0.058998799999998075,-0.08406329999999018,-0.14182199999998035,-1.428,-2.765,-6.815999999999999,-5.282999999999998,10,-2.7696566674866863,0.34288104641114686,-0.1931016718200525,0.3618863123362011,-0.9513922183970522,-1.8357552807677489,1,False,Unusually large decline in rule of law (+10),0,0,0,10,0,0,No unusual multivariate change detected
Cambodia,2006,7.92009592855536,5.78657071926189,10.9433600681694,580.0,5.81068550464306,0.468400002,25.2476635792145,13639028.0,19.2299832388976,-0.5438366,-0.525645599999999,-1.3170465,99.0,-0.56,10.858,26.627,6.143,,-0.80457361537281,-3.10049596104082,0.11604419999999904,0.031758099999998124,-0.020989099999999095,0.07566020000000184,7.809999999008888e-05,0.08414139999998027,2.804,4.231999999999999,-4.658000000000001,2.1579999999999977,0,-1.8477312839727313,-0.13400547493667211,0.33254558920640265,0.681230267361253,-0.0450676554674102,-0.1935632020078547,1,False,No scored risk drivers detected,0,0,0,0,0,0,No unusual multivariate change detected
Cambodia,2007,7.43482113119818,8.56334609470361,10.398458101201,670.0,8.70882770568049,0.49,25.6914602814207,13841770.0,19.4035705019128,-0.5980652,-0.4484834,-1.2296536,99.0,-1.421,9.804,25.292,7.668,,2.8981422010374294,3.7027158164102394,-0.05422859999999996,-0.170272799999999,0.07716219999999907,0.09815129999999817,0.0873929,0.0873148000000099,-0.861,-3.665,-1.3349999999999973,3.323000000000004,10,-0.4281029014811281,0.4355083342781179,-0.12267586912581807,-1.0309499129767565,1.1306751270453552,1.5105642895546136,1,False,Unusually large decline in political stability (+10),0,10,0,0,0,0,No unusual multivariate change detected
Cambodia,2008,12.7354497961963,6.69590818514056,7.47636606631011,780.0,24.096851930605,0.51,23.0800200013877,14053479.0,19.6574509865325,-0.460177,-0.4508525,-1.2423688,99.0,-5.57,9.042,22.711,24.997,,15.388024224924509,12.48988202388708,0.13788819999999996,0.19211679999999992,-0.002369100000000013,-0.07953129999999908,-0.012715199999999927,-0.10010809999999992,-4.149,-3.2880000000000003,-2.581000000000003,-1.2460000000000058,15,-0.9604101433061487,2.3565740170783247,-0.531071000093442,0.9008828710613465,0.1779791163062395,-0.4432507032995789,1,False,Unusually sharp inflation increase (+15),15,0,0,0,0,0,No unusual multivariate change detected
Cambodia,2009,1.11528862706638,7.42542554520067,4.07477850599065,840.0,-1.24171754189637,0.53,26.3323279290139,14276810.0,20.1979728726519,-0.5824764,-0.4303625,-1.2243761,99.0,-8.05,5.295,23.111,-0.662,,-25.33856947250137,-40.726593697425876,-0.1222994,-0.26018759999999996,0.020490000000000008,0.02285910000000002,0.017992699999999973,0.0307078999999999,-2.4800000000000004,1.6689999999999996,0.40000000000000213,2.981000000000005,10,0.31311143605210323,-3.9075733447494216,-0.32376824048730934,-1.7154366578928757,0.4518055642466955,0.15607697766796633,-1,True,Unusually large decline in political stability (+10),0,10,0,0,0,0,Unusual multivariate change detected
Cambodia,2010,9.27425483361671,10.169807189939,5.07691843229247,910.0,3.99639528107218,1.26,22.317490039603,14500726.0,21.1232251168762,-0.3874276,-0.411989799999999,-1.233226,99.0,-7.236,5.267,23.531,3.996,,5.238112822968549,30.57668229546992,0.19504880000000002,0.3173482,0.018372700000000963,-0.002117299999999045,-0.008849899999999966,-0.02684259999999994,0.814000000000001,3.2940000000000014,0.41999999999999815,0.01999999999999602,0,0.32165569354528,0.7954186402325957,0.08537213706967173,1.4756619691687922,0.4264426786464722,-0.36781144222201134,1,False,No scored risk drivers detected,0,0,0,0,0,0,No unusual multivariate change detected
Cambodia,2011,10.7540860169109,9.59845134883877,7.28665813879552,990.0,5.4784474961745,3.099999905,22.3677149230901,14722584.0,22.3824788531276,-0.3236001,-0.660577299999999,-1.1516075,99.0,-6.531,8.77,23.738,5.478,,1.4820522151023199,-3.7560606078662295,0.06382749999999998,-0.13122130000000004,-0.24858750000000002,-0.266960200000001,0.08161850000000004,0.0904684,0.7050000000000001,-0.10900000000000087,0.20700000000000074,-0.2129999999999974,10,0.2306593512429305,0.2176998817615802,0.07183349069635318,0.15616461493376804,-2.7714418971887067,1.3978650245127522,1,False,Unusually large decline in regulatory quality (+10),0,0,10,0,0,0,No unusual multivariate change detected
Cambodia,2012,6.03071917185325,11.1524912445112,7.65025657870362,1110.0,2.93431609293951,4.94,24.6712332656387,14945085.0,23.9411047582349,-0.377158799999999,-0.516539899999999,-1.0805729,99.0,-6.961,9.115,24.962,2.934,,-2.54413140323499,-4.02618361833731,-0.053558699999999015,-0.117386199999999,0.14403739999999998,0.3926249,0.07103459999999995,-0.01058390000000009,-0.4300000000000006,-1.1350000000000007,1.2240000000000002,1.0169999999999995,10,0.6651348447710551,-0.40156643052605445,-0.06914232245700856,-1.0242137255010701,1.9317652168261348,1.1912984978993246,1,False,Unusually large decline in political stability (+10),0,10,0,0,0,0,No unusual multivariate change detected
Cambodia,2013,6.80944030941306,10.4430587644193,7.8574997554252,1230.0,2.94162509547349,6.0,26.8520095001976,15170208.0,25.7644735090271,-0.3707293,-0.491139699999999,-1.15471679999999,99.0,-7.121,7.832,24.555,2.942,,0.007309002533980369,2.5514404057689704,0.006429499999999033,0.05998819999999805,0.02540020000000004,-0.11863719999999994,-0.07414389999999016,-0.1451784999999901,-0.16000000000000014,0.27000000000000046,-0.40700000000000003,-1.6310000000000002,10,-0.031649353797648605,-0.00913000912043643,-0.035606225935944494,-0.42100166171783615,0.5106242677248393,-1.6421578352052226,1,False,Unusually large decline in rule of law (+10),0,0,0,10,0,0,No unusual multivariate change detected
Cambodia,2014,5.40794543073638,8.40902020300656,8.00032074618566,1330.0,3.85568861424207,14.0,30.0126716073678,15396772.0,27.8179557823331,-0.2628078,-0.6121749,-1.1952691,99.0,-7.213,5.84,24.026,3.856,,0.9140635187685797,0.9067545162345994,0.1079215,0.10149200000000097,-0.12103520000000095,-0.146435400000001,-0.04055230000000987,0.03359159999998029,-0.09199999999999964,0.0680000000000005,-0.5289999999999999,-0.12199999999999989,10,-0.08376932450603718,0.13033768004835763,-0.027160097923232013,0.5995523601979833,-1.2435080224676922,-0.9865488313991124,1,False,Unusually large decline in regulatory quality (+10),0,0,10,0,0,0,No unusual multivariate change detected
Cambodia,2015,5.68236198818258,7.54029662001984,7.20703472529512,1430.0,1.22393195511119,6.43319107021405,29.8714938168298,15623251.0,30.0669222549819,-0.1585169,-0.6326758,-1.2627563,99.0,-7.288,6.834,23.396,1.221,,-2.63175665913088,-3.5458201778994596,0.10429089999999999,-0.0036306000000000116,-0.020500900000000044,0.10053430000000091,-0.06748719999999997,-0.026934899999990103,-0.07500000000000018,0.01699999999999946,-0.629999999999999,-0.10099999999999909,10,-0.12691782484658803,-0.41504404958812724,-0.025048565920053976,0.5630448184019052,-0.03921956556517124,-1.5122386751880676,1,False,Unusually large decline in rule of law (+10),0,0,0,10,0,0,No unusual multivariate change detected
Cambodia,2016,4.57993951761237,9.32318507305764,7.90550116130704,1550.0,3.01913975139128,32.3984517141849,30.3850325759008,15852803.0,32.4767436038024,-0.0778582999999999,-0.567275899999999,-1.2323005,99.0,-6.867,7.357,22.025,3.022,,1.7952077962800899,4.426964455410969,0.0806586000000001,-0.023632299999999898,0.06539990000000107,0.08590080000000111,0.030455799999999922,0.09794299999999989,0.42100000000000026,0.49600000000000044,-1.3710000000000022,-0.7410000000000032,0,-0.44348256496885147,0.2658662646967764,0.036558485466789595,0.3254099426272542,0.9897759302874131,0.39931994839102486,1,False,No scored risk drivers detected,0,0,0,0,0,0,No unusual multivariate change detected
Cambodia,2017,6.67517339477158,9.49760203098743,8.07503915535979,1690.0,2.91263557371478,32.9002785437986,30.6334526919382,16073372.0,35.0127905056235,-0.153852799999999,-0.603996499999999,-1.18795879999999,99.0,-6.51,7.58,22.853,2.913,,-0.10650417767649989,-1.9017119739565898,-0.07599449999999912,-0.1566530999999992,-0.0367206000000001,-0.10212050000000117,0.04434170000000992,0.013885900000009999,0.3570000000000002,-0.06400000000000006,0.828000000000003,2.199000000000005,10,0.4959585464061227,-0.026635586381658923,0.02860918851364849,-1.2498171811911623,-0.23351342830079194,0.6703317806932421,1,False,Unusually large decline in political stability (+10),0,10,0,0,0,0,No unusual multivariate change detected
Cambodia,2018,5.47509797087133,9.69240300027112,8.77622376224463,1920.0,2.45908515380146,65.0,30.7394192448512,16274522.0,37.6404336372742,-0.1054427,-0.5908086,-1.2191229,99.0,-8.99,8.731,21.308,2.46,,-0.45355041991332,-0.3470462422368201,0.04841009999999901,0.12440459999999813,0.013187899999999031,0.049908499999999134,-0.031164100000009798,-0.07550580000001972,-2.4800000000000004,-2.8370000000000006,-1.5450000000000017,-2.3730000000000047,0,-0.5178176051595038,-0.08001468356054756,-0.32376824048730934,0.0011347645269793793,0.3643345743343075,-0.8033188438565071,1,False,No scored risk drivers detected,0,0,0,0,0,0,No unusual multivariate change detected
Cambodia,2019,3.38412497568179,9.98500044202808,7.93695013588524,2100.0,1.94257500833107,52.305878224498,31.3945541935104,16481304.0,39.5830241256026,-0.1935314,-0.6492291,-1.1306816,99.0,-8.347,7.883,21.242,1.942,,-0.51651014547039,-0.06295972555706997,-0.08808869999999999,-0.136498799999999,-0.058420499999999986,-0.07160839999999902,0.08844129999999994,0.11960540000000974,0.6430000000000007,3.123000000000001,-0.06599999999999895,1.4790000000000028,10,0.11403023646104464,-0.0896985034665233,0.06413260927299783,-1.37143055418465,-0.4934539569157884,1.531025966866522,1,False,Unusually large decline in political stability (+10),0,10,0,0,0,0,No unusual multivariate change detected
Cambodia,2020,-1.88703200575925,10.410239809326,-3.55572193406549,2050.0,2.9402951426397,56.37590027,31.351227539335,16725474.0,39.832658030922,-0.2401873,-0.696444,-1.1462953,99.0,-0.98,-2.958,25.52,2.94,,0.9977201343086299,1.51423027977902,-0.0466559,0.04143279999999999,-0.04721489999999995,0.011205600000000038,-0.015613700000000064,-0.10405500000000001,7.366999999999999,6.723999999999998,4.277999999999999,4.343999999999998,10,1.9698429639794057,0.14320488351319752,0.8993056204123844,-0.9548025374027034,-0.35922340343636083,-0.49982087850806,1,False,Unusually large increase in government debt (+10),0,0,0,0,0,10,No unusual multivariate change detected
Cambodia,2021,-2.44454048632909,9.4684591111041,3.08984284148661,2120.0,2.92073477592949,60.76269913,30.3788112661952,16974305.0,40.1091858128847,-0.1486895,-0.6885401,-1.14770479999999,99.0,-30.097,2.904,26.391,2.921,,-0.019560366710209998,-1.01728050101884,0.09149779999999999,0.1381537,0.007903899999999964,0.05511879999999991,-0.0014094999999900715,0.014204200000009992,-29.117,-36.484,0.8709999999999987,-3.407,10,0.5143287000164546,-0.013262780196638879,-3.632290473937613,0.4344036480853173,0.3010381649867342,-0.2225967685557278,-1,True,Unusually large current account deterioration (+10),0,0,0,0,10,0,Unusual multivariate change detected
Cambodia,2022,5.21899382362822,8.94830125779534,5.12990110773977,2270.0,5.34370264895437,65.49079895,34.5945264318735,17201724.0,40.374616187368,-0.0739156,-0.6946692,-1.1151898,99.0,-19.189,5.503,25.283,5.339,,2.42296787302488,2.44252823973509,0.0747739,-0.016723899999999986,-0.0061290999999999984,-0.014032999999999962,0.03251499999999008,0.03392449999998015,10.908000000000001,40.025000000000006,-1.107999999999997,-1.9789999999999957,0,-0.33112557893355243,0.3624218877330876,1.3391253158978944,0.26623627127613236,0.13293852222090324,0.4395094618596265,1,False,No scored risk drivers detected,0,0,0,0,0,0,No unusual multivariate change detected
Cambodia,2023,4.57932638761778,9.35096701989758,5.00733043811898,2390.0,2.12746796594194,68.92549896,33.2944796211269,17423880.0,40.6290788072508,0.1346422,-0.676237299999999,-1.099508,99.0,1.308,5.007,26.278,2.132,,-3.2162346830124298,-5.63920255603731,0.2085578,0.13378389999999998,0.018431900000000945,0.024561000000000943,0.01568180000000008,-0.01683319999999,20.497,9.588999999999999,0.9949999999999974,2.1029999999999944,0,0.5673030964741606,-0.5049424707167107,2.5301535734552383,1.6115018805121557,0.4271518284256879,0.1109750222119488,-1,True,No scored risk drivers detected,0,0,0,0,0,0,Unusual multivariate change detected
Cambodia,2024,2.39395038979875,9.48089832015712,6.0158145735202,2550.0,0.808042016536654,68.47530365,32.1861316004857,17638801.0,40.8727033252729,0.1284232,-0.6313721,-1.0562612,99.0,0.495,6.02,26.138,0.802,,-1.319425949405286,1.8968087336071437,-0.006219000000000002,-0.2147768,0.04486519999999905,0.026433299999998106,0.04324679999999992,0.02756499999999984,-0.8130000000000001,-21.31,-0.13999999999999702,-1.1349999999999945,0,0.08241648373628516,-0.21319478583070436,-0.11671389641096225,-0.548188805002047,0.7437931942862831,0.6489625604633545,1,False,No scored risk drivers detected,0,0,0,0,0,0,No unusual multivariate change detected
China,2000,11.7118299109767,3.43984725315719,8.57357328926101,950.0,0.347811226864587,1.77591320677415,33.6326827140045,1262645000.0,36.4320234662299,-0.2665282,-0.276320399999999,-0.6100298,99.0,1.674,8.572,22.708,0.352,,,,,,,,,,,,,,0,,,,,,,1,False,No scored risk drivers detected,0,0,0,0,0,0,No unusual multivariate change detected
China,2001,7.2078438693799,3.47245235578959,8.32404695347056,1020.0,0.719125609120114,2.63965021485872,35.523858010134,1271850000.0,37.6597442626953,,,,99.0,1.288,8.319,24.252,0.724,,0.37131438225552704,,,,,,,,-0.3859999999999999,,1.5440000000000005,,0,-0.391439757255043,0.17175577974620315,-0.28278024287044773,,,,1,False,No scored risk drivers detected,0,0,0,0,0,0,No unusual multivariate change detected
China,2002,9.33537082956984,3.56241418263928,9.23604870383861,1130.0,-0.731970902350244,4.59570433077551,36.0687816828708,1280400000.0,39.0897827148438,-0.4590725,-0.6181034,-0.6505266,99.0,2.383,9.214,25.553,-0.766,,-1.451096511470358,-1.822410893725885,,,,,,,1.095,1.4809999999999999,1.301000000000002,-0.24299999999999855,0,-0.4659048603085511,-0.6591303503491556,0.7399243717599141,,,,1,False,No scored risk drivers detected,0,0,0,0,0,0,No unusual multivariate change detected
China,2003,6.3537039301879,3.43849537731211,10.1138119025242,1300.0,1.12760348729637,6.2,39.4280130265115,1288400000.0,40.5302314758301,-0.5750816,-0.5718516,-0.7507446,99.0,2.561,10.121,26.418,1.162,,1.859574389646614,3.310670901116972,-0.11600909999999998,,0.046251799999999954,,-0.10021800000000003,,0.17799999999999994,-0.917,0.8649999999999984,-0.4360000000000035,20,-0.5995130287502383,0.8502935356244707,0.1066899817423301,-1.0258532379050893,0.2783948842334032,-1.5249755806462892,1,False,Unusually large decline in political stability (+10); Unusually large decline in rule of law (+10),0,10,0,10,0,0,No unusual multivariate change detected
China,2004,8.26374543458137,3.43299015092913,10.1404291872206,1530.0,3.82463743108159,7.3,41.6343741627493,1296075000.0,41.7600135803223,-0.449434399999999,-0.3199809,-0.7216823,99.0,3.484,10.115,26.0,3.893,,2.69703394378522,0.8374595541386061,0.12564720000000096,0.24165630000000093,0.2518707,0.20561890000000005,0.029062299999999985,0.12928030000000001,0.923,0.7450000000000001,-0.41799999999999926,-1.2829999999999977,15,-0.9926765152426303,1.2321138651918564,0.6211497642538898,0.8824768224722606,2.9537307681434792,0.3806831524140478,1,False,Unusually sharp inflation increase (+15),15,0,0,0,0,0,No unusual multivariate change detected
China,2005,11.1859125883576,4.49218509012467,11.4535130030645,1790.0,1.77641407667571,8.52325700269541,40.178086700104,1303720000.0,42.9899978637695,-0.5590294,-0.275588599999999,-0.8350576,99.0,5.69,11.437,25.91,1.809,,-2.04822335440588,-4.7452572981911,-0.109595000000001,-0.23524220000000196,0.044392300000000995,-0.207478399999999,-0.11337529999999996,-0.14243759999999994,2.2060000000000004,1.2830000000000004,-0.08999999999999986,0.3279999999999994,10,-0.8921639481580593,-0.9313765344621119,1.507125470243596,-0.9752018795905558,0.2542006731169737,-1.7189210127693166,1,False,Unusually large decline in rule of law (+10),0,0,0,10,0,0,No unusual multivariate change detected
China,2006,10.3687489915944,4.44499743873593,12.6752842281595,2090.0,1.6494309945586,10.5231526193851,39.6897003482818,1311020000.0,44.3430099487305,-0.5305461,-0.1592207,-0.8515222,99.0,8.284,12.665,25.174,1.467,,-0.12698308211710985,1.92124027228877,0.02848329999999999,0.138078300000001,0.11636789999999902,0.07197559999999803,-0.01646460000000005,0.0969106999999999,2.5940000000000003,0.3879999999999999,-0.7360000000000007,-0.6460000000000008,0,-1.0901246747941358,-0.05543143321126368,1.7750588871757909,0.11518546216632229,1.1906851375604308,-0.2904069871831276,1,False,No scored risk drivers detected,0,0,0,0,0,0,No unusual multivariate change detected
China,2007,13.9019620132322,4.33537500236917,14.1507710506103,2550.0,4.81676767378834,16.0,40.2220879226288,1317885000.0,45.8892440795898,-0.5003284,-0.1438419,-0.72761,99.0,9.774,14.154,28.708,4.774,,3.16733667922974,3.2943197613468502,0.030217700000000014,0.0017344000000000248,0.015378799999999998,-0.10098909999999903,0.12391220000000003,0.14037680000000008,1.4899999999999984,-1.1040000000000019,3.533999999999999,4.27,15,0.21837734182512933,1.4465375284678372,1.0126916389975855,0.12888180551312728,-0.12329797933096588,1.7788199162125518,1,False,Unusually sharp inflation increase (+15),15,0,0,0,0,0,No unusual multivariate change detected
China,2008,8.91047291904839,3.67520717506325,9.66877608164454,3140.0,5.92525137041092,22.6,41.9607249432501,1324655000.0,46.9895057678223,-0.553233499999999,-0.0727936,-0.694980199999999,99.0,9.034,9.638,26.715,5.845,,1.1084836966225797,-2.0588529826071604,-0.05290509999999904,-0.08312279999999905,0.0710483,0.0556695,0.03262980000000093,-0.0912823999999991,-0.7399999999999984,-2.229999999999997,-1.9929999999999986,-5.5269999999999975,0,-1.4753207017005556,0.5078510922512973,-0.5272349583188924,-0.5275287161357266,0.6010255677229865,0.43326995434902593,1,False,No scored risk drivers detected,0,0,0,0,0,0,No unusual multivariate change detected
China,2009,10.1259024061811,2.52538984334254,9.40610014336416,3740.0,-0.728165250932898,28.9,44.9282638913962,1331260000.0,48.3417053222656,-0.310643499999999,-0.139326099999999,-0.7010099,99.0,4.699,9.445,33.985,-0.692,,-6.653416621343818,-7.761900317966398,0.24259000000000003,0.29549509999999907,-0.06653249999999901,-0.137580799999999,-0.006029700000000915,-0.038659500000001845,-4.335000000000001,-3.5950000000000024,7.27,9.262999999999998,30,1.36323999617866,-3.0310079760215287,-3.0097623652035344,1.8059597218822643,-1.189057207630119,-0.13659114429283678,1,False,Unusually large decline in regulatory quality (+10); Unusually large current account deterioration (+10); Unusually large increase in government debt (+10),0,0,10,0,10,10,No unusual multivariate change detected
China,2010,11.7154437946217,3.93541996731512,10.5916903885704,4410.0,3.17532475269199,34.3,46.1023443345586,1337705000.0,49.2340270628041,-0.6176124,-0.1275767,-0.7004332,99.0,3.874,10.587,33.343,3.33,,3.9034900036248876,10.556906624968706,-0.30696890000000093,-0.549558900000001,0.011749399999999022,0.07828189999999803,0.0005766999999999856,0.0066064000000009004,-0.8249999999999997,3.510000000000001,-0.6419999999999959,-7.9119999999999955,25,-1.0613192439833121,1.7821696238253175,-0.585931712028266,-2.533839277017858,-0.17052060359880233,-0.03920937882592862,1,False,Unusually sharp inflation increase (+15); Unusually large decline in political stability (+10),15,10,0,0,0,0,No unusual multivariate change detected
China,2011,15.0447370146863,3.65069190228423,9.46205248298186,5130.0,5.55389892257493,38.3,46.2703012824496,1345035000.0,51.8300285339355,-0.6326472,-0.0991737999999999,-0.5970818,99.0,1.784,9.451,33.184,5.416,,2.3785741698829397,-1.524915833741948,-0.015034800000000015,0.2919341000000009,0.028402900000000092,0.01665350000000107,0.10335139999999998,0.1027747,-2.09,-1.2650000000000001,-0.15900000000000603,0.4829999999999899,25,-0.913308360136218,1.086919491058298,-1.4594775172324577,-0.22847161774637698,0.046160383132958734,1.4757430508378035,1,False,Unusually sharp inflation increase (+15); Unusually large current account deterioration (+10),15,0,0,0,10,0,No unusual multivariate change detected
China,2012,9.24912567008298,2.78099138181613,7.8578201481217,6010.0,2.61952432645541,42.30009842,45.8169211701107,1354190000.0,53.1003112792969,-0.6177714,-0.2489079,-0.691498899999999,99.0,2.481,7.848,33.825,2.621,,-2.9343745961195196,-5.312948766002459,0.014875799999999995,0.02991060000000001,-0.1497341000000001,-0.17813700000000018,-0.09441709999999903,-0.19776849999999901,0.6969999999999998,2.787,0.6410000000000053,0.8000000000000114,20,-0.6681557574909189,-1.3353967136881646,0.46508545439132254,0.007728709345954377,-2.271604707294476,-1.4394673033247514,1,False,Unusually large decline in regulatory quality (+10); Unusually large decline in rule of law (+10),0,0,10,10,0,0,No unusual multivariate change detected
China,2013,8.92268072023641,2.98598708261986,7.77842954757257,6860.0,2.62105001748115,45.79999924,45.9224093546636,1363240000.0,54.4900016784668,-0.5627312,-0.262571999999999,-0.795021299999999,99.0,1.514,7.771,36.438,2.625,,0.0015256910257401834,2.9359002871452597,0.055040199999999984,0.04016439999999999,-0.013664099999998985,0.1360700000000011,-0.10352240000000001,-0.009105300000000982,-0.9669999999999999,-1.6639999999999997,2.6129999999999995,1.9719999999999942,10,-0.06385459197026704,0.0031591719961399944,-0.6839898182251002,0.324902033099648,-0.5011791592361654,-1.5736841520026716,1,False,Unusually large decline in rule of law (+10),0,0,0,10,0,0,No unusual multivariate change detected
China,2014,9.22369420884539,2.51155883670463,7.46100735778161,7600.0,1.92164162788521,47.90000153,45.3115352657107,1371860000.0,55.7502555847168,-0.523856099999999,-0.1691285,-0.6904443,99.0,2.206,7.491,39.308,1.995,,-0.6994083895959402,-0.7009340806216804,0.03887510000000094,-0.016165099999999044,0.09344349999999899,0.10710759999999797,0.10457699999999903,0.20809939999999905,0.692,1.6589999999999998,2.8699999999999974,0.2569999999999979,0,0.014900681629533532,-0.31641552309855275,0.46163270417312424,0.1972482278439855,0.8924126055261273,1.4938090310624546,1,False,No scored risk drivers detected,0,0,0,0,0,0,No unusual multivariate change detected
China,2015,8.79647626075936,2.14957284731563,6.98162255562367,8040.0,1.43702380935655,50.29999924,42.7349872564364,1379860000.0,57.3297843933105,-0.5462433,-0.1789518,-0.6620808,99.0,2.592,7.018,40.782,1.442,,-0.48461781852866004,0.21479057106728017,-0.02238720000000094,-0.06126230000000188,-0.009823300000000007,-0.10326679999999899,0.028363499999999986,-0.07621349999999905,0.3860000000000001,-0.3059999999999998,1.4739999999999966,-1.3960000000000008,0,-0.4128906099865075,-0.21848672614640485,0.2503243908193831,-0.286532615684027,-0.45120598039453613,0.37038247765801335,1,False,No scored risk drivers detected,0,0,0,0,0,0,No unusual multivariate change detected
China,2016,9.48691271656419,1.52539470315394,6.7736886867727,8360.0,2.00000182191943,53.2,42.1386166189127,1387790000.0,58.8399238586426,-0.501441799999999,-0.147913799999999,-0.6211726,99.0,1.671,6.776,50.033,1.996,,0.56297801256288,1.04759583109154,0.04480150000000094,0.06718870000000188,0.03103800000000098,0.04086130000000099,0.04090820000000006,0.012544700000000075,-0.921,-1.3070000000000002,9.251000000000005,7.777000000000008,10,1.970299128479075,0.25914038253494037,-0.6522245162176752,0.244048279279931,0.08044603288448361,0.5552978677725332,1,False,Unusually large increase in government debt (+10),0,0,0,0,0,10,No unusual multivariate change detected
China,2017,9.17518016093987,1.32468971748482,6.89123916636191,8830.0,1.59313600071436,54.3,42.5497375507577,1396215000.0,60.2402687072754,-0.203288,-0.0708427,-0.5354403,99.0,1.507,6.891,53.891,1.579,5.0,-0.40686582120507,-0.96984383376795,0.298153799999999,0.2533522999999981,0.07707109999999902,0.04603309999999804,0.08573229999999998,0.04482409999999992,-0.16400000000000015,0.7569999999999999,3.857999999999997,-5.393000000000008,0,0.31766414589647346,-0.1830374998573199,-0.1294781331824396,2.2447402122265783,0.6793890496870034,1.2160283705372212,1,False,No scored risk drivers detected,0,0,0,0,0,0,No unusual multivariate change detected
China,2018,8.32243818058333,1.66361992284408,6.757806142324,9720.0,2.07479039965576,65.35839844,43.313827489682,1402760000.0,61.5001983642578,-0.237003599999999,-0.0905581,-0.5204445,99.0,0.171,6.759,55.875,2.092,4.93,0.48165439894140016,0.8885202201464701,-0.03371559999999901,-0.33186939999999804,-0.019715400000000008,-0.09678649999999903,0.014995800000000004,-0.07073649999999998,-1.3359999999999999,-1.1719999999999997,1.9840000000000018,-1.8739999999999952,0,-0.25660582580013,0.22206276033681213,-0.9388027843281412,-0.3759915962939883,-0.5799134586332917,0.17333564031364898,1,False,No scored risk drivers detected,0,0,0,0,0,0,No unusual multivariate change detected
China,2019,5.6868312802211,1.28549226847992,6.06737806333672,10510.0,2.89923416358227,64.080881297515,42.6695374085222,1407745000.0,62.7099151611328,-0.138588699999999,-0.0619233999999999,-0.5515574,99.0,0.705,6.065,59.838,2.905,5.15,0.8244437639265096,0.3427893649851095,0.0984149,0.132130499999999,0.028634700000000103,0.04835010000000011,-0.0311129,-0.0461087,0.5339999999999999,1.8699999999999997,3.963000000000001,1.9789999999999992,0,0.34984042499366974,0.37834964925461045,0.3525257972780552,0.6674267008606339,0.04917636492203739,-0.5063305333033611,1,False,No scored risk drivers detected,0,0,0,0,0,0,No unusual multivariate change detected
China,2020,-2.71158024795403,1.68770756292082,2.33950385203023,10740.0,2.41942189457782,70.05275998,42.5723735094229,1411100000.0,63.5234230266258,-0.302661299999999,-0.0666201,-0.5093696,99.0,1.647,2.337,70.134,2.49,5.617,-0.47981226900444973,-1.3042560329309594,-0.1640726,-0.2624875,-0.004696700000000102,-0.033331400000000205,0.0421878,0.0733007,0.9420000000000001,0.40800000000000014,10.296,6.332999999999998,20,2.2905297156844906,-0.21629574689968328,0.6342702150830436,-1.4054047822138718,-0.38450308030873104,0.5741598360292891,1,False,Unusually large decline in political stability (+10); Unusually large increase in government debt (+10),0,10,0,0,0,10,No unusual multivariate change detected
China,2021,13.1379813941195,1.8903454142588,8.57038414981781,12220.0,0.981015135544882,73.05323517,42.6822612949312,1412360000.0,64.721076965332,-0.259168,-0.0246937,-0.5386195,99.0,1.941,8.556,72.131,0.919,5.117,-1.4384067590329381,-0.9585944900284884,0.04349329999999901,0.20756589999999903,0.0419264,0.046623100000000105,-0.02924990000000005,-0.07143770000000005,0.29400000000000004,-0.648,1.9969999999999999,-8.299,0,-0.2526220960071445,-0.653344750992339,0.18679378680453276,0.2337175848805327,0.22211650791554277,-0.47886894619618925,1,False,No scored risk drivers detected,0,0,0,0,0,0,No unusual multivariate change detected
China,2022,1.49405307007524,1.03841365474349,3.13385438394069,13170.0,1.97357555739051,75.61131603,42.3554333470499,1412175000.0,65.2176361083984,-0.249058199999999,-0.0908271,-0.563864399999999,99.0,2.418,3.112,77.294,1.976,5.583,0.9925604218456281,2.4309671808785662,0.010109800000001001,-0.03338349999999801,-0.0661334,-0.1080598,-0.025244899999999015,0.0040050000000010355,0.4770000000000001,0.18300000000000005,5.162999999999997,3.165999999999997,10,0.7175693289616119,0.4549985541661678,0.31316444479059374,-0.029907806100804065,-1.1838644624531636,-0.4198331671493537,1,False,Unusually large decline in regulatory quality (+10),0,0,10,0,0,0,No unusual multivariate change detected
China,2023,9.65440854328679,0.280991103634816,5.41600334492955,13750.0,0.234836828893051,90.6,41.1297102455381,1410710000.0,65.5301448035523,-0.174451499999999,-0.0818839,-0.552260699999999,99.0,1.434,5.377,84.084,0.228,5.217,-1.7387387284974591,-2.7312991503430872,0.0746067,0.064496899999999,0.008943199999999998,0.0750766,0.011603699999999995,0.03684859999999901,-0.9840000000000002,-1.4610000000000003,6.790000000000006,1.6270000000000095,10,1.2161484345914846,-0.7902741716358416,-0.695729168966975,0.47941627554386856,-0.20703245906260379,0.12333432543107224,1,False,Unusually large increase in government debt (+10),0,0,0,0,0,10,No unusual multivariate change detected
China,2024,5.01509972457532,0.227695125306895,4.95830378788091,13660.0,0.218128938439177,92.0,40.4815134449629,1408975000.0,65.8946980998325,-0.153336399999999,-0.0712903,-0.579319799999999,99.0,2.238,5.003,90.421,0.212,5.117,-0.016707890453873997,1.7220308380435851,0.021115099999999998,-0.0534916,0.010593599999999995,0.0016503999999999963,-0.027059100000000003,-0.0386628,0.804,1.7880000000000003,6.337000000000003,-0.45300000000000296,10,1.077330773343585,-0.005154008091584941,0.5389743090607682,0.056999693573190985,-0.1855588769025729,-0.4465754169238355,1,False,Unusually large increase in government debt (+10),0,0,0,0,0,10,No unusual multivariate change detected
India,2000,3.43958937687052,0.765211694280817,3.84099115686554,440.0,4.0094359104519,0.527532449930946,25.677316683955,1057922733.0,27.6470407512523,-0.9733951,-0.3746035,0.2604152,99.0,-0.569,3.841,74.941,3.817,,,,,,,,,,,,,,0,,,,,,,1,False,No scored risk drivers detected,0,0,0,0,0,0,No unusual multivariate change detected
India,2001,5.95289739416627,1.05638020993358,4.82396626397303,450.0,3.77929312235637,0.660146377009928,29.9078889827325,1077898575.0,27.9028652096636,,,,99.0,0.7,4.824,80.11,4.441,,-0.23014278809553046,,,,,,,,1.269,,5.168999999999997,,10,1.2091012220384578,-0.17095392667186604,0.9862729922642502,,,,1,False,Unusually large increase in government debt (+10),0,0,0,0,0,10,No unusual multivariate change detected
India,2002,2.87047855753082,1.01156946489919,3.80397532120038,460.0,4.29715203929562,1.53787558175083,30.2513001207186,1097600380.0,28.1756878910456,-1.2778882,-0.389617799999999,-0.0434055999999999,99.0,1.232,3.804,84.304,4.993,,0.5178589169392498,0.7480017050347803,,,,,,,0.532,-0.7369999999999999,4.194000000000003,-0.9749999999999943,0,0.9613844720870525,0.30360294745683136,0.41424306515108966,,,,1,False,No scored risk drivers detected,0,0,0,0,0,0,No unusual multivariate change detected
India,2003,5.92532039029332,0.605887857091792,7.86038147545045,510.0,3.80585899528853,1.68648997063625,30.8396999424416,1116803006.0,28.4660287698,-1.42092669999999,-0.441382,0.0275527,99.0,2.317,7.86,85.883,4.107,,-0.49129304400708973,-1.0091519609463395,-0.14303849999999008,,-0.05176420000000098,,0.07095829999999989,,1.0850000000000002,0.5530000000000002,1.5789999999999935,-2.615000000000009,10,0.2969954452943026,-0.33663623499967454,0.8434595504883733,-1.0663936050222076,-0.9672389287905708,1.102069848244571,1,False,Unusually large decline in political stability (+10),0,10,0,0,0,0,No unusual multivariate change detected
India,2004,5.17112560012411,0.765596855110284,7.92293661307978,610.0,3.76725173477517,1.97613649190559,35.0964917017773,1135991513.0,28.7726067228528,-1.0339705,-0.2047551,0.0575144,99.0,-0.348,7.923,84.89,3.996,,-0.03860726051336005,0.4526857834937297,0.3869561999999902,0.5299946999999803,0.2366269,0.288391100000001,0.0299617,-0.04099659999999989,-2.665,-3.75,-0.992999999999995,-2.5719999999999885,10,-0.3564686376544312,-0.04943749075711192,-2.067140485704778,2.3505116916470628,3.3171208686012927,0.46363389911036645,1,False,Unusually large current account deterioration (+10),0,0,0,0,10,0,No unusual multivariate change detected
India,2005,7.45569538780553,0.886098378458823,7.92343062131789,700.0,4.24634362031924,2.388099909,37.4282640165983,1154676322.0,29.0945497159107,-0.8561375,-0.177473699999999,0.1692787999999999,99.0,-1.207,7.923,82.378,3.674,,0.47909188554407,0.5176991460574301,0.1778329999999999,-0.2091231999999903,0.027281400000000983,-0.20934549999999902,0.1117643999999999,0.0818026999999999,-0.8590000000000001,1.806,-2.5120000000000005,-1.5190000000000055,0,-0.74239863065565,0.2790078681751736,-0.6653955082741566,1.002282794761074,0.2070684295180787,1.7375391599427445,1,False,No scored risk drivers detected,0,0,0,0,0,0,No unusual multivariate change detected
India,2006,4.93577551194689,2.13016842534495,8.06073257305057,780.0,5.79652337561634,2.80549986534254,38.9985063717532,1172878890.0,29.4309857146804,-0.8196652,-0.1925709,0.2268876,99.0,-1.017,8.061,77.893,6.738,,1.5501797552971004,1.0710878697530304,0.03647230000000001,-0.1413606999999999,-0.015097200000000977,-0.04237860000000196,0.0576088000000001,-0.054155599999999804,0.19000000000000017,1.0490000000000004,-4.484999999999999,-1.972999999999999,0,-1.2436757051727017,0.9585412274788521,0.14879634185027443,0.09092250272250565,-0.42251122848717393,0.8941794206733344,1,False,No scored risk drivers detected,0,0,0,0,0,0,No unusual multivariate change detected
India,2007,7.28156444495225,2.07339404668754,7.66081506510766,910.0,6.37288135593231,3.95,41.9507982267334,1190676021.0,29.7810426848684,-0.8184973,-0.2088541,0.1942209,99.0,-1.293,7.661,75.414,5.918,,0.5763579803159695,-0.9738217749811309,0.0011678999999999995,-0.035304400000000014,-0.016283199999999998,-0.0011859999999990212,-0.03266669999999999,-0.09027550000000009,-0.276,-0.4660000000000002,-2.478999999999999,2.0060000000000002,0,-0.7340143714265251,0.3407166765682133,-0.21289422264732796,-0.13668692687317732,-0.44013053338147384,-0.5116719066578368,1,False,No scored risk drivers detected,0,0,0,0,0,0,No unusual multivariate change detected
India,2008,4.45219735697937,3.6205232354017,3.08669805950082,990.0,8.34926704907575,4.38,38.4224196528192,1207930964.0,30.1438485921815,-0.7693557,-0.2663175,0.1618552,99.0,-2.328,3.087,74.341,9.211,,1.976385693143441,1.4000277128274714,0.04914160000000001,0.04797370000000001,-0.0574634,-0.0411802,-0.0323657,0.0003009999999999957,-1.035,-0.7589999999999999,-1.0730000000000075,1.4059999999999917,25,-0.3767941145735242,1.2289402870505741,-0.8019996699728216,0.1726021841893082,-1.0519066711629652,-0.5069844637799056,1,False,Unusually sharp inflation increase (+15); Unusually large decline in regulatory quality (+10),15,0,10,0,0,0,No unusual multivariate change detected
India,2009,5.0007772532511,2.65159033235479,7.8618888330338,1110.0,10.8823529411764,5.12,39.2567917551336,1225524753.0,30.5185314023263,-0.913954899999999,-0.2438041,0.1502929999999999,99.0,-2.864,7.862,72.735,10.605,,2.533085892100649,0.5567001989572082,-0.14459919999999904,-0.19374079999999905,0.02251339999999999,0.07997679999999999,-0.011562200000000106,0.02080349999999989,-0.536,0.4989999999999999,-1.6059999999999945,-0.532999999999987,25,-0.5122126045469566,1.5821291962010857,-0.41469582515671977,-1.0764555246914846,0.13623466414193292,-0.18301364015518085,1,False,Unusually sharp inflation increase (+15); Unusually large decline in political stability (+10),15,10,0,0,0,0,No unusual multivariate change detected
India,2010,6.72040849311021,1.6350340943491,8.49758470165625,1210.0,11.9893899204245,7.5,39.7856241847736,1243481564.0,30.9042190810094,-0.942319199999999,-0.277761,0.0630896,99.0,-2.857,8.498,67.675,9.37,,1.1070369792481003,-1.4260489128525489,-0.02836430000000001,0.11623489999999903,-0.033956899999999984,-0.05647029999999997,-0.0872033999999999,-0.0756411999999998,0.006999999999999673,0.5429999999999997,-5.060000000000002,-3.4540000000000077,10,-1.3897650705286604,0.6773968809098178,0.0067590600840482734,-0.3270826621556245,-0.7026923452791513,-1.360966478089307,1,False,Unusually large decline in rule of law (+10),0,0,0,10,0,0,No unusual multivariate change detected
India,2011,7.42198586934254,2.0020634629993,5.24131620024293,1350.0,8.9117933648336,10.07,39.590421855219,1261224954.0,31.2746502853309,-1.1659038,-0.3395793,-0.0132833999999999,99.0,-4.29,5.241,68.699,8.116,,-3.077596555590901,-4.184633534839001,-0.2235846000000009,-0.1952203000000009,-0.06181829999999999,-0.02786140000000001,-0.0763729999999999,0.010830400000000004,-1.4329999999999998,-1.4399999999999995,1.024000000000001,6.084000000000003,40,0.15598744916811907,-1.9774722140409497,-1.1109113538141213,-1.585678789791225,-1.1166033919759921,-1.1923057427233714,1,False,Unusually large decline in political stability (+10); Unusually large decline in regulatory quality (+10); Unusually large decline in rule of law (+10); Unusually large current account deterioration (+10),0,10,10,10,10,0,No unusual multivariate change detected
India,2012,5.47085684358561,1.31293453035323,5.45638755164772,1460.0,9.47899691419793,11.10000038,38.3474156730403,1278674502.0,31.5898935604399,-1.15725679999999,-0.3740965,-0.1308812,99.0,-4.819,5.456,68.146,10.037,,0.567203549364331,3.644800104955232,0.008647000000009841,0.23223160000001075,-0.034517200000000026,0.027301099999999967,-0.1175978000000001,-0.0412248000000002,-0.5289999999999999,0.9039999999999999,-0.5529999999999973,-1.5769999999999982,10,-0.24467851459943796,0.3349088045973405,-0.40926270508915913,-0.08846875336247294,-0.7110162040753444,-1.8342954276208496,1,False,Unusually large decline in rule of law (+10),0,0,0,10,0,0,No unusual multivariate change detected
India,2013,7.3031774919065,1.5162764665975,6.38610640091713,1500.0,10.0178784746104,12.30000019,34.0231978997548,1295829511.0,31.9096789235237,-1.17090389999999,-0.3722425,-0.1159615,99.0,-1.746,6.386,68.018,9.81,,0.5388815604124702,-0.028321988951860888,-0.013647099999999801,-0.022294100000009642,0.0018540000000000223,0.03637120000000005,0.014919700000000008,0.13251750000000012,3.073,3.602,-0.1280000000000001,0.42499999999999716,0,-0.13669941846677416,0.3169404036490063,2.3864656496755687,-0.23220005553306097,-0.1706829307430584,0.22938633841321773,1,False,No scored risk drivers detected,0,0,0,0,0,0,No unusual multivariate change detected
India,2014,6.39385555921415,1.69565958990806,7.41022760516977,1540.0,6.66565671867899,13.5,34.2678056268836,1312277191.0,32.2288233408821,-0.817516599999999,-0.380901899999999,-0.165636199999999,99.0,-1.324,7.41,67.642,5.936,,-3.35222175593141,-3.89110331634388,0.35338729999999086,0.36703439999999066,-0.00865939999999904,-0.010513399999999062,-0.04967469999999902,-0.06459439999999902,0.42199999999999993,-2.651,-0.3760000000000048,-0.24800000000000466,0,-0.1997083969159537,-2.1517034701374844,0.32886546408942385,2.1340911270388445,-0.32687078915441525,-0.776535788610827,1,False,No scored risk drivers detected,0,0,0,0,0,0,No unusual multivariate change detected
India,2015,7.92811112115082,2.09211521443253,7.99625378567987,1580.0,4.90697344127249,14.89999962,32.1167301358276,1328024498.0,32.5472990022299,-0.7619187,-0.3303195,-0.1374229,99.0,-1.061,7.996,69.755,4.885,,-1.7586832774065,1.59353847852491,0.05559789999999909,-0.29778939999999177,0.05058239999999903,0.05924179999999807,0.028213299999999025,0.07788799999999804,0.2630000000000001,-0.1589999999999998,2.1129999999999995,2.4890000000000043,0,0.4326680037292285,-1.1407102677390764,0.2054560225548344,0.21422630923599922,0.5532298319990121,0.43640624087854063,1,False,No scored risk drivers detected,0,0,0,0,0,0,No unusual multivariate change detected
India,2016,8.13012454478343,1.9373641224439,8.25630550176662,1670.0,4.94821634062134,16.5,30.172690580036,1343944296.0,32.8650780972823,-0.7362183,-0.2535746,-0.0823440999999999,99.0,-0.634,8.256,69.815,4.518,,0.04124289934885006,1.79992617675535,0.025700399999999957,-0.029897499999999133,0.0767449,0.026162500000000977,0.05507880000000008,0.026865500000001055,0.42699999999999994,0.1639999999999998,0.060000000000002274,-2.0529999999999973,0,-0.08893454770691255,0.0012220759361555185,0.3327462641376814,0.021475464544212036,0.9419018929581345,0.854779983858829,1,False,No scored risk drivers detected,0,0,0,0,0,0,No unusual multivariate change detected
India,2017,6.23880806412842,1.50731583255894,6.79538341902422,1790.0,3.32817337461305,18.20000076,30.9821728344733,1359657400.0,33.1821328157539,-0.572111399999999,-0.215826699999999,-0.0399917,99.0,-1.865,6.795,70.776,3.606,,-1.6200429660082905,-1.6612858653571405,0.16410690000000094,0.138406500000001,0.03774790000000097,-0.03899699999999903,0.04235239999999991,-0.012726400000000172,-1.2309999999999999,-1.658,0.9609999999999985,0.9009999999999962,0,0.13998113609433527,-1.052752296035918,-0.9541270318645169,0.9137898649400582,0.36255953801415136,0.6565930302319021,1,False,No scored risk drivers detected,0,0,0,0,0,0,No unusual multivariate change detected
India,2018,7.08954662405942,1.55821483801456,6.45385134495295,1970.0,3.93882646691643,20.0813000379384,32.3432182154485,1374659064.0,33.4984353473598,-0.6785888,-0.1555625,0.0203339999999999,99.0,-2.155,6.454,71.683,3.387,8.901,0.6106530923033802,2.2306960583116706,-0.10647740000000094,-0.2705843000000019,0.06026419999999902,0.022516299999998046,0.0603256999999999,0.01797329999999999,-0.2899999999999998,0.9410000000000001,0.9070000000000107,-0.053999999999987836,0,0.12626143917395274,0.36247462315188117,-0.2237604627824489,-0.8306821606586652,0.6970633784794282,0.9364894324841334,1,False,No scored risk drivers detected,0,0,0,0,0,0,No unusual multivariate change detected
India,2019,5.16880088871528,1.78482633957161,3.87143694070524,2070.0,3.72950573539123,29.52350044,30.0961975685688,1389030312.0,33.8139578818147,-0.590466199999999,-0.0981205,-0.0201063,99.0,-0.884,3.871,76.665,4.806,7.484,-0.20932073152519992,-0.8199738238285801,0.08812260000000094,0.19460000000000188,0.05744199999999999,-0.0028221999999990255,-0.0404402999999999,-0.1007659999999998,1.271,1.5609999999999997,4.981999999999999,4.074999999999989,10,1.1615904197400861,-0.157743729405688,0.9878253122835533,0.42391485839052756,0.6551365637469517,-0.6327294015278896,1,False,Unusually large increase in government debt (+10),0,0,0,0,0,10,No unusual multivariate change detected
India,2020,-5.28945828710083,2.40620322673636,-5.77772470687303,1900.0,6.6234367762853,43.40544313,28.9223840080659,1402617695.0,34.1286726088333,-0.720631199999999,-0.1486534,-0.1029725,99.0,0.919,-5.778,90.562,6.154,8.662,2.8939310408940697,3.1032517724192696,-0.13016499999999998,-0.21828760000000091,-0.05053289999999999,-0.10797489999999998,-0.0828662,-0.0424259000000001,1.803,0.532,13.896999999999991,8.914999999999992,35,3.4266107539111523,1.8110612222957962,1.400742437418155,-0.9833974348026947,-0.9489466437008687,-1.2934236965273038,1,False,Unusually sharp inflation increase (+15); Unusually large decline in rule of law (+10); Unusually large increase in government debt (+10),15,0,0,10,0,10,No unusual multivariate change detected
India,2021,11.6767553444025,1.41217101040888,9.68959249191741,2170.0,5.13140747176364,49.2580986,32.1158221755014,1414203896.0,34.4425517181304,-0.6015988,-0.169914899999999,-0.1841026,99.0,-1.254,9.69,85.713,5.512,7.365,-1.49202930452166,-4.38596034541573,0.11903239999999904,0.24919739999999901,-0.021261499999999017,0.029271400000000974,-0.08113010000000001,0.0017360999999999904,-2.173,-3.976,-4.849000000000004,-18.745999999999995,20,-1.3361566251545614,-0.9715362204147535,-1.6852697609562368,0.6231920574624904,-0.5140885313202163,-1.2663875849645916,1,False,Unusually large decline in rule of law (+10); Unusually large current account deterioration (+10),0,0,0,10,10,0,No unusual multivariate change detected
India,2022,7.47052937699435,1.53665241748393,7.6093649776932,2360.0,6.69903414079858,55.9,34.4117962357355,1425423212.0,34.7555673994206,-0.7535037,-0.087658,-0.1104884,99.0,-2.061,7.609,84.598,6.634,5.3,1.56762666903494,3.0596559735566,-0.1519049,-0.27093729999999905,0.08225689999999901,0.10351839999999803,0.0736142,0.1547443,-0.8069999999999999,1.366,-1.1149999999999949,3.734000000000009,10,-0.3874649899560431,0.9696101231657105,-0.6250351877722781,-1.1235557787617252,1.0237885780993183,1.143429913159847,1,False,Unusually large decline in political stability (+10),0,10,0,0,0,0,No unusual multivariate change detected
India,2023,5.77925427513726,0.802254995836756,7.210224629335,2490.0,5.64914318907925,60.25230026,34.504684353812,1438069596.0,35.0676918424186,-0.837974,-0.1271699,-0.0879069,99.0,-0.744,7.21,85.01,5.37,4.939,-1.0498909517193304,-2.6175176207542705,-0.0844703,0.06743460000000001,-0.0395119,-0.12176879999999901,0.022581500000000004,-0.0510327,1.317,2.1239999999999997,0.41200000000000614,1.527000000000001,0,0.0004975507370835091,-0.6910291129763707,1.0235286727275226,-0.6888011634442849,-0.785217841643331,0.3487027830714689,1,False,No scored risk drivers detected,0,0,0,0,0,0,No unusual multivariate change detected
India,2024,5.79397834690285,0.721648483526777,7.09927893176518,2550.0,4.95303550973661,64.9434967,34.3459060404746,1450935791.0,35.3788972368389,-0.785762499999999,-0.0960695999999999,-0.0392287,99.0,-0.61,7.099,84.782,4.639,4.939,-0.6961076793426395,0.35378327237669094,0.052211500000000965,0.13668180000000096,0.03110030000000011,0.07061220000000011,0.0486782,0.026096699999999994,0.134,-1.1829999999999998,-0.22800000000000864,-0.6400000000000148,0,-0.16210626461563857,-0.466577373457545,0.1053313813097899,0.1923940001645409,0.2638022941562592,0.7551040805881077,1,False,No scored risk drivers detected,0,0,0,0,0,0,No unusual multivariate change detected
Indonesia,2000,1.58304731646304,-2.75743993350903,4.9200677470169,570.0,3.68862037056682,0.925563864466858,22.2456969315568,216077790.0,41.9861540600656,-1.90520269999999,-0.4626283,-0.9501841,99.0,4.452,4.979,87.437,3.688,6.08,,,,,,,,,,,,,0,,,,,,,1,False,No scored risk drivers detected,0,0,0,0,0,0,No unusual multivariate change detected
Indonesia,2001,3.49413625120387,-1.85568619300523,3.64346644721492,700.0,11.5001160550887,2.01861385948459,22.539266316067,219097902.0,42.9018895186157,,,,99.0,3.954,3.643,73.702,11.466,8.1,7.81149568452188,,,,,,,,-0.4979999999999998,,-13.735,,15,-2.2976141760470683,2.4703460239658317,-0.23663019842565486,,,,1,False,Unusually sharp inflation increase (+15),15,0,0,0,0,0,No unusual multivariate change detected
Indonesia,2002,3.83582035690569,0.0741516383181159,4.49947539085764,780.0,11.9001200338414,2.13413573295808,21.4040702075173,222088495.0,43.7824069030376,-1.84429769999999,-0.5720758,-1.1356188,99.0,3.676,4.499,62.339,11.908,9.06,0.4000039787527001,-7.41149170576918,,,,,,,-0.278,0.21999999999999975,-11.363,2.372,0,-1.8343939109532634,0.14519101975329507,-0.05516215954584986,,,,1,False,No scored risk drivers detected,0,0,0,0,0,0,No unusual multivariate change detected
Indonesia,2003,3.89289335558507,-0.254256320381005,4.78036912167654,880.0,6.75731256333564,2.38701977959476,25.5984983869787,225048008.0,44.6301761521872,-2.12691289999999,-0.5885779,-0.935414899999999,99.0,3.175,4.78,55.643,6.791,9.67,-5.14280747050576,-5.54281144925846,-0.28261519999999996,,-0.016502099999999964,,0.200203900000001,,-0.5010000000000003,-0.2230000000000003,-6.695999999999998,4.667000000000002,10,-0.9229904635701317,-1.5937161112656577,-0.23910476259219812,-1.905553081708081,-0.4770322788096729,1.4700414853461794,-1,True,Unusually large decline in political stability (+10),0,10,0,0,0,0,Unusual multivariate change detected
Indonesia,2004,4.96716786881504,0.738243979887563,5.03087394501685,1060.0,6.06406189133648,2.60028587633414,24.0563663747717,227926649.0,45.4476736441888,-1.6568197,-0.5018689,-0.769980799999999,99.0,1.882,5.031,51.328,6.062,9.86,-0.6932506719991602,4.4495567985066,0.47009319999999,0.75270839999999,0.08670900000000004,0.1032111,0.16543410000000003,-0.03476980000000096,-1.293,-0.7919999999999996,-4.314999999999998,2.3810000000000002,0,-0.45801261736930976,-0.19778804883226497,-0.8923897025594965,2.3285028135766885,0.5449789008659125,1.1464913896717344,1,False,No scored risk drivers detected,0,0,0,0,0,0,No unusual multivariate change detected
Indonesia,2005,3.95336562066377,2.91611483313067,5.69257130383384,1200.0,10.4532001873347,3.60202476259646,25.0814099389568,230871650.0,46.2373757571669,-1.403589,-0.4030391,-0.765255999999999,99.0,0.513,5.693,42.612,10.464,11.24,4.38913829599822,5.08238896799738,0.25323070000000003,-0.21686249999998997,0.09882979999999997,0.012120799999999932,0.0047247999999999735,-0.16070930000000005,-1.3689999999999998,-0.07599999999999985,-8.716000000000001,-4.401000000000003,15,-1.317469778700607,1.3966739854563195,-0.9550786614452472,1.1086307534387079,0.665000808457361,-0.3489877154934291,1,False,Unusually sharp inflation increase (+15),15,0,0,0,0,0,No unusual multivariate change detected
Indonesia,2006,3.17329260031525,1.34794264068931,5.50095178520348,1350.0,13.108670985346,4.76481313366657,25.4002172943548,233951652.0,47.0017588692457,-1.1230422,-0.1787479,-0.6506633,99.0,2.406,5.501,35.848,13.099,10.28,2.655470798011301,-1.7336674979869189,0.2805468,0.027316099999999954,0.2242912,0.12546140000000003,0.1145926999999991,0.10986789999999913,1.8930000000000002,3.262,-6.764000000000003,1.9519999999999982,0,-0.9362699652675942,0.8527827124691142,1.735597442308955,1.2622863978305994,1.9073376638706887,0.6733871488011344,1,False,No scored risk drivers detected,0,0,0,0,0,0,No unusual multivariate change detected
Indonesia,2007,5.00674190790194,1.6030105718879,6.34502222667214,1570.0,6.40656087966005,5.78627472934199,24.9202838487256,237062337.0,47.7432993585496,-0.8635335,-0.2282939,-0.626456999999999,99.0,1.446,6.345,38.121,6.319,9.11,-6.70211010568595,-9.35758090369725,0.25950870000000004,-0.02103809999999995,-0.04954600000000001,-0.2738372,0.024206300000000902,-0.0903863999999982,-0.9600000000000002,-2.8530000000000006,2.2730000000000032,9.037000000000006,0,0.8285367529671099,-2.082905126001894,-0.6177130800732461,1.1439450968293199,-0.8042377365567769,-0.1677027731330523,1,False,No scored risk drivers detected,0,0,0,0,0,0,No unusual multivariate change detected
Indonesia,2008,5.33615021871647,1.82632902403998,6.01370360009123,1900.0,10.2266663272483,7.917500019,27.8162445798583,240157903.0,48.4644736032029,-0.711286,-0.1516209,-0.5772889,99.0,0.022,7.442,30.252,9.871,8.39,3.820105447588249,10.522215553274199,0.15224749999999998,-0.10726120000000006,0.07667299999999999,0.126219,0.04916809999999905,0.024961799999998147,-1.424,-0.46399999999999975,-7.869000000000003,-10.142000000000007,25,-1.1520618678513441,1.2181553244947412,-1.0004456711651986,0.5405907086023185,0.44560098318821867,0.06457905702431253,1,False,Unusually sharp inflation increase (+15); Unusually large current account deterioration (+10),15,0,0,0,10,0,No unusual multivariate change detected
Indonesia,2009,4.85894451165964,0.90391941965406,4.62887118256153,2110.0,4.38641311792074,6.92,30.9851924139981,243220028.0,49.16775798133,-0.637084499999999,-0.1179653,-0.5530581,99.0,1.837,4.702,26.483,4.804,7.87,-5.840253209327559,-9.660358656915808,0.07420150000000092,-0.07804599999999906,0.03365560000000001,-0.04301739999999998,0.024230799999999997,-0.024937299999999052,1.815,3.239,-3.7689999999999984,4.100000000000005,0,-0.35138603021028064,-1.8125208423734174,1.671258773978842,0.1015745817683473,0.01963649176649651,-0.16747478857910802,1,False,No scored risk drivers detected,0,0,0,0,0,0,No unusual multivariate change detected
Indonesia,2010,4.73974198886131,2.02517914569356,6.22385418062366,2490.0,5.13420639015885,10.92,32.8801214533558,246305322.0,49.8521375148888,-0.778454699999999,-0.1461447,-0.6518311,99.0,0.702,6.378,26.363,5.137,7.14,0.74779327223811,6.588046481565669,-0.1413701999999999,-0.2155717000000008,-0.028179399999999993,-0.061835,-0.098773,-0.1230038,-1.135,-2.95,-0.120000000000001,3.6489999999999974,20,0.36121546529026455,0.25430050111852026,-0.7620626564549091,-1.1110366063645012,-0.5926625855153057,-1.3120856652111055,1,False,Unusually large decline in political stability (+10); Unusually large decline in rule of law (+10),0,10,0,10,0,0,No unusual multivariate change detected
Indonesia,2011,5.06001921355895,2.30298429381592,6.16978420771008,2960.0,5.35604849112582,12.28,32.9843332593045,249470032.0,50.4830017089844,-0.7510901,-0.151232199999999,-0.285231299999999,99.0,0.189,6.17,23.106,5.345,6.56,0.22184210096697043,-0.5259511712711396,0.027364599999998962,0.16873479999999885,-0.005087499999999023,0.02309190000000097,0.366599800000001,0.465372800000001,-0.5129999999999999,0.6220000000000001,-3.256999999999998,-3.136999999999997,0,-0.251399193899982,0.08929755078119432,-0.24900301925836896,-0.16188740771107682,-0.36400326534575383,3.0184372013075573,-1,True,No scored risk drivers detected,0,0,0,0,0,0,Unusual multivariate change detected
Indonesia,2012,5.51610677482559,2.30978031853073,6.03005065305615,3520.0,4.2795142691943,14.52,35.0715936108893,252698525.0,51.1593933105469,-0.5992727,-0.179268799999999,-0.3852324,99.0,-2.66,6.03,22.955,3.979,6.14,-1.0765342219315208,-1.2983763228984913,0.1518174,0.12445280000000103,-0.028036599999999995,-0.02294910000000097,-0.10000110000000095,-0.46660090000000193,-2.849,-2.3360000000000003,-0.15100000000000335,3.1059999999999945,20,0.35516157481053895,-0.3180328928579096,-2.175863650273028,0.5381713554496741,-0.5912485593450811,-1.323513739933942,1,False,Unusually large decline in rule of law (+10); Unusually large current account deterioration (+10),0,0,0,10,10,0,No unusual multivariate change detected
Indonesia,2013,5.47790527559351,2.55135633401058,5.5572636889101,3670.0,6.41249457900391,14.94,33.8313567879018,255852467.0,51.8307495117188,-0.6180612,-0.0485665,-0.419998,99.0,-3.19,5.557,24.884,6.41,6.25,2.1329803098096107,3.2095145317411315,-0.018788499999999986,-0.17060589999999998,0.130702299999999,0.158738899999999,-0.03476560000000001,0.06523550000000095,-0.5299999999999998,2.3190000000000004,1.929000000000002,2.0800000000000054,0,0.7613580973211279,0.688865457815784,-0.2630255495354447,-0.4215029575583558,0.9806068946652311,-0.7164653166939465,1,False,No scored risk drivers detected,0,0,0,0,0,0,No unusual multivariate change detected
Indonesia,2014,5.28372537320206,2.81997260412102,5.006668425755,3570.0,6.39492882396559,17.1431598350566,34.6003439149803,258877399.0,52.5002136230469,-0.385008199999999,0.0028168,-0.338428,99.0,-3.146,5.007,24.645,6.399,5.94,-0.01756575503832014,-2.150546064847931,0.23305300000000095,0.25184150000000094,0.0513833,-0.079318999999999,0.08156999999999998,0.11633559999999998,0.04400000000000004,0.5739999999999998,-0.23900000000000077,-2.168000000000003,0,0.3379763373197069,0.014189813157311434,0.21044106099641047,0.995129283761626,0.19517873082736173,0.3660946781965314,1,False,No scored risk drivers detected,0,0,0,0,0,0,No unusual multivariate change detected
Indonesia,2015,4.8414945238228,2.29761639380441,4.87632230022123,3390.0,6.36312061196646,22.062742603379,34.0627921803386,261799249.0,53.1720771789551,-0.5390218,-0.1393886,-0.3812221,99.0,-2.035,4.876,27.013,6.36,6.18,-0.03180821199913009,-0.014242456960809946,-0.15401360000000097,-0.3870666000000019,-0.1422054,-0.1935887,-0.0427941,-0.12436409999999998,1.1109999999999998,1.0669999999999997,2.368000000000002,2.607000000000003,20,0.8470889979856221,0.009721627616615065,1.0905610495634654,-1.1821569264066965,-1.7217644628685005,-0.7911744592004382,1,False,Unusually large decline in political stability (+10); Unusually large decline in regulatory quality (+10),0,10,10,0,0,0,No unusual multivariate change detected
Indonesia,2016,5.04453523751019,0.487372471368879,5.03306918280177,3370.0,3.52580452815451,25.447353701827,33.8587393039462,264627418.0,53.812557220459,-0.463383,0.0343509,-0.321809499999999,99.0,-1.819,5.033,27.955,3.53,5.61,-2.83731608381195,-2.80550787181282,0.0756388,0.22965240000000098,0.1737395,0.3159449,0.05941260000000098,0.10220670000000098,0.2160000000000002,-0.8949999999999996,0.9419999999999966,-1.4260000000000055,0,0.5686100359182662,-0.8704305639355236,0.352316073211531,0.1096595301205764,1.4067674485391373,0.15990916979854156,1,False,No scored risk drivers detected,0,0,0,0,0,0,No unusual multivariate change detected
Indonesia,2017,4.98163572725232,2.01948919812582,5.06978590134916,3490.0,3.80879857691949,32.335806250688,33.7105947957751,267346658.0,54.4541015625,-0.5816146,0.1002062,-0.3165999,99.0,-1.595,5.07,29.396,3.807,5.5,0.28299404876498,3.1203101325769302,-0.11823159999999999,-0.1938704,0.0658553,-0.10788419999999999,0.005209599999999037,-0.054203000000001944,0.22399999999999998,0.007999999999999785,1.4410000000000025,0.4990000000000059,0,0.6660581439628747,0.10848231993221494,0.3589149109889783,-0.9808797943259521,0.3384825595072719,-0.3444764129727743,1,False,No scored risk drivers detected,0,0,0,0,0,0,No unusual multivariate change detected
Indonesia,2018,5.13689124339334,1.81428979349441,5.17429153955024,3810.0,3.19834755924996,39.9046386385762,34.5705858319707,269951846.0,55.0956840515137,-0.5428012,0.0734587999999999,-0.2197187,99.0,-2.939,5.174,30.423,3.291,5.34,-0.6104510176695297,-0.8934450664345097,0.0388134,0.157045,-0.0267474000000001,-0.09260270000000011,0.0968812,0.09167160000000096,-1.344,-1.568,1.0269999999999975,-0.41400000000000503,0,0.5852094130400932,-0.17181189743729713,-0.9344572933907241,-0.09748682558134197,-0.5784827152368636,0.5085729272773555,1,False,No scored risk drivers detected,0,0,0,0,0,0,No unusual multivariate change detected
Indonesia,2019,5.16069921057434,2.23336204282241,5.01928768046282,4020.0,3.03058460941661,47.6906489788375,33.7801423773995,272489381.0,55.7382049560547,-0.5802685,0.1109826999999999,-0.1919729,99.0,-2.706,5.019,30.563,2.822,5.28,-0.16776294983335038,0.4426880678361793,-0.03746729999999998,-0.07628069999999998,0.03752390000000001,0.06427130000000011,0.027745799999999987,-0.06913540000000001,0.2330000000000001,1.5770000000000002,0.14000000000000057,-0.8869999999999969,0,0.41199003060408834,-0.032930493113085414,0.3663386034886068,-0.5265729730608348,0.057940955591986906,-0.13476598420589794,1,False,No scored risk drivers detected,0,0,0,0,0,0,No unusual multivariate change detected
Indonesia,2020,-2.66609987603441,1.81058402027127,-2.06551182934165,3850.0,1.91983527270793,53.72649449,32.3434120537481,274814866.0,56.2785287648768,-0.539945999999999,0.2247808999999999,-0.1479773,99.0,-0.419,-2.066,39.747,2.031,7.07,-1.1107493367086798,-0.9429863868753294,0.04032250000000093,0.07778980000000091,0.11379819999999999,0.07627429999999998,0.043995599999999996,0.01624980000000001,2.287,2.054,9.184000000000001,9.044,10,2.1781637563664713,-0.3287669594267072,2.060590202848242,-0.08899799544263452,0.8132200614432904,0.01644639966431291,1,False,Unusually large increase in government debt (+10),0,0,0,0,0,10,No unusual multivariate change detected
Indonesia,2021,2.00563849274586,1.7878556314554,3.70288562827751,4130.0,1.56007882983334,62.10447842,31.4488724858485,276758053.0,56.8761702464027,-0.6496757,0.3421673,-0.1436778,99.0,0.296,3.703,41.14,1.561,6.49,-0.3597564428745901,0.7509928938340897,-0.10972970000000093,-0.15005220000000186,0.11738640000000011,0.0035882000000001246,0.004299500000000012,-0.039696099999999984,0.715,-1.572,1.3930000000000007,-7.791,0,0.6566843780587839,-0.09316325715619829,0.7639185795798162,-0.9330558032344243,0.8487509347206033,-0.3529453412402072,1,False,No scored risk drivers detected,0,0,0,0,0,0,No unusual multivariate change detected
Indonesia,2022,4.95554987838472,1.87264100861425,5.30719722664799,4520.0,4.20946463714784,66.48461277,29.7453138212259,278830529.0,57.4934704226599,-0.7624666,0.2811244,-0.1291182,99.0,1.002,5.307,40.141,4.139,5.86,2.6493858073145002,3.0091422501890905,-0.11279090000000003,-0.003061199999999098,-0.06104290000000001,-0.17842930000000012,0.014559600000000006,0.010260099999999994,0.706,-0.009000000000000008,-0.9990000000000023,-2.392000000000003,0,0.1895583771716072,0.8508737112678797,0.7564948870801879,-0.950275342576143,-0.9180816964759352,-0.2574700627908264,1,False,No scored risk drivers detected,0,0,0,0,0,0,No unusual multivariate change detected
Indonesia,2023,4.94314697203188,1.57116966408747,5.04883117855516,4810.0,3.66938654859761,69.20836554,30.3426390629498,281190067.0,58.1179353397878,-0.613745,0.3408081,-0.0817572,99.0,-0.149,5.049,39.601,3.713,5.32,-0.5400780885502301,-3.1894638958647303,0.1487216,0.26151250000000004,0.059683700000000006,0.12072660000000002,0.047360999999999986,0.03280139999999998,-1.151,-1.857,-0.5399999999999991,0.4590000000000032,0,0.27919501362947313,-0.14973429487107368,-0.775260332009804,0.5207571878375913,0.27737048729327707,0.04776310243461199,1,False,No scored risk drivers detected,0,0,0,0,0,0,No unusual multivariate change detected
Indonesia,2024,5.11085982428132,1.73855290316368,5.03257477088519,4920.0,2.18151273615189,72.78075544,31.396316156558,283487931.0,58.7509635387997,-0.609127499999999,0.1247201999999999,-0.206598099999999,99.0,-0.615,5.033,40.165,2.3,4.91,-1.48787381244572,-0.9477957238954899,0.00461750000000094,-0.14410409999999907,-0.2160879000000001,-0.2757716000000001,-0.124840899999999,-0.172201899999999,-0.46599999999999997,0.685,0.5640000000000001,1.1039999999999992,20,0.49479162942355426,-0.44707956055779147,-0.21023484731586517,-0.28984199524540627,-2.453359620582947,-1.5546603000675416,1,False,Unusually large decline in regulatory quality (+10); Unusually large decline in rule of law (+10),0,0,10,10,0,0,No unusual multivariate change detected
Laos,2000,,1.95760389973722,5.79878232861959,280.0,25.0846414281315,0.111044032290124,13.41565795568,5431212.0,22.1840964350091,-0.6018274,-1.4907046,-1.326725,93.3,1.459,6.429,,8.369,,,,,,,,,,,,,,0,,,,,,,1,False,No scored risk drivers detected,0,0,0,0,0,0,No unusual multivariate change detected
Laos,2001,19.3877677920869,1.35157901983042,5.75141287983195,300.0,7.81180794783471,0.181664460654566,13.5436071724261,5521482.0,23.3728884682287,,,,93.3,-12.26,4.772,94.725,7.809,,-17.27283348029679,,,,,,,,-13.719,,,,10,,-2.5923774122094283,-2.79556889675702,,,,-1,True,Unusually large current account deterioration (+10),0,0,0,0,10,0,Unusual multivariate change detected
Laos,2002,-1.19884815832779,0.253176893420544,5.91874368370564,310.0,10.6313446323333,0.267899241309349,29.0404231808259,5610889.0,24.5247834668291,-0.0799686,-1.3817169,-1.5373033,93.3,-9.34,6.809,95.308,10.633,,2.8195366844985905,20.09237016479538,,,,,,,2.92,16.639,0.5830000000000126,,0,0.06690109129027398,0.43744940230753054,0.5656183908461346,,,,1,False,No scored risk drivers detected,0,0,0,0,0,0,No unusual multivariate change detected
Laos,2003,15.0742136153709,0.962969691363706,6.06700230344272,330.0,15.4893529233525,0.333912466428616,27.7715216255189,5697945.0,25.5945881340707,-1.0092662,-1.4538744,-1.6175273,93.3,-11.589,6.179,90.148,15.489,,4.8580082910192,2.038471606520609,-0.9292976,,-0.07215749999999987,,-0.08022399999999985,,-2.2490000000000006,-5.1690000000000005,-5.160000000000011,-5.743000000000023,30,-0.5900196823821056,0.7448405106442261,-0.4785535599694619,-3.5141498053127407,-1.5352734266615884,-1.3457277138589034,-1,True,Unusually large decline in political stability (+10); Unusually large decline in regulatory quality (+10); Unusually large decline in rule of law (+10),0,10,10,10,0,0,Unusual multivariate change detected
Laos,2004,10.6045456923067,0.714895049062071,6.35769548008234,380.0,10.4622667314208,0.361434490258043,31.754243509919,5781626.0,26.5371091732139,-0.513960899999999,-1.3157016,-1.4097613,93.3,-13.873,7.187,80.653,10.467,,-5.0270861919317,-9.8850944829509,0.49530530000000084,1.424602900000001,0.13817279999999998,0.21033029999999986,0.2077659999999999,0.28798999999999975,-2.283999999999999,-0.034999999999998366,-9.49499999999999,-4.3349999999999795,0,-1.0858844836827743,-0.7457812568640723,-0.48562378985503823,1.710068873456041,1.509583604857046,1.9850739523683942,-1,True,No scored risk drivers detected,0,0,0,0,0,0,Unusual multivariate change detected
Laos,2005,6.85652011686328,1.01332132437858,7.10756836811267,450.0,7.16541759946639,0.850399971,34.0580868030095,5869523.0,27.3224977292697,-0.3800286,-1.226348,-1.1632985,93.3,-15.668,6.94,73.203,7.167,,-3.296849131954411,1.7302370599772887,0.13393229999999906,-0.3613730000000018,0.08935359999999992,-0.04881920000000006,0.24646279999999998,0.03869680000000009,-1.795,0.488999999999999,-7.450000000000003,2.0449999999999875,0,-0.8519644101741547,-0.4848703440751248,-0.3868425780251242,0.3848633887537993,0.8028500320284292,2.43262895746463,-1,True,No scored risk drivers detected,0,0,0,0,0,0,Unusual multivariate change detected
Laos,2006,4.64225053884182,5.42138961728604,8.61926620832807,500.0,6.54559439052787,1.16989994,30.0695410386414,5963200.0,28.0378756242097,-0.0903443,-1.1865629,-1.0987704,93.3,-9.264,8.954,60.007,6.546,,-0.61982320893852,2.677025923015891,0.2896843,0.15575200000000095,0.03978510000000002,-0.049568499999999904,0.06452809999999998,-0.1819347,6.404,8.199,-13.196000000000005,-5.746000000000002,0,-1.509228342878574,-0.08118850573621028,1.2694092743132535,0.9560278217727126,0.08526918054468559,0.3284294994814912,1,False,No scored risk drivers detected,0,0,0,0,0,0,No unusual multivariate change detected
Laos,2007,0.502665440784995,7.66062749777557,7.59682880054878,600.0,4.66197269469701,1.64,32.312243033777,6056236.0,28.7343050001346,-0.153318099999999,-1.1761206,-1.0493587,93.3,-10.386,7.851,55.93,4.662,,-1.8836216958308603,-1.2637984868923402,-0.06297379999999901,-0.35265809999999903,0.010442300000000015,-0.029342800000000002,0.04941170000000006,-0.015116399999999919,-1.1219999999999999,-7.526,-4.076999999999998,9.119000000000007,0,-0.46613927181494685,-0.27176286368037506,-0.2508921576538925,-0.3372189020961653,-0.3395133206186991,0.1535979764863938,1,False,No scored risk drivers detected,0,0,0,0,0,0,No unusual multivariate change detected
Laos,2008,17.0588337837966,4.18200303606929,7.82490276337012,740.0,7.62880887577516,3.55,31.68198579384,6148969.0,29.4034348148069,0.0129444,-1.0242586,-1.02587,93.3,-15.608,7.822,51.723,7.629,,2.9668361810781505,4.850457876909011,0.166262499999999,0.229236299999998,0.15186199999999994,0.14141969999999993,0.023488699999999918,-0.02592300000000014,-5.222000000000001,-4.100000000000001,-4.207000000000001,-0.13000000000000256,10,-0.4810094965367666,0.459661414172789,-1.0791190871071614,0.5034227674608973,1.7077559883693822,-0.14621927964614823,1,False,Unusually large current account deterioration (+10),0,0,0,0,10,0,No unusual multivariate change detected
Laos,2009,4.2142490338378,5.45905949594973,7.50177491225853,880.0,0.141187674980385,6.0,33.9384705525426,6241642.0,30.0420311503825,-0.0651815999999999,-1.0216488,-1.0303478,93.3,-17.769,7.373,51.823,0.141,,-7.487621200794775,-10.454457381872926,-0.07812599999999989,-0.2443884999999989,0.0026098000000001065,-0.14925219999999984,-0.004477799999999865,-0.027966499999999783,-2.160999999999998,3.0610000000000035,0.10000000000000142,4.307000000000002,0,0.01165248713151281,-1.1168173709096543,-0.46077698197143996,-0.39278414505927095,-0.4529008957772447,-0.46967101338185113,1,False,No scored risk drivers detected,0,0,0,0,0,0,No unusual multivariate change detected
Laos,2010,17.3830053335339,3.90935018167503,8.52690551739717,990.0,5.98254521550082,7.0,27.4624877401915,6334194.0,30.6468600890172,-0.2200354,-0.948435799999999,-0.946446799999999,93.3,-16.482,8.018,49.315,5.983,,5.841357540520435,13.328978741315211,-0.1548538000000001,-0.07672780000000021,0.07321300000000086,0.07060320000000075,0.08390100000000089,0.08837880000000076,1.286999999999999,3.447999999999997,-2.5080000000000027,-2.608000000000004,0,-0.2866670980569883,0.8931245557686909,0.23574166504194236,-0.6741557510982844,0.5691898346962957,0.5524903613157838,1,False,No scored risk drivers detected,0,0,0,0,0,0,No unusual multivariate change detected
Laos,2011,3.20231109313569,3.43702755895922,8.03865268023725,1130.0,7.5689885610998,9.0,28.0678025249814,6426590.0,31.2146877128668,-0.072408,-0.927360699999999,-0.957751799999999,93.3,-15.264,7.986,43.005,7.569,,1.5864433455989797,-4.254914194921455,0.1476274,0.3024812000000001,0.021075100000000013,-0.05213790000000085,-0.01130500000000001,-0.0952060000000009,1.218,-0.06899999999999906,-6.309999999999995,-3.8019999999999925,0,-0.7215639779981988,0.2515052238777312,0.22180321183894852,0.43508524161371637,-0.18558706346634707,-0.5486322590350596,1,False,No scored risk drivers detected,0,0,0,0,0,0,No unusual multivariate change detected
Laos,2012,14.8994602830988,6.06067602678934,8.02609843461283,1350.0,4.2551267783209,10.74769974,32.504255276611,6518978.0,31.7422801040872,-0.0728091,-0.8473352,-0.8974981,93.3,-7.337,7.805,46.103,4.255,,-3.3138617827788996,-4.900305128377879,-0.00040110000000000146,-0.1480285,0.08002549999999908,0.05895039999999907,0.06025369999999908,0.07155869999999909,7.927,6.709,3.097999999999999,9.407999999999994,0,0.3545827464854714,-0.48743576494042246,1.5770652776199188,-0.1077560334462489,0.6678113292085713,0.27899313487811966,1,False,No scored risk drivers detected,0,0,0,0,0,0,No unusual multivariate change detected
Laos,2013,4.86869294144942,5.68624628337024,8.02630022699017,1590.0,6.37142717782947,12.5,30.6473220372757,6611385.0,32.2264033448341,-0.0505462999999999,-0.8088113,-0.8536497,93.3,-7.834,8.026,49.493,6.371,,2.11630039950857,5.43016218228747,0.022262800000000103,0.022663900000000105,0.038523899999999944,-0.04150159999999914,0.04384840000000001,-0.016405299999999068,-0.4969999999999999,-8.424,3.3900000000000006,0.2920000000000016,0,0.3879835589375583,0.3314049617697334,-0.12463805255430893,-0.024644332835679968,0.06701135612209157,0.08925460029373954,1,False,No scored risk drivers detected,0,0,0,0,0,0,No unusual multivariate change detected
Laos,2014,4.67058881700166,6.53385086120159,7.61196343979319,1810.0,4.12924306873771,14.26000023,29.8013514004447,6703172.0,32.6638235172635,0.3772453,-0.745683299999999,-0.779778,93.3,-14.507,7.612,53.534,4.129,,-2.2421841090917596,-4.35848450860033,0.4277915999999999,0.4055287999999998,0.06312800000000096,0.024604100000001017,0.07387169999999998,0.030023299999999975,-6.673,-6.176,4.040999999999997,0.6509999999999962,10,0.4624490688906691,-0.32583224451824533,-1.3722306175063546,1.4624866646785657,0.42319383144395806,0.43649463524509907,1,False,Unusually large current account deterioration (+10),0,0,0,0,10,0,No unusual multivariate change detected
Laos,2015,4.50422633939387,7.47075777292731,7.27006584373785,1960.0,1.27735427102992,18.20000076,31.556651604237,6801645.0,33.1240204432199,0.4046383,-0.6993587,-0.7713994,93.3,-15.727,7.27,53.052,1.277,,-2.8518887977077902,-0.6097046886160307,0.027393,-0.4003985999999999,0.04632459999999905,-0.01680340000000191,0.008378600000000014,-0.06549309999999997,-1.2200000000000006,5.452999999999999,-0.4819999999999993,-4.522999999999996,0,-0.05492036508463274,-0.41777259796356897,-0.27068880133350737,-0.005831169766996721,0.17993857700165433,-0.3209779388248031,1,False,No scored risk drivers detected,0,0,0,0,0,0,No unusual multivariate change detected
Laos,2016,4.53091349383099,5.87774436155716,7.02283625501138,2110.0,1.59691227583204,21.87000084,29.0076540961796,6908802.0,33.8267455533474,0.3452009,-0.665338,-0.7516558,93.3,-8.708,7.023,54.474,1.597,,0.31955800480212004,3.1714468025099105,-0.05943740000000003,-0.08683040000000003,0.034020700000000015,-0.012303899999999035,0.019743599999999972,0.011364999999999958,7.019,8.239,1.421999999999997,1.9039999999999964,0,0.16287123391801453,0.06046538412849815,1.3936433137312438,-0.3242504272070628,0.0018205577238840347,-0.1895339270998365,1,False,No scored risk drivers detected,0,0,0,0,0,0,No unusual multivariate change detected
Laos,2017,,9.87799160512334,6.8925308726989,2240.0,0.825478607568026,25.51040077,,7018147.0,34.5115346444216,0.2776591,-0.6856629,-0.822191799999999,93.3,-7.387,6.892,57.198,0.825,,-0.7714336682640139,-1.090991673066134,-0.06754179999999999,-0.008104399999999956,-0.02032489999999998,-0.054345599999999994,-0.07053599999999904,-0.09027959999999902,1.3210000000000006,-5.6979999999999995,2.7240000000000038,1.3020000000000067,10,0.3118022538242376,-0.10405058876862748,0.24260988835936004,-0.3539703988989732,-0.7849162191080759,-1.2336793561297714,1,False,Unusually large decline in rule of law (+10),0,0,0,10,0,0,No unusual multivariate change detected
Laos,2018,,7.4856486219066,6.24796000755872,2460.0,2.04039266890201,36.27130127,,7128045.0,35.2050070032013,0.2651475,-0.792704499999999,-0.8579945,93.3,-9.095,6.248,60.588,2.04,,1.214914061333984,1.9863477295979979,-0.012511600000000012,0.055030199999999974,-0.10704159999999907,-0.08671669999999909,-0.035802700000000964,0.03473329999999808,-1.708000000000001,-3.0290000000000017,3.3900000000000006,0.6659999999999968,10,0.3879835589375583,0.1954805051107683,-0.3692680065952624,-0.15216693581716878,-2.040274832418138,-0.8319649441239159,1,False,Unusually large decline in regulatory quality (+10),0,0,10,0,0,0,No unusual multivariate change detected
Laos,2019,,4.03149139231071,5.4577350924848,2520.0,3.32255881256925,47.03229904,,7237636.0,35.9072880879451,0.3582008,-0.720662799999999,-0.944245599999999,93.3,-7.03,4.652,69.129,3.323,,1.28216614366724,0.06725208233325608,0.0930533,0.10556490000000002,0.07204169999999999,0.17908329999999906,-0.08625109999999903,-0.05044839999999806,2.0650000000000004,3.7730000000000015,8.541000000000004,5.151000000000003,10,0.9771876169536502,0.20562177568831425,0.39290277506990434,0.23495436121399574,0.5522334520875111,-1.4154352548239224,1,False,Unusually large decline in rule of law (+10),0,0,0,10,0,0,No unusual multivariate change detected
Laos,2020,,5.09807193491087,0.503031829018681,2470.0,5.10407262959919,54.0,,7346533.0,36.6185033569111,0.5456553,-0.775701299999999,-0.875201399999999,93.3,-1.645,-0.435,75.42,5.104,,1.78151381702994,0.49934767336270003,0.18745449999999997,0.09440119999999996,-0.05503849999999999,-0.12708019999999998,0.0690442,0.15529529999999903,5.385,3.3199999999999994,6.290999999999997,-2.250000000000007,10,0.7198183429221593,0.28092085479705176,1.0635645813588923,0.5811368042921244,-1.28744937314877,0.3806612901855059,1,False,Unusually large decline in regulatory quality (+10),0,0,10,0,0,0,No unusual multivariate change detected
Laos,2021,,5.69344695957329,2.52835100486102,2500.0,3.75562036658877,62.0,,7453194.0,37.338778268357,0.583086,-0.742067799999999,-0.7575675,93.3,2.329,2.061,92.207,3.754,,-1.34845226301042,-3.12996608004036,0.03743070000000004,-0.15002379999999993,0.033633500000000094,0.08867200000000008,0.11763389999999907,0.04858969999999907,3.974,-1.4109999999999996,16.786999999999992,10.495999999999995,10,1.9204174096930569,-0.19106204617750802,0.7785333136860725,0.030978484229831148,-0.0037847623018268366,0.9426344618980014,1,False,Unusually large increase in government debt (+10),0,0,0,0,0,10,No unusual multivariate change detected
Laos,2022,,4.69509225789707,2.70742652643155,2300.0,22.9562225132056,64.54000092,,7559007.0,38.0682382805397,0.7033051,-0.818860399999999,-0.8397916,93.3,-3.034,2.252,115.72,22.959,,19.20060214661683,20.54905440962725,0.12021910000000002,0.08278839999999998,-0.0767926000000001,-0.1104261000000002,-0.08222410000000002,-0.1998579999999991,-5.3629999999999995,-9.337,23.513000000000005,6.726000000000013,55,2.689779959531193,2.9076304202964023,-1.1076020132176272,0.3345751606548062,-1.6023736819590548,-1.3688602407265789,-1,True,Unusually sharp inflation increase (+15); Unusually large decline in regulatory quality (+10); Unusually large decline in rule of law (+10); Unusually large current account deterioration (+10); Unusually large increase in government debt (+10),15,0,10,10,10,10,Unusual multivariate change detected
Laos,2023,,11.2425630959408,3.74568140158232,2110.0,31.2301341732646,64.39800262,,7664993.0,38.8070088517156,0.7378068,-0.7700083,-0.8447129,93.3,2.698,3.658,108.885,31.23,,8.273911660059,-10.926690486557831,0.03450169999999997,-0.08571740000000005,0.048852099999999066,0.12564469999999917,-0.004921300000000017,0.0773028,5.731999999999999,11.094999999999999,-6.834999999999994,-30.348,15,-0.7816168086055463,1.259941294595018,1.133660860510181,0.0202374303472972,0.2165280562500717,-0.47480039474569125,1,False,Unusually sharp inflation increase (+15),15,0,0,0,0,0,No unusual multivariate change detected
Laos,2024,,5.98958863567394,4.13019264438475,2000.0,23.1305695942588,65.59269714,,7769819.0,39.5552154401406,0.5576599,-0.636028199999999,-0.742416699999999,93.3,4.339,4.299,94.682,23.132,,-8.099564579005797,-16.373476239064797,-0.1801469,-0.21464859999999997,0.13398010000000093,0.08512800000000187,0.10229620000000095,0.10721750000000096,1.6410000000000005,-4.090999999999999,-14.203000000000003,-7.368000000000009,0,-1.6244153913006674,-1.2090953073135167,0.3072519901703468,-0.7669090969351953,1.448887775126164,0.7652434527793229,-1,True,No scored risk drivers detected,0,0,0,0,0,0,Unusual multivariate change detected
Malaysia,2000,13.0284321549706,4.03842862393763,8.85886816969386,3490.0,1.53474023697699,21.3847311644538,26.8674891484592,22967816.0,61.9694564490726,0.0161148999999999,0.4097445999999999,-0.0264614,99.0,8.309,8.671,32.518,1.551,3.1,,,,,,,,,,,,,0,,,,,,,1,False,No scored risk drivers detected,0,0,0,0,0,0,No unusual multivariate change detected
Malaysia,2001,3.02742703231749,0.597029318252079,0.517675319192861,3570.0,1.41678473206098,26.6959725007084,24.398219973396,23526538.0,63.0180877676224,,,,99.0,7.211,0.518,38.065,1.427,3.675,-0.11795550491600992,,,,,,,,-1.097999999999999,,5.546999999999997,,10,1.1701149150361054,-0.06994841490593766,-0.37890586623036054,,,,1,False,Unusually large increase in government debt (+10),0,0,0,0,0,10,No unusual multivariate change detected
Malaysia,2002,3.87210415422716,3.16612432250471,5.39098830692797,3810.0,1.80787246281536,32.3382043389359,24.7773431485884,24102477.0,64.056368465184,0.3662257,0.5675736,0.2232436,99.0,6.546,5.391,39.532,1.793,3.475,0.39108773075437986,0.5090432356703898,,,,,,,-0.665,0.43299999999999894,1.4669999999999987,-4.079999999999998,0,-0.025806598844252796,0.2030492465092263,-0.17673973377331365,,,,1,False,No scored risk drivers detected,0,0,0,0,0,0,No unusual multivariate change detected
Malaysia,2003,8.11346873840739,2.92094209456765,5.7884992858875,4170.0,1.08967632577286,34.9711523397291,22.7633850643195,24679602.0,65.0750932867555,0.3617264,0.7165568999999999,0.3410072,99.0,11.149,5.789,41.393,1.074,3.6,-0.7181961370424998,-1.1092838677968797,-0.004499299999999984,,0.14898329999999993,,0.11776360000000002,,4.602999999999999,5.267999999999999,1.8610000000000042,0.39400000000000546,0,0.08968190029027365,-0.3918548412649653,2.2828703950574605,-0.04522274205779362,1.3453723556553392,1.4879249538194024,1,False,No scored risk drivers detected,0,0,0,0,0,0,No unusual multivariate change detected
Malaysia,2004,9.84907689179965,3.50787262049412,6.78343772370305,4720.0,1.42127115937402,42.2522656295248,23.0495646010531,25256772.0,66.0647889111941,0.1553244,0.5752967999999999,0.3711285,99.0,11.099,6.783,41.96,1.42,3.55,0.3315948336011598,1.0497909706436597,-0.206402,-0.20190270000000002,-0.1412601,-0.29024339999999993,0.030121299999999962,-0.08764230000000006,-0.049999999999998934,-4.652999999999998,0.5670000000000002,-1.294000000000004,20,-0.28961281514139037,0.17114346590838472,0.11040153980886729,-1.754216384184365,-1.369133783768652,0.32590730076037155,1,False,Unusually large decline in political stability (+10); Unusually large decline in regulatory quality (+10),0,10,10,0,0,0,No unusual multivariate change detected
Malaysia,2005,9.10930253139404,2.73438734940078,5.33213916141486,5240.0,2.97507092684449,48.6291702459839,22.3964178094036,25836071.0,67.0159820173565,0.4092882,0.5598434,0.2772333999999999,99.0,13.764,4.976,40.778,3.039,3.55,1.5537997674704702,1.2222049338693104,0.25396379999999996,0.46036579999999994,-0.01545339999999995,0.12580670000000005,-0.09389510000000006,-0.12401640000000003,2.664999999999999,2.714999999999998,-1.1820000000000022,-1.7490000000000023,10,-0.8022762288121625,0.8266066276513769,1.378025210988736,2.142523110891791,-0.1925245670537415,-1.3183814281847832,1,False,Unusually large decline in rule of law (+10),0,0,0,10,0,0,No unusual multivariate change detected
Malaysia,2006,6.61023865518521,4.72716484834358,5.5848470671515,5790.0,3.60923564224389,51.6379889864403,22.7035242231695,26417909.0,67.9191992840997,0.2101206,0.6788801999999999,0.3835036,99.0,15.362,5.584,39.662,3.621,3.325,0.6341647153993999,-0.9196350520710703,-0.1991676,-0.45313139999999996,0.11903679999999994,0.1344901999999999,0.10627020000000009,0.20016530000000016,1.5980000000000008,-1.0669999999999984,-1.1159999999999997,0.0660000000000025,10,-0.7829304396170385,0.3334103704804493,0.879846773733149,-1.6929812268308455,1.065297225250098,1.3355381075856936,1,False,Unusually large decline in political stability (+10),0,10,0,0,0,0,No unusual multivariate change detected
Malaysia,2007,10.4438326008287,4.68684578287436,6.29878592740947,6560.0,2.02735317779569,55.7,23.4095349745995,26998389.0,68.7649673902807,0.158114,0.7212038,0.2985608999999999,99.0,14.663,6.299,39.348,2.027,3.225,-1.5818824644482001,-2.2160471798476,-0.052006599999999986,0.14716100000000001,0.04232360000000002,-0.07671319999999993,-0.0849427000000001,-0.19121290000000019,-0.6989999999999998,-2.2970000000000006,-0.31400000000000006,0.8019999999999996,10,-0.5478497890944777,-0.8550460420428111,-0.19261421068679996,-0.44734551532729255,0.3478357691933528,-1.1996847847004655,1,False,Unusually large decline in rule of law (+10),0,0,0,10,0,0,No unusual multivariate change detected
Malaysia,2008,8.71934316713224,3.28081949125174,4.83176988913097,7420.0,5.44078221100769,55.8,21.4583043811993,27570059.0,69.5438130147565,0.1350346,0.6129114999999999,0.2195174,99.0,16.295,4.832,39.361,5.429,3.325,3.413429033212,4.9953114976602,-0.0230794,0.028927199999999986,-0.10829230000000001,-0.15061590000000002,-0.0790434999999999,0.005899200000000188,1.6320000000000014,2.3310000000000013,0.012999999999998124,0.3269999999999982,35,-0.4520001971731848,1.8239176713352183,0.8957212506466357,-0.2024929161073528,-1.0608018957625776,-1.121469419073068,1,False,Unusually sharp inflation increase (+15); Unusually large decline in regulatory quality (+10); Unusually large decline in rule of law (+10),15,0,10,10,0,0,No unusual multivariate change detected
Malaysia,2009,0.553880589333716,0.056692316075743,-1.51352871598714,7500.0,0.583308405623702,55.9,17.8356949570531,28124778.0,70.2462628363839,0.0283292999999999,0.5057859,0.2116536,99.0,14.829,-1.514,50.408,0.597,3.675,-4.857473805383988,-8.270902838595987,-0.1067053000000001,-0.0836259000000001,-0.10712559999999993,0.001166700000000076,-0.007863800000000004,0.0711796999999999,-1.466000000000001,-3.0980000000000025,11.047000000000004,11.034000000000006,20,2.782264014629729,-2.6117313551273997,-0.5507237339998613,-0.9103394749553158,-1.049890314955344,-0.17772344322070296,1,False,Unusually large decline in regulatory quality (+10); Unusually large increase in government debt (+10),0,0,10,0,0,10,No unusual multivariate change detected
Malaysia,2010,6.86192061413064,4.26864663854031,7.42484738326097,8130.0,1.62285235577035,56.3,23.3865410976414,28655776.0,70.8625314831025,0.1752998999999999,0.6535173,0.2255439,99.0,9.941,7.528,51.212,1.72,3.3,1.0395439501466481,5.897017755530635,0.1469706,0.2536759000000001,0.14773139999999996,0.2548569999999999,0.013890299999999994,0.0217541,-4.888,-3.421999999999999,0.804000000000002,-10.243000000000002,10,-0.22014384484981014,0.5508134814883437,-2.148443145704286,1.2368854024769131,1.333663940456424,0.11070632444184635,1,False,Unusually large current account deterioration (+10),0,0,0,0,10,0,No unusual multivariate change detected
Malaysia,2011,6.86434996091751,5.07446032143377,5.29391283414003,8890.0,3.1744709215131,61.0,23.1882579658738,29162039.0,71.4245166681964,0.0582972,0.5248522999999999,0.1386142,99.0,10.741,5.293,51.898,3.183,3.05,1.55161856574275,0.5120746155961018,-0.1170026999999999,-0.2639732999999999,-0.12866500000000003,-0.2763964,-0.0869297,-0.10081999999999999,0.7999999999999989,5.687999999999999,0.6859999999999999,-0.1180000000000021,20,-0.25473177098654665,0.8254368587024621,0.5072634626460262,-0.9975012173710132,-1.251337905286457,-1.2260297012148447,1,False,Unusually large decline in regulatory quality (+10); Unusually large decline in rule of law (+10),0,0,10,10,0,0,No unusual multivariate change detected
Malaysia,2012,8.3454078728834,2.82905738174529,5.47345419253853,9980.0,1.66357102479206,65.8,25.7486213670602,29662831.0,71.9680127926087,-0.0196796999999999,0.754922,0.2392426,99.0,5.094,5.474,53.788,1.655,3.025,-1.5108998967210399,-3.06251846246379,-0.0779768999999999,0.0390258,0.23006970000000004,0.3587347000000001,0.1006284,0.1875581,-5.646999999999999,-6.446999999999998,1.8899999999999935,1.2039999999999935,10,0.0981823228154005,-0.8169784013536305,-2.5028174979788793,-0.6671696067541014,2.1037342361452653,1.260735515743301,1,False,Unusually large current account deterioration (+10),0,0,0,0,10,0,No unusual multivariate change detected
Malaysia,2013,7.24894837565304,3.49431175959971,4.69372252557893,10590.0,2.10501231233612,57.05751226,25.9371066959614,30174265.0,72.4882717118078,-0.0428372,0.8446929999999999,0.1917655999999999,99.0,3.435,4.694,55.656,2.105,3.1,0.44144128754405987,1.9523411842650997,-0.023157500000000098,0.05481939999999981,0.08977099999999993,-0.1402987000000001,-0.0474770000000001,-0.1481054000000001,-1.6590000000000003,3.987999999999999,1.868000000000002,-0.02199999999999136,0,0.09173372641702855,0.23005363883636293,-0.6408347353028867,-0.20315398900756787,0.7915883527136178,-0.7029405780306986,1,False,No scored risk drivers detected,0,0,0,0,0,0,No unusual multivariate change detected
Malaysia,2014,6.97639355095627,3.14122940365348,6.00672194558203,10840.0,3.14299050879095,63.6654258813225,24.9776084262813,30696137.0,72.9802206910773,0.0879800999999999,0.8827965,0.2420724,99.0,4.327,6.007,55.373,3.143,2.875,1.03797819645483,0.5965369089107702,0.1308172999999999,0.1539748,0.03810350000000007,-0.051667499999999866,0.050306800000000096,0.0977838000000002,0.8919999999999999,2.551,-0.28300000000000125,-2.1510000000000034,0,-0.5387631305331322,0.549973774629936,0.5502179295884017,1.1001567356519357,0.30836721501095604,0.5935395666390991,1,False,No scored risk drivers detected,0,0,0,0,0,0,No unusual multivariate change detected
Malaysia,2015,6.01754166372075,3.27094402931735,5.09153242155011,10350.0,2.10438980238359,71.0640678111957,25.424263277142,31232798.0,73.4387869957006,0.0447869,0.7623928,0.1141707999999999,99.0,2.987,5.007,56.971,2.104,3.15,-1.03860070640736,-2.07657890286219,-0.0431931999999999,-0.1740104999999998,-0.1204037,-0.15850720000000007,-0.1279016000000001,-0.17820840000000018,-1.3399999999999999,-2.2319999999999998,1.597999999999999,1.8810000000000002,20,0.012591861527886243,-0.5636864107939177,-0.49189479014399945,-0.3727450044598377,-1.1740739620938696,-1.7692613493957958,1,False,Unusually large decline in regulatory quality (+10); Unusually large decline in rule of law (+10),0,0,10,10,0,0,No unusual multivariate change detected
Malaysia,2016,5.85118565859091,4.47130958598651,4.44978139761541,9800.0,2.09056659525742,78.7883099275229,25.9955119994004,31789685.0,73.8588978909614,-0.0158376,0.729094,0.098701,99.0,2.393,4.45,55.787,2.076,3.45,-0.013823207126169912,1.02477749928119,-0.0606245,-0.0174313000000001,-0.03329879999999996,0.08710490000000004,-0.015469799999999909,0.11243180000000018,-0.5940000000000003,0.7459999999999996,-1.1839999999999975,-2.7819999999999965,0,-0.8028624648483771,-0.014102718936762496,-0.1435900908069157,-0.5202912278337751,-0.359423962045934,-0.2785686545988488,1,False,No scored risk drivers detected,0,0,0,0,0,0,No unusual multivariate change detected
Malaysia,2017,6.90826593695486,2.9358203805856,5.81272240983328,9560.0,3.87120115774237,80.1404790103961,25.5473434515187,32355644.0,74.2354806421432,-0.011848,0.7662251999999999,0.1306432,99.0,2.791,5.813,54.395,3.799,3.425,1.7806345624849498,1.7944577696111197,0.003989600000000001,0.0646141,0.03713119999999992,0.07042999999999988,0.03194219999999999,0.0474119999999999,0.39800000000000013,0.9920000000000004,-1.391999999999996,-0.2079999999999984,0,-0.8638310126148263,0.9482571363453738,0.31957111796304055,0.026631057463699783,0.2992737633791107,0.3500499572681905,1,False,No scored risk drivers detected,0,0,0,0,0,0,No unusual multivariate change detected
Malaysia,2018,7.97993747640615,2.31458721219734,4.84308697634881,10200.0,0.884709160571235,81.2010486181174,23.8974199608763,32910967.0,74.5634625145296,0.1769644,0.7479363,0.2863953999999999,99.0,2.231,4.843,55.646,0.969,3.325,-2.986491997171135,-4.767126559656084,0.1888124,0.18482279999999998,-0.01828889999999994,-0.05542009999999986,0.15575219999999992,0.12380999999999993,-0.56,-0.9580000000000002,1.2509999999999977,2.6429999999999936,0,-0.08912009075556623,-1.6083319925570385,-0.1277156138934292,1.5910528810452114,-0.21904362711966102,1.9916021030384228,1,False,No scored risk drivers detected,0,0,0,0,0,0,No unusual multivariate change detected
Malaysia,2019,7.68768167459078,2.50697705748044,4.41318742129586,10750.0,0.662891865764326,84.1871450078281,21.0482403944815,33440596.0,74.8377707734042,0.1608891999999999,0.7557539999999999,0.3389272,99.0,3.498,4.413,57.083,0.663,3.275,-0.22181729480690904,2.7646747023642257,-0.016075200000000095,-0.2048876000000001,0.007817699999999927,0.02610659999999987,0.05253180000000007,-0.10322039999999985,1.2670000000000003,1.8270000000000004,1.4369999999999976,0.18599999999999994,0,-0.03460013938749106,-0.12564903867175087,0.7253040720165607,-0.14320627324332588,0.025118775813484158,0.6230400393338632,1,False,No scored risk drivers detected,0,0,0,0,0,0,No unusual multivariate change detected
Malaysia,2020,-3.94478420721832,1.20275464255821,-5.45684658426701,10110.0,-1.1387021539305,89.55501192,19.6580082281542,33889558.0,75.0511895575672,0.1400703999999999,0.637551,0.3499705999999999,99.0,4.166,-5.457,67.693,-1.139,4.525,-1.801594019694826,-1.5797767248879169,-0.0208188,-0.0047435999999999034,-0.11820299999999995,-0.12602069999999987,0.011043399999999925,-0.04148840000000015,0.6680000000000001,-0.5990000000000002,10.61,9.173000000000002,20,2.6541714407165617,-0.9728763883968397,0.44563314051131486,-0.18335819910063952,-1.1534918793969657,0.07296030389590183,1,False,Unusually large decline in regulatory quality (+10); Unusually large increase in government debt (+10),0,0,10,0,0,10,No unusual multivariate change detected
Malaysia,2021,1.78830923854719,5.41626377085161,3.31534954399166,10520.0,2.47710241465447,96.7514278,22.1257083996672,34282399.0,75.5088628191907,0.196108,0.7295908,0.3016338,99.0,3.886,3.315,69.162,2.477,4.65,3.61580456858497,5.417398588279796,0.056037600000000104,0.0768564000000001,0.0920398,0.21024279999999995,-0.0483367999999999,-0.05938019999999983,-0.28000000000000025,-0.9480000000000004,1.4690000000000083,-9.140999999999991,15,-0.025220362808034136,1.9324507860355897,0.0030153724529292767,0.4671883213606361,0.8128073417728878,-0.7143403561983177,1,False,Unusually sharp inflation increase (+15),15,0,0,0,0,0,No unusual multivariate change detected
Malaysia,2022,11.4136615295312,3.68486215546291,9.03173723044451,11620.0,3.37869862549928,97.3986404,23.5862921622175,34695493.0,75.9741357073003,0.2483001,0.6557653999999999,0.2952941,99.0,3.188,9.032,65.464,3.379,3.825,0.9015962108448101,-2.71420835774016,0.05219209999999999,-0.0038455000000001127,-0.07382540000000004,-0.16586520000000005,-0.006339700000000004,0.0419970999999999,-0.698,-0.4179999999999997,-3.6980000000000075,-5.167000000000016,0,-1.539761162371719,0.47683271209983685,-0.19214731430699158,0.4346383106336972,-0.7384496505197479,-0.15751595089077475,1,False,No scored risk drivers detected,0,0,0,0,0,0,No unusual multivariate change detected
Malaysia,2023,4.61713172356333,1.97990062716743,3.5370638041057,11700.0,2.48886560125754,97.69272633,22.8017590224926,35126298.0,76.4434752105739,0.2281849,0.588407,0.3016842999999999,99.0,1.099,3.537,69.712,2.489,3.425,-0.88983302424174,-1.7914292350865502,-0.0201152,-0.07230729999999999,-0.06735839999999993,0.0064670000000001115,0.0063901999999999015,0.012729899999999905,-2.0890000000000004,-1.3910000000000005,4.248000000000005,7.946000000000012,0,0.7893546095139052,-0.4839029533595357,-0.8416001786205088,-0.17740261788949052,-0.6779669273858014,0.011265202977574646,1,False,No scored risk drivers detected,0,0,0,0,0,0,No unusual multivariate change detected
Malaysia,2024,5.10318975858846,3.6930953933026,5.10545921024041,11650.0,1.834100204499,98.0206059,21.9538831069426,35557673.0,76.9170296648992,0.3847799,0.6804759,0.3451357,99.0,1.434,5.105,69.839,1.834,3.225,-0.6547653967585398,0.2350676274832002,0.156595,0.1767102,0.09206890000000001,0.15942729999999994,0.043451400000000084,0.03706120000000018,0.33499999999999996,2.4240000000000004,0.12699999999999534,-4.121000000000009,0,-0.41858474310888144,-0.35783721261197154,0.29015664603510977,1.3183505755988325,0.8130794999982162,0.5026462900046328,1,False,No scored risk drivers detected,0,0,0,0,0,0,No unusual multivariate change detected
Myanmar,2000,,2.86117768008645,13.7459305561226,190.0,-0.109165514668565,,,45290841.0,27.5346072708149,-1.6348752,-2.0479562,-1.42140429999999,79.0,-8.264,12.418,164.48,4.254,,,,,,,,,,,,,,0,,,,,,,1,False,No scored risk drivers detected,0,0,0,0,0,0,No unusual multivariate change detected
Myanmar,2001,,3.21565753506977,11.3439970699605,190.0,21.101305376923,0.0002892773808485,,45771139.0,27.7107064116875,,,,79.0,-6.858,12.468,261.993,-19.791,,21.210470891591566,,,,,,,,1.4059999999999997,,97.513,,25,3.62291875651001,1.3301320449623006,0.27348258228899586,,,,-1,True,Unusually sharp inflation increase (+15); Unusually large increase in government debt (+10),15,0,0,0,0,10,Unusual multivariate change detected
Myanmar,2002,,2.22070502562137,12.0255134340315,170.0,57.0745112621703,0.0004264935063618,,46232653.0,27.8849700456368,-1.51584719999999,-2.1741261,-1.82778319999999,79.0,-1.59,9.928,190.64,21.916,,35.973205885247296,14.76273499365573,,,,,,,5.268,3.862,-71.35300000000001,-168.866,15,-2.3599727344645256,2.2769088995056226,1.4082045298785233,,,,-1,True,Unusually sharp inflation increase (+15),15,0,0,0,0,0,Unusual multivariate change detected
Myanmar,2003,,2.3777576671811,13.8439968903798,190.0,36.5897175323924,0.0240641491408465,,46667192.0,28.0568026064444,-1.2950773,-2.2218221,-1.8284729,79.0,1.192,13.196,146.029,47.469,,-20.4847937297779,-56.457999615025194,0.22076989999999008,,-0.04769599999999974,,-0.0006897000000098963,,2.782,-2.4859999999999998,-44.61099999999999,26.74200000000002,0,-1.4125085661201509,-1.3439057606703586,0.6777750214094491,1.3415475585755676,-0.430722651012069,-0.010839491541873716,-1,True,No scored risk drivers detected,0,0,0,0,0,0,Unusual multivariate change detected
Myanmar,2004,,2.0001628964787,13.5646616163416,230.0,4.53421374129692,0.024337392002823,,47068772.0,28.2256085278922,-1.0811254,-2.4021448,-1.8172024,79.0,2.27,15.318,126.59,8.005,,-32.055503791095475,-11.570710061317577,0.21395190000000008,-0.006817999999989999,-0.18032270000000006,-0.13262670000000032,0.011270499999999961,0.011960200000009857,1.078,-1.704,-19.438999999999993,25.171999999999997,10,-0.5206692105908498,-2.0859688324111216,0.17711054738237636,1.3044993819354243,-1.1274821287958765,0.0801243449683685,-1,True,Unusually large decline in regulatory quality (+10),0,0,10,0,0,0,Unusual multivariate change detected
Myanmar,2005,,1.95966396539679,13.5689500216456,280.0,9.36861814196704,0.065200001,,47438365.0,28.390792243762,-0.9344471,-2.31315819999999,-1.8445931,79.0,5.245,13.567,118.964,6.886,,4.83440440067012,36.8899081917656,0.14667829999999993,-0.06727360000000016,0.08898660000000991,0.26930930000000997,-0.02739069999999999,-0.03866119999999995,2.975,1.897,-7.626000000000005,11.812999999999988,0,-0.10213678142877977,0.2798875795072249,0.7344817370709662,0.9389428820788663,0.28734465367197676,-0.2139151423384385,1,False,No scored risk drivers detected,0,0,0,0,0,0,No unusual multivariate change detected
Myanmar,2006,,1.90182128285749,13.0761013792372,300.0,19.9964873359214,0.18204833106115,,47785135.0,28.5517581878355,-0.787107799999999,-2.1245544,-1.65708559999999,79.0,7.323,13.307,103.101,16.551,,10.62786919395436,5.79346479328424,0.14733930000000095,0.0006610000000010219,0.18860379999998989,0.09961719999997998,0.18750750000000993,0.21489820000000992,2.0780000000000003,-0.8969999999999998,-15.863,-8.236999999999995,0,-0.39397218471397166,0.6514392178892967,0.470927726975729,0.9425346750913639,0.810687451542021,1.4205027378918356,-1,True,No scored risk drivers detected,0,0,0,0,0,0,Unusual multivariate change detected
Myanmar,2007,,3.5175166973129,11.9914352402146,360.0,35.0245970717698,0.217128445069958,,48125043.0,28.7079107938945,-1.0447303,-2.1230815,-1.6565113,79.0,2.749,12.5,77.365,34.437,,15.028109735848396,4.400240541894036,-0.25762250000000086,-0.4049618000000018,0.0014728999999999992,-0.18713089999998989,0.0005742999999900356,-0.1869332000000199,-4.574,-6.652,-25.736000000000004,-9.873000000000005,20,-0.7437707687414941,0.9336393590744356,-1.4835441516792525,-1.2579781290935126,-0.17241194067090856,-0.001226082957665659,-1,True,Unusually large decline in political stability (+10); Unusually large current account deterioration (+10),0,10,0,0,10,0,Unusual multivariate change detected
Myanmar,2008,,2.71127181000311,10.2553053929808,490.0,26.7995371934022,0.22,,48390793.0,28.8586544957208,-1.1194619,-2.1237348,-1.6929326,79.0,-3.166,7.558,59.813,20.911,,-8.225059878367595,-23.25316961421599,-0.07473160000000001,0.18289090000000086,-0.0006532999999997458,-0.002126199999999745,-0.03642129999999999,-0.036995599999990025,-5.915,-1.3410000000000002,-17.551999999999992,8.184000000000012,10,-0.4538131457615238,-0.5576536022210787,-1.8775529895139382,-0.2641713867812849,-0.1835820142810018,-0.2825977749021679,1,False,Unusually large current account deterioration (+10),0,0,0,0,10,0,No unusual multivariate change detected
Myanmar,2009,,2.92355415980151,10.5500090961932,660.0,1.47234311385647,0.219999999,,48660459.0,29.0033937270962,-1.1579001,-2.1529061,-1.6993749,79.0,-3.08,4.385,56.42,3.692,,-25.32719407954573,-17.102134201178135,-0.03843820000000009,0.03629339999999992,-0.029171300000000233,-0.028518000000000487,-0.006442300000000012,0.029978999999999978,0.08599999999999985,6.0009999999999994,-3.3930000000000007,14.158999999999992,0,0.04783763426943793,-1.65446288802941,-0.11435609477422945,-0.06695749794682476,-0.3334024259133421,-0.05459114836261994,-1,True,No scored risk drivers detected,0,0,0,0,0,0,Unusual multivariate change detected
Myanmar,2010,,1.81897202342465,9.6344394520444,880.0,7.71838195873614,0.25,,49024382.0,29.1415329218024,-1.0884224,-1.67502889999999,-1.4706145,79.0,4.766,5.247,54.39,5.924,,6.246038844879671,31.5732329244254,0.06947769999999998,0.10791590000000006,0.47787720000001,0.5070485000000102,0.22876040000000009,0.2352027000000001,7.846,7.76,-2.030000000000001,1.3629999999999995,0,0.0961284749490199,0.3704197755690041,2.165665218870186,0.5194442805052015,2.3303964024603503,1.7342535155685788,-1,True,No scored risk drivers detected,0,0,0,0,0,0,Unusual multivariate change detected
Myanmar,2011,,4.20127651183029,5.59148237823661,1040.0,5.0214601462073,0.98,,49419820.0,29.2724765136213,-1.084601,-1.5954532,-1.38043009999999,79.0,-1.904,5.471,49.937,6.829,,-2.6969218125288403,-8.942960657408511,0.003821400000000086,-0.06565629999999989,0.07957569999999015,-0.39830150000001985,0.09018440000001005,-0.13857599999999004,-6.67,-14.516,-4.453000000000003,-2.423000000000002,10,0.010282028164994047,-0.20311813357619082,-2.0993849601069194,0.16267599069267452,0.23790412797474245,0.6803075440771296,1,False,Unusually large current account deterioration (+10),0,0,0,0,10,0,No unusual multivariate change detected
Myanmar,2012,,2.22540068514517,7.33267044704149,1170.0,1.46758322674679,1.399999976,,49837446.0,29.3956289363345,-1.05965779999999,-1.76311659999999,-1.43519509999999,79.0,-1.835,6.486,47.98,0.36,,-3.5538769194605098,-0.8569551069316694,0.024943200000009824,0.02112180000000974,-0.16766339999999014,-0.24723909999998028,-0.054765000000000175,-0.14494940000001022,0.06899999999999995,6.739,-1.9570000000000007,2.496000000000002,10,0.09871485159583537,-0.25807714089931066,-0.11935098682731642,0.27744926399265823,-1.0609760085567734,-0.4221116064260197,1,False,Unusually large decline in regulatory quality (+10),0,0,10,0,0,0,No unusual multivariate change detected
Myanmar,2013,,3.74085607932619,8.42600102501767,1260.0,5.64303883425501,1.799999952,,50262658.0,29.5103946237239,-1.2724274,-1.4584015,-1.26471579999999,79.0,-1.197,7.899,44.846,6.382,,4.175455607508219,7.729332526968729,-0.21276960000000988,-0.2377128000000197,0.30471509999999014,0.4723784999999803,0.1704793,0.22524430000000017,0.6379999999999999,0.569,-3.1340000000000003,-1.1769999999999996,10,0.057013956893070906,0.23762728925863252,0.04783098836130117,-1.0142529659921942,1.4206826391837175,1.2909940005075666,-1,True,Unusually large decline in political stability (+10),0,10,0,0,0,0,Unusual multivariate change detected
Myanmar,2014,,3.31904421407388,8.16990745558277,1260.0,4.953299184844,7.400000095,,50681634.0,29.6164342116462,-1.1507422,-1.3316118,-1.2517405,79.0,-3.408,8.2,34.483,5.739,,-0.6897396494110097,-4.865195256919229,0.12168519999999994,0.3344548000000098,0.1267897,-0.17792539999999013,0.012975299999990142,-0.15750400000000986,-2.211,-2.8489999999999998,-10.363,-7.228999999999999,0,-0.19910819077581984,-0.07439174136574772,-0.7892541563001602,0.8031334389010832,0.4859446958550522,0.09309027768534982,1,False,No scored risk drivers detected,0,0,0,0,0,0,No unusual multivariate change detected
Myanmar,2015,,6.85124098710894,6.99284029026121,1230.0,9.45417189526018,10.89999962,,51089056.0,29.7166821191682,-1.123947,-1.110113,-1.24813,79.0,-5.414,5.862,36.603,10.044,,4.500872710416179,5.190612359827189,0.02679520000000002,-0.09488999999999992,0.2214988,0.09470909999999999,0.003610499999999961,-0.009364799999990181,-2.006,0.20500000000000007,2.1200000000000045,12.483000000000004,0,0.24316221582962555,0.25849722841544887,-0.7290216344835229,0.2875128050805554,0.9835026012947129,0.021865872060901976,1,False,No scored risk drivers detected,0,0,0,0,0,0,No unusual multivariate change detected
Myanmar,2016,,5.17880132517466,5.86247291518572,1230.0,6.92882525816076,16.0,,51495696.0,29.8129165582094,-1.01961219999999,-0.8822049,-1.045056,79.0,-5.141,6.759,35.701,6.767,,-2.5253466370994193,-7.026219347515599,0.10433480000000994,0.07753960000000992,0.22790809999999995,0.006409299999999951,0.20307399999999998,0.19946350000000002,0.2729999999999997,2.2789999999999995,-0.902000000000001,-3.0220000000000056,0,0.13609330861488084,-0.19211452178063967,-0.05941228219027257,0.7088534911190774,1.0171741057576884,1.538894450491509,1,False,No scored risk drivers detected,0,0,0,0,0,0,No unusual multivariate change detected
Myanmar,2017,,7.27335555212816,6.13610824360305,1230.0,4.5725365531752,23.621081950267,,51894938.0,29.9051727703437,-1.24136,-0.843015899999999,-1.09124359999999,79.0,-3.824,6.136,41.878,4.035,,-2.35628870498556,0.16905793211385944,-0.22174780000000993,-0.3260826000000199,0.03918900000000092,-0.18871909999999903,-0.046187599999990114,-0.2492615999999901,1.3170000000000002,1.0440000000000005,6.177,7.079000000000001,10,0.3869009837218221,-0.18127234807291248,0.24733285330518764,-1.063039404758845,0.025731043660620737,-0.35687580675015945,1,False,Unusually large decline in political stability (+10),0,10,0,0,0,0,No unusual multivariate change detected
Myanmar,2018,,2.60563229851106,6.26886221471075,1310.0,6.87232865662935,29.37899971,,52272247.0,29.993574050729,-1.29787299999999,-0.8166314,-1.1735375,79.0,-2.682,6.277,39.916,7.279,,2.29979210345415,4.65608080843971,-0.05651299999999004,0.1652348000000199,0.026384499999999034,-0.012804500000001884,-0.0822939000000098,-0.03610630000001969,1.142,-0.17500000000000027,-1.9620000000000033,-8.139000000000003,0,0.09853770251043696,0.11733556869918467,0.19591484687635086,-0.16517374657338293,-0.04153789037214985,-0.6314838877344943,1,False,No scored risk drivers detected,0,0,0,0,0,0,No unusual multivariate change detected
Myanmar,2019,,2.31211211194364,6.57911006765414,1380.0,8.82506696804558,36.54050064,,52640713.0,30.0782436945232,-1.3625611,-0.8502984,-1.18669769999999,79.0,-1.809,6.562,37.625,9.074,,1.952738311416229,-0.3470537920379213,-0.06468810000000991,-0.008175100000019864,-0.033667,-0.060051499999999036,-0.013160199999990185,0.06913370000001962,0.873,-0.2689999999999999,-2.290999999999997,-0.3289999999999935,0,0.08688129269122775,0.09507800614561968,0.11687802556573905,-0.20959623833812574,-0.3570207590564611,-0.10568443754597462,1,False,No scored risk drivers detected,0,0,0,0,0,0,No unusual multivariate change detected
Myanmar,2020,,2.41393222885654,-9.04834717984643,1320.0,,45.4477005,,53016522.0,30.1593049968842,-1.5318775,-0.7286511,-1.1631619,79.0,-0.385,-9.032,49.1,2.3,,,,-0.16931640000000003,-0.10462829999999013,0.12164730000000001,0.15531430000000002,0.023535799999990115,0.0366959999999803,1.424,0.5509999999999999,11.475000000000001,13.765999999999998,0,0.5746081546098819,,0.2787712915216763,-0.7781336011957428,0.45892889934835,0.17340863318656374,1,False,No scored risk drivers detected,0,0,0,0,0,0,No unusual multivariate change detected
Myanmar,2021,,3.11492561696787,-12.0163724829177,1240.0,,,,53387102.0,30.2368812529698,-2.09394989999999,-1.13693469999999,-1.5648147,79.0,-2.816,-11.995,63.391,9.6,,,,-0.5620723999999899,-0.3927559999999899,-0.4082835999999901,-0.5299308999999901,-0.4016527999999999,-0.42518859999999004,-2.431,-3.855,14.290999999999997,2.8159999999999954,30,0.6743785195062154,,-0.8538939358106977,-2.9123215836681866,-2.3250834989507507,-3.060382298101039,-1,True,Unusually large decline in political stability (+10); Unusually large decline in regulatory quality (+10); Unusually large decline in rule of law (+10),0,10,10,10,0,0,Unusual multivariate change detected
Myanmar,2022,,1.98946076080719,4.0374934360085,1280.0,,,,53756787.0,30.311095757938,-2.2412758,-1.26034659999999,-1.65875779999999,79.0,-3.512,4.017,55.954,27.2,,,,-0.14732590000001,0.4147464999999799,-0.12341190000000002,0.28487169999999007,-0.09394309999999018,0.30770970000000974,-0.6960000000000002,1.7349999999999999,-7.436999999999998,-21.727999999999994,0,-0.09544054600072303,,-0.3441211292162311,-0.65863991853134,-0.828499048554427,-0.72008239982229,1,False,No scored risk drivers detected,0,0,0,0,0,0,No unusual multivariate change detected
Myanmar,2023,,2.27715131661601,0.958446625126115,1220.0,,,,54133798.0,30.3820718069466,-2.2086828,-1.4451128,-1.7242442,79.0,-2.862,0.997,53.175,27.6,,,,0.03259299999999987,0.17991890000000987,-0.18476620000000987,-0.061354300000009854,-0.06548640000000994,0.02845669999998024,0.6499999999999999,1.346,-2.7790000000000035,4.657999999999994,10,0.0695915419563515,,0.0513567945164214,0.3190173399184159,-1.1508262272280865,-0.5036536940801555,1,False,Unusually large decline in regulatory quality (+10),0,0,10,0,0,0,No unusual multivariate change detected
Myanmar,2024,,1.47879223317634,-0.97204641363362,1210.0,,,,54500091.0,30.4499084074136,-2.0903985,-1.4197208,-1.811602,79.0,3.141,-0.972,50.643,29.6,,,,0.11828430000000001,0.08569130000000014,0.02539200000000008,0.21015820000000995,-0.08735779999999993,-0.021871399999989993,6.003,5.353,-2.5319999999999965,0.247000000000007,0,0.07834270677502875,,1.6241601568796376,0.7846533649885509,-0.046752027357385074,-0.6699976058749049,1,False,No scored risk drivers detected,0,0,0,0,0,0,No unusual multivariate change detected
Nepal,2000,,-0.0088242529452383,6.19999998192236,220.0,2.47882020709136,0.204651683653029,24.3148663462349,24546509.0,31.0994241803849,-1.3925858,-0.738946,-0.350935699999999,98.3,5.593,6.116,50.788,3.393,,,,,,,,,,,,,,0,,,,,,,1,False,No scored risk drivers detected,0,0,0,0,0,0,No unusual multivariate change detected
Nepal,2001,,0.347091875363344,4.79989214255407,230.0,2.6883037354563,0.240015303375743,22.3430462169922,24946748.0,32.808952331543,,,,98.3,6.705,5.629,50.766,2.435,,0.20948352836494033,,,,,,,,1.112,,-0.021999999999998465,,0,0.02248751782201421,0.0422967043188455,0.2732032159045157,,,,1,False,No scored risk drivers detected,0,0,0,0,0,0,No unusual multivariate change detected
Nepal,2002,3.54872711717044,-0.0983748686510898,0.120143177369414,230.0,3.02939948714892,0.312956060108532,20.2462111730944,25328981.0,35.0358944291182,-1.9045021,-0.617596199999999,-0.6714971,98.3,3.403,0.12,51.815,2.896,,0.34109575169261985,0.13161222332767952,,,,,,,-3.302,-4.414,1.0489999999999995,1.070999999999998,0,0.32244556561497817,0.08965110718505227,-0.7456321373556235,,,,1,False,No scored risk drivers detected,0,0,0,0,0,0,No unusual multivariate change detected
Nepal,2003,3.1594058668453,0.233443620739643,3.94503776051116,250.0,5.70700931874738,0.382810917017044,21.4093789298114,25688758.0,38.045308394296,-2.13845649999999,-0.6897536,-0.706325299999999,98.3,2.125,3.945,52.974,4.743,,2.6776098315984598,2.33651407990584,-0.23395439999999001,,-0.07215740000000093,,-0.03482819999999909,,-1.278,2.024,1.158999999999999,0.10999999999999943,20,0.3532535817281676,0.9303346413196503,-0.2784543496350703,-1.8817942287282317,-1.114927972355479,-0.5455748196043273,1,False,Unusually large decline in political stability (+10); Unusually large decline in regulatory quality (+10),0,10,10,0,0,0,No unusual multivariate change detected
Nepal,2004,0.968061082406635,-0.0057375573705338,4.68260325152944,280.0,2.8418113124898,0.449843651215974,24.5311495689792,26016656.0,41.6109470808194,-2.1116627,-0.605430399999999,-0.8475638,98.3,2.368,4.683,51.324,3.963,,-2.8651980062575797,-5.5428078378560395,0.026793799999989876,0.2607481999999799,0.08432320000000093,0.15648060000000186,-0.14123850000000093,-0.10641030000000185,0.24299999999999988,1.521,-1.6499999999999986,-2.8089999999999975,10,-0.4334711206531924,-1.0639813023469722,0.07262144835058251,-0.255302695305278,1.207430554551325,-1.6717943736700769,1,False,Unusually large decline in rule of law (+10),0,0,0,10,0,0,No unusual multivariate change detected
Nepal,2005,4.69311244737978,0.030156295078659,3.47918104829496,300.0,6.83633265892877,0.82655126590551,26.4511581033301,26309458.0,45.5065633424317,-2.1457885,-0.493822999999999,-0.8865765,98.3,1.751,3.479,45.133,4.539,,3.9945213464389697,6.859719352696549,-0.034125799999999984,-0.06091959999998986,0.11160740000000002,0.027284199999999093,-0.03901270000000001,0.10222580000000092,-0.617,-0.8599999999999999,-6.190999999999995,-4.540999999999997,15,-1.7052820403804108,1.404162655436853,-0.1258829476176367,-0.6353061377815985,1.6123605875383393,-0.5898625034468603,1,False,Unusually sharp inflation increase (+15),15,0,0,0,0,0,No unusual multivariate change detected
Nepal,2006,5.40244847354062,-0.073509433259411,3.36461478056277,330.0,6.92033580707589,1.14138916388191,26.8519028137059,26565425.0,49.5059100328759,-1.86698569999999,-0.5144183,-0.7085482,98.3,1.865,3.365,42.869,7.963,,0.0840031481471204,-3.9105181982918493,0.27880280000001,0.31292860000001,-0.020595300000000982,-0.132202700000001,0.17802830000000003,0.21704100000000004,0.1140000000000001,0.7310000000000001,-2.264000000000003,3.9269999999999925,0,-0.6054358651395431,-0.002851446258668292,0.04284578895534968,1.3166755766308258,-0.3496849799320108,1.7072442449974172,1,False,No scored risk drivers detected,0,0,0,0,0,0,No unusual multivariate change detected
Nepal,2007,3.16517942887148,0.0556064154566332,3.41156027980276,370.0,2.26921924439074,1.41,28.6852507532697,26788492.0,53.3827400058951,-1.8213249,-0.503731199999999,-0.6984973,98.3,-0.117,3.412,37.885,6.203,,-4.65111656268515,-4.7351197108322705,0.045660799999990065,-0.23314200000001994,0.010687100000000949,0.03128240000000193,0.010050899999999974,-0.16797740000000005,-1.982,-2.096,-4.984000000000002,-2.719999999999999,0,-1.3672340817565953,-1.7065592078713396,-0.4409509714509149,-0.1376143823616276,0.11458310430407366,-0.07058583837910533,1,False,No scored risk drivers detected,0,0,0,0,0,0,No unusual multivariate change detected
Nepal,2008,1.27209213549465,0.0079321573519278,6.10463914373472,430.0,9.9078300530648,1.73,30.3156469991099,26990037.0,56.9108061152324,-1.8469133,-0.6423609,-0.747987699999999,98.3,2.403,6.105,36.757,6.677,,7.638610808674059,12.28972737135921,-0.025588399999999956,-0.07124919999999002,-0.13862970000000097,-0.14931680000000191,-0.049490399999999046,-0.05954129999999902,2.52,4.502,-1.1280000000000001,3.8560000000000016,25,-0.2872730805524202,2.715315040162863,0.5981964595362048,-0.5820516615572325,-2.1014560960213227,-0.7007558156697693,1,False,Unusually sharp inflation increase (+15); Unusually large decline in regulatory quality (+10),15,0,10,0,0,0,No unusual multivariate change detected
Nepal,2009,5.67058815594308,0.297715388957693,4.5330787246486,480.0,11.0948237386987,1.97,31.6743770945651,27173035.0,59.8638612146309,-1.6385607,-0.7285532,-0.809673,98.3,3.655,4.533,39.462,12.624,,1.186993685633901,-6.451617123040158,0.2083526,0.23394099999999995,-0.0861923,0.05243740000000097,-0.06168530000000094,-0.012194900000001896,1.2519999999999998,-1.2680000000000002,2.7050000000000054,3.8330000000000055,10,0.7862462445553619,0.3940072720970006,0.3055178850156211,0.8772222886388898,-1.3232226088106165,-0.829823535992692,1,False,Unusually large decline in regulatory quality (+10),0,0,10,0,0,0,No unusual multivariate change detected
Nepal,2010,6.23237789727949,0.548294665887946,4.81641464694573,530.0,9.32650410745395,7.93,38.271206448162,27341952.0,62.0156581578338,-1.5990906,-0.835548499999999,-0.947927899999999,98.3,-2.071,4.816,35.391,9.565,,-1.7683196312447507,-2.9553133168786516,0.03947009999999995,-0.16888250000000005,-0.10699529999999902,-0.020802999999999017,-0.13825489999999907,-0.07656959999999813,-5.726,-6.978,-4.071000000000005,-6.7760000000000105,30,-1.1115275480171225,-0.6693217551386107,-1.3051375511079064,-0.1762306456222989,-1.631963912430614,-1.640216710027435,1,False,Unusually large decline in regulatory quality (+10); Unusually large decline in rule of law (+10); Unusually large current account deterioration (+10),0,0,10,10,10,0,No unusual multivariate change detected
Nepal,2011,0.57216486045462,0.435814930594323,3.42180870116162,620.0,9.2270754612596,9.0,27.8102444811636,27464494.0,63.139949798584,-1.5205463,-0.8068972,-0.8779526,98.3,-0.834,3.422,32.425,9.566,,-0.09942864619434921,1.6688909850504015,0.07854430000000012,0.03907420000000017,0.028651299999999047,0.13564659999999806,0.06997529999999907,0.20823019999999814,1.237,6.963,-2.966000000000001,1.105000000000004,0,-0.8020470225164437,-0.06885065870332513,0.3020555990394313,0.06750586138055045,0.3811932339243224,0.5636387718856474,1,False,No scored risk drivers detected,0,0,0,0,0,0,No unusual multivariate change detected
Nepal,2012,3.03522753070122,0.42369151125933,4.67014192446953,750.0,9.45980980357125,11.14929962,28.6027052424868,27534915.0,63.6558406194333,-1.4781419,-0.7926961,-0.594797,98.3,4.188,4.67,34.515,8.305,,0.2327343423116499,0.3321629885059991,0.0424043999999999,-0.036139900000000225,0.014201099999999967,-0.01445019999999908,0.28315559999999995,0.21318030000000088,5.021999999999999,3.7849999999999993,2.0900000000000034,5.0560000000000045,0,0.6140014271952556,0.0506624045764761,1.175705760364675,-0.1579271094654884,0.16673505070220948,2.8198848533420433,1,False,No scored risk drivers detected,0,0,0,0,0,0,No unusual multivariate change detected
Nepal,2013,2.64822476891551,0.334712330597339,3.52515317129149,840.0,9.04016311917645,13.30000019,29.6766090182884,27589996.0,64.1314570156048,-1.2264145,-0.813687899999999,-0.6010709,98.3,2.864,3.525,31.899,9.873,,-0.4196466843948006,-0.6523810267064505,0.25172740000000005,0.20932300000000015,-0.020991799999999006,-0.03519289999999897,-0.006273899999999943,-0.2894294999999999,-1.3239999999999998,-6.345999999999999,-2.6159999999999997,-4.706000000000003,0,-0.704021516701749,-0.184065899374527,-0.28907202662871917,1.1477850191348988,-0.3555695123016077,-0.24336337002982084,1,False,No scored risk drivers detected,0,0,0,0,0,0,No unusual multivariate change detected
Nepal,2014,3.04372447842591,0.133746236524448,6.01148284250441,860.0,8.36415469659563,15.43999958,30.9860882254147,27672370.0,64.5640847098488,-0.8435975,-0.716785799999999,-0.576151499999999,98.3,3.998,6.011,27.551,9.039,,-0.6760084225808196,-0.25636173818601904,0.38281699999999996,0.13108959999999992,0.09690209999999999,0.117893899999999,0.024919400000000924,0.031193300000000868,1.1340000000000003,2.458,-4.3480000000000025,-1.7320000000000029,0,-1.1891077340476082,-0.27630548565760915,0.2782812353362609,1.9654939218993972,1.3941164164032447,0.08677858442232814,1,False,No scored risk drivers detected,0,0,0,0,0,0,No unusual multivariate change detected
Nepal,2015,2.58270392081231,0.213029527712984,3.97605327162971,870.0,7.86890895590891,17.58160019,31.2774348228797,27823629.0,64.9510094249155,-1.0154123,-0.6993283,-0.5990489,98.3,4.381,3.976,25.73,7.834,,-0.49524574068672056,0.18076268189409905,-0.17181479999999993,-0.5546317999999999,0.017457499999999015,-0.07944460000000098,-0.022897400000000956,-0.04781680000000188,0.383,-0.7510000000000003,-1.820999999999998,2.5270000000000046,10,-0.4813635820655143,-0.21126662646079086,0.10493611746168799,-1.4941806870421122,0.21506390620900723,-0.41930226651834496,1,False,Unusually large decline in political stability (+10),0,10,0,0,0,0,No unusual multivariate change detected
Nepal,2016,4.15585494861972,0.432212944008614,0.433113719381524,860.0,8.7903433200464,20.70000076,28.2409992005605,27955462.0,65.2895168835553,-0.9210801,-0.6483257,-0.5665318,98.3,5.459,0.433,24.957,9.924,,0.9214343641374905,1.416680104824211,0.09433219999999998,0.2661469999999999,0.05100260000000001,0.033545100000000994,0.032517099999999965,0.05541450000000092,1.0779999999999994,0.6949999999999994,-0.7729999999999997,1.0479999999999983,0,-0.18784721036894445,0.298458372632639,0.2653553676918185,0.16598740672019227,0.7129131541090206,0.16719070905616637,1,False,No scored risk drivers detected,0,0,0,0,0,0,No unusual multivariate change detected
Nepal,2017,0.787375414689421,0.677439884182991,8.97727935643466,970.0,2.77703998300211,24.3,37.3250540069226,28011258.0,65.5768928085184,-0.5502541,-0.656910099999999,-0.443938399999999,98.3,-0.323,8.977,24.989,4.497,,-6.01330333704429,-6.93473770118178,0.370826,0.2764938,-0.008584399999999048,-0.05958699999999906,0.12259340000000102,0.09007630000000105,-5.782,-6.859999999999999,0.03200000000000003,0.8049999999999997,10,0.03761145300485234,-2.1966773721350017,-1.3180634187523486,1.8906966271250665,-0.17142891476591932,1.120535361010837,1,False,Unusually large current account deterioration (+10),0,0,0,0,10,0,No unusual multivariate change detected
Nepal,2018,6.16983733198711,0.206157201926214,7.62237610397933,1120.0,4.40659410175714,28.60000038,39.5478003347409,28079689.0,65.8104229225551,-0.495786599999999,-0.5915737,-0.367187899999999,98.3,-7.098,7.622,31.088,4.13,,1.6295541187550295,7.642857455799319,0.054467500000000946,-0.31635849999999904,0.06533639999999907,0.07392079999999812,0.0767505,-0.04584290000000102,-6.7749999999999995,-0.9929999999999994,6.099,6.067,20,1.7368135780841387,0.5532416084890168,-1.547266750376118,-0.08268007030342457,0.9256438226581838,0.6353457656889463,1,False,Unusually large current account deterioration (+10); Unusually large increase in government debt (+10),0,0,0,0,10,10,No unusual multivariate change detected
Nepal,2019,8.13949293422344,0.542801979747667,6.65705543110468,1240.0,5.56616035243723,33.33660126,41.3787409098363,28414064.0,65.9873929484157,-0.4056357,-0.5734193,-0.4127847,98.3,-6.929,6.657,34.03,4.624,,1.15956625068009,-0.46998786807493964,0.09015089999999903,0.03568339999999809,0.018154400000000015,-0.04718199999999906,-0.04559680000000099,-0.12234730000000099,0.1689999999999996,6.943999999999999,2.942,-3.157,0,0.8526235156355962,0.3841388132901331,0.055540837534712416,0.1399053511251644,0.2254067324596968,-0.6595469434486766,1,False,No scored risk drivers detected,0,0,0,0,0,0,No unusual multivariate change detected
Nepal,2020,3.59606073485625,0.378739091402959,-2.3696206292072,1190.0,5.05635826238499,36.96530151,30.4402815093929,28966574.0,66.1050886088505,-0.250305599999999,-0.663949999999999,-0.3725321,98.3,-1.013,-2.37,43.307,6.148,,-0.50980209005224,-1.6693683407323299,0.15533010000000097,0.06517920000000194,-0.09053069999999908,-0.10868509999999909,0.04025260000000003,0.08584940000000102,5.916,5.747000000000001,9.277000000000001,6.335000000000001,20,2.626885170881563,-0.21650403689796485,1.3820580045455915,0.5464792678589816,-1.3876096333563441,0.24906127384618693,1,False,Unusually large decline in regulatory quality (+10); Unusually large increase in government debt (+10),0,0,10,0,0,10,No unusual multivariate change detected
Nepal,2021,7.96695694723577,0.531690906776232,4.838149614115,1250.0,4.12676744440695,40.98910141,35.1635974648362,29475010.0,66.144235274522,-0.2520173,-0.6375284,-0.3560122,98.3,-7.701,4.838,43.285,3.579,,-0.9295908179780392,-0.41978872792579924,-0.0017117000000009819,-0.15704180000000195,0.026421599999999046,0.11695229999999812,0.016519899999999976,-0.02373270000000005,-6.688,-12.604,-0.02200000000000557,-9.299000000000007,10,0.022487517822012217,-0.36754505754387945,-1.5271854917142167,-0.43311391089939033,0.3481018295748756,-0.00211958750629311,1,False,Unusually large current account deterioration (+10),0,0,0,0,10,0,No unusual multivariate change detected
Nepal,2022,6.83113486155,0.160405405048333,5.6313145568451,1380.0,7.6702057938028,45.45080185,37.6438482531547,29715436.0,66.2992968721053,-0.3755496,-0.5966637,-0.3340683,98.3,-12.564,5.631,42.73,6.371,,3.5434383493958492,4.4730291673738884,-0.12353229999999998,-0.121820599999999,0.040864699999999976,0.01444310000000093,0.021943900000000016,0.00542400000000004,-4.863,1.8249999999999993,-0.5549999999999997,-0.5329999999999941,35,-0.12679132389007772,1.241861879505933,-1.1059406979444493,-1.1930047730281335,0.5624546403384427,0.05528664911979068,1,False,Unusually sharp inflation increase (+15); Unusually large decline in political stability (+10); Unusually large current account deterioration (+10),15,10,0,0,10,0,No unusual multivariate change detected
Nepal,2023,0.717459928555613,0.18227214989517,1.98254843461849,1430.0,7.11587261530826,45.80680084,31.1493001530125,29694614.0,66.5432933453944,-0.312959,-0.607287799999999,-0.3365421,98.3,-0.879,1.983,46.962,7.73,,-0.5543331784945398,-4.097771527890389,0.0625906,0.18612289999999998,-0.010624099999999026,-0.051488799999999,-0.002473800000000026,-0.024417700000000042,11.685,16.548000000000002,4.232000000000006,4.787000000000006,10,1.2139175227811856,-0.23252643245401544,2.7136531909882153,-0.032009908917277057,-0.20170049275917662,-0.20314407803078421,1,False,Unusually large increase in government debt (+10),0,0,0,0,0,10,No unusual multivariate change detected
Nepal,2024,1.07018749790022,0.131412557108071,3.67787459697703,1480.0,4.6850965426577,46.32189941,28.6012768197284,29651054.0,66.772343163029,-0.414613399999999,-0.552333499999999,-0.303653399999999,98.3,3.874,3.665,48.333,5.423,,-2.43077607265056,-1.8764428941560203,-0.10165439999999903,-0.16424499999999903,0.05495430000000001,0.06557839999999904,0.03288870000000099,0.03536250000000102,4.753,-6.932,1.3709999999999951,-2.8610000000000113,10,0.41262903096449566,-0.9076752181717581,1.113615431858337,-1.056535109501872,0.7715610899603499,0.17112362895482264,1,False,Unusually large decline in political stability (+10),0,10,0,0,0,0,No unusual multivariate change detected
Philippines,2000,5.1971034622286,1.77722452613512,4.38250500083399,1150.0,3.9771250324928,1.98225319605827,15.684364157955,79625397.0,39.1384171397742,-1.44133579999999,-0.0383351,-0.476798299999999,99.0,-2.663,4.383,59.203,6.545,11.175,,,,,,,,,,,,,0,,,,,,,1,False,No scored risk drivers detected,0,0,0,0,0,0,No unusual multivariate change detected
Philippines,2001,3.94228444566581,0.96298544393499,3.04923134463486,1140.0,5.34550195567142,2.52400566008269,18.9451758766766,81401488.0,39.5375185608843,,,,99.0,-2.217,3.049,59.471,5.396,11.125,1.3683769231786198,,,,,,,,0.44599999999999973,,0.2679999999999936,,0,0.08086922382252215,0.6241359438593446,0.2039641129327998,,,,1,False,No scored risk drivers detected,0,0,0,0,0,0,No unusual multivariate change detected
Philippines,2002,5.0999819767227,2.09827504516588,3.71625500158383,1110.0,2.72277227722765,4.33227574643007,20.4591371369749,83068889.0,39.9553922931877,-1.0320493,-0.1674842,-0.391249299999999,99.0,-0.334,3.716,65.184,2.757,11.4,-2.6227296784437697,-3.9911066016223895,,,,,,,1.883,1.4370000000000003,5.713000000000001,5.445000000000007,10,1.2540475285657935,-1.1548501173583936,0.7870955335434611,,,,1,False,Unusually large increase in government debt (+10),0,0,0,0,0,10,No unusual multivariate change detected
Philippines,2003,5.37956036447812,0.565263243432102,5.08691113513073,1150.0,2.28915662650607,4.85767226708512,19.5287356084063,84731835.0,40.3928506135438,-1.5732442,-0.1020846,-0.5644443,99.0,0.327,5.087,71.393,2.223,11.4,-0.43361565072158026,2.1891140277221894,-0.5411949,,0.0653996,,-0.173195000000001,,0.661,-1.222,6.209000000000003,0.4960000000000022,30,1.3609155614680275,-0.1790798033931097,0.2912106372412844,-2.2925191332245847,0.6768972560664265,-2.00936958779372,-1,True,Unusually large decline in political stability (+10); Unusually large decline in rule of law (+10); Unusually large increase in government debt (+10),0,10,0,10,0,10,Unusual multivariate change detected
Philippines,2004,5.9043923050591,0.623144777963454,6.56922851180626,1260.0,4.82921083627795,5.2436284521711,20.731007446127,86394504.0,40.8507057988121,-1.57951059999999,-0.0696963999999999,-0.5201484,99.0,1.71,6.569,71.082,4.799,11.825,2.54005420977188,2.97366986049346,-0.006266399999990124,0.5349285000000099,0.0323882000000001,-0.0330113999999999,0.044295900000000055,0.21749090000000104,1.383,0.722,-0.31100000000000705,-6.52000000000001,15,-0.04388196781133533,1.1463965019330178,0.5841966398027996,-0.07458720383048155,0.26448729090919043,0.6410073922091715,1,False,Unusually sharp inflation increase (+15),15,0,0,0,0,0,No unusual multivariate change detected
Philippines,2005,4.44446756672711,1.54906009249231,4.94250511877678,1350.0,6.51685393258433,5.397600174,18.5665300720434,88015962.0,41.3297701258519,-1.1762537,0.1743161,-0.347456899999999,99.0,1.853,4.942,64.674,6.64,11.35,1.6876430963063802,-0.8524111134654997,0.40325689999999015,0.4095232999999803,0.2440124999999999,0.21162429999999982,0.17269150000000094,0.1283956000000009,0.14300000000000002,-1.24,-6.407999999999987,-6.09699999999998,0,-1.357540025482537,0.7664448642930244,0.08100738332595908,1.6233870168378497,2.908300343049501,2.2056555801271944,-1,True,No scored risk drivers detected,0,0,0,0,0,0,Unusual multivariate change detected
Philippines,2006,4.18240538515133,2.12091886479217,5.31641682136939,1470.0,5.4852320675105,5.74058632534702,16.0153377703844,89508986.0,41.8308558715226,-1.4720731,0.157936,-0.414650199999999,99.0,5.455,5.316,57.189,5.448,7.95,-1.0316218650738298,-2.71926496138021,-0.29581940000000007,-0.6990762999999902,-0.01638010000000001,-0.2603925999999999,-0.06719330000000001,-0.23988480000000095,3.6020000000000003,3.4590000000000005,-7.4850000000000065,-1.0770000000000195,10,-1.5895901695061412,-0.4456336256893582,1.4846619302238553,-1.2751380138020212,-0.3447729314315082,-0.7176168499956156,1,False,Unusually large decline in political stability (+10),0,10,0,0,0,0,No unusual multivariate change detected
Philippines,2007,4.80943140103017,1.87121245887706,6.51929155018938,1680.0,2.90000000000003,5.97,16.1286471132386,91075184.0,42.3470499959497,-1.4430777,0.1586479999999999,-0.4498061,99.0,5.175,6.519,50.168,2.914,7.325,-2.58523206751047,-1.5536102024366403,0.028995400000000116,0.3248148000000002,0.0007119999999999072,0.017092099999999916,-0.03515590000000096,0.03203739999999905,-0.28000000000000025,-3.8820000000000006,-7.021000000000001,0.46400000000000574,0,-1.4896168484040504,-1.1381360242915262,-0.09064508077864064,0.07161602166205788,-0.1312420794996308,-0.32720425131152486,1,False,No scored risk drivers detected,0,0,0,0,0,0,No unusual multivariate change detected
Philippines,2008,3.85261339981233,0.737800589215242,4.34448730509183,1970.0,8.26044703595725,6.22,18.9671469154789,92699095.0,43.1547492407016,-1.6629672,0.075357,-0.550235599999999,99.0,0.08,4.344,50.01,8.211,7.4,5.36044703595722,7.94567910346769,-0.21988950000000007,-0.2488849000000002,-0.0832909999999999,-0.08400299999999981,-0.10042949999999906,-0.0652735999999981,-5.095,-4.8149999999999995,-0.15800000000000125,6.8629999999999995,45,-0.010916627016895095,2.4035514781751024,-2.0445614275012103,-0.960315846716704,-1.180687855901217,-1.122638206672006,1,False,Unusually sharp inflation increase (+15); Unusually large decline in regulatory quality (+10); Unusually large decline in rule of law (+10); Unusually large current account deterioration (+10),15,0,10,10,10,0,No unusual multivariate change detected
Philippines,2009,2.53144892512296,1.17324821246427,1.44832306275669,2130.0,4.21903052064628,9.0,17.4317211991991,94384250.0,44.3356772609527,-1.6270742,0.0167422,-0.632443499999999,99.0,4.797,1.448,49.805,4.24,7.475,-4.041416515310971,-9.40186355126819,0.03589299999999995,0.2557825,-0.058614799999999995,0.024676199999999912,-0.0822079,0.01822159999999906,4.717,9.812,-0.2049999999999983,-0.046999999999997044,0,-0.02104323497335611,-1.7872121061346133,1.9371264632655303,0.10021499755544946,-0.872409176953551,-0.9005870349732454,1,False,No scored risk drivers detected,0,0,0,0,0,0,No unusual multivariate change detected
Philippines,2010,3.58979951143765,0.513698049517659,7.33449996034538,2310.0,3.78983634797591,25.0,20.4417711390659,96337125.0,45.5208176726647,-1.5826192,-0.0305694,-0.651172899999999,99.0,3.445,7.335,47.587,3.738,7.325,-0.42919417267036986,3.612222342640601,0.04445500000000013,0.00856200000000018,-0.047311599999999995,0.0113032,-0.018729400000000007,0.0634785,-1.3519999999999999,-6.068999999999999,-2.2179999999999964,-2.012999999999998,0,-0.4547636991511706,-0.17710898461821503,-0.5256603089586187,0.1357149441454561,-0.7311987975644526,-0.1270284395326421,1,False,No scored risk drivers detected,0,0,0,0,0,0,No unusual multivariate change detected
Philippines,2011,5.55213421827969,0.856963002985963,3.85823282795663,2450.0,4.7184170471842,29.0,20.7399365678349,98248614.0,46.6833632464759,-1.3804409,0.0117513,-0.5225183,99.0,2.409,3.858,45.434,4.745,7.025,0.9285806992082901,1.35777487187866,0.20217829999999992,0.1577232999999998,0.0423207,0.0896323,0.12865459999999906,0.14738399999999907,-1.036,0.31599999999999984,-2.153000000000006,0.06499999999999062,0,-0.4407588158071299,0.42810225438049976,-0.39742820811452073,0.7896706467849639,0.3885735756146018,1.6690152607819082,1,False,No scored risk drivers detected,0,0,0,0,0,0,No unusual multivariate change detected
Philippines,2012,6.79897025840299,1.22763000703119,6.89695171050985,2780.0,3.02696391124796,30.79999924,19.5607279687897,100175512.0,47.9182784810426,-1.1706826,0.1322558999999999,-0.4882631,99.0,2.653,6.897,45.691,3.158,6.975,-1.6914531359362401,-2.6200338351445303,0.20975830000000006,0.007580000000000142,0.1205045999999999,0.0781838999999999,0.034255199999999986,-0.09439939999999908,0.24400000000000022,1.2800000000000002,0.257000000000005,2.410000000000011,0,0.07849916664122507,-0.7397451969369541,0.1219929598615728,0.8210990040790832,1.3653215922045339,0.5186499044103022,1,False,No scored risk drivers detected,0,0,0,0,0,0,No unusual multivariate change detected
Philippines,2013,5.81900321327258,1.31642638378197,6.75053130142255,3060.0,2.58268766141795,32.70000076,20.642224107669,102076336.0,49.1313688766206,-1.0944308,0.0316296,-0.4699791,99.0,4.01,6.751,43.863,2.592,7.075,-0.4442762498300099,1.2471768861062302,0.07625179999999987,-0.1335065000000002,-0.10062629999999989,-0.2211308999999998,0.018284000000000022,-0.015971199999999963,1.3569999999999998,1.1129999999999995,-1.828000000000003,-2.085000000000008,10,-0.3707343990869158,-0.1838316326753487,0.5736458973282851,0.26755151290662044,-1.3972569947135742,0.3240224472476261,1,False,Unusually large decline in regulatory quality (+10),0,0,10,0,0,0,No unusual multivariate change detected
Philippines,2014,5.78445518217687,1.92937522802216,6.34798748260867,3220.0,3.59782343864211,34.70000076,20.9239704373705,103767130.0,50.2392400212368,-0.805762,0.0596485,-0.3610228,99.0,3.616,6.348,40.299,3.594,6.8,1.01513577722416,1.45941202705417,0.28866880000000006,0.2124170000000002,0.0280189,0.1286451999999999,0.1089563,0.09067229999999998,-0.3939999999999997,-1.7509999999999994,-3.564,-1.735999999999997,0,-0.7447725142447327,0.466683102422808,-0.1369060285515112,1.1482793983083122,0.2099018185947306,1.428968799687728,1,False,No scored risk drivers detected,0,0,0,0,0,0,No unusual multivariate change detected
Philippines,2015,6.44457248501706,1.84018010717942,6.34830971672761,3280.0,0.674192536845408,36.90000153,21.3409478711064,105312992.0,51.1549047745227,-0.926818599999999,0.0878094,-0.4299627,99.0,2.371,6.348,39.688,0.69,6.275,-2.9236309017967024,-3.9387666790208624,-0.12105659999999907,-0.40972539999999913,0.028160899999999996,0.0001419999999999963,-0.0689399,-0.1778962,-1.245,-0.8510000000000004,-0.6109999999999971,2.953000000000003,0,-0.10851989093768413,-1.288973090152614,-0.48223994569811723,-0.5505327736805645,0.21167581833579963,-0.738901181584997,1,False,No scored risk drivers detected,0,0,0,0,0,0,No unusual multivariate change detected
Philippines,2016,7.14960846141666,2.59850803494211,7.14945675000752,3350.0,1.25369880080982,39.20000076,24.618503101685,106735719.0,51.9114748151175,-1.4376683,0.1261455,-0.4729561,99.0,-0.376,7.149,37.376,1.234,5.475,0.579506263964412,3.5031371657611143,-0.5108497000000009,-0.3897931000000018,0.0383361,0.010175200000000002,-0.042993400000000015,0.025946499999999983,-2.747,-1.5019999999999998,-2.3120000000000047,-1.7010000000000076,20,-0.47501691506409566,0.2725066723497225,-1.0917482224950643,-2.1667012192718844,0.33879414344372966,-0.4227132109083174,1,False,Unusually large decline in political stability (+10); Unusually large current account deterioration (+10),0,10,0,0,10,0,No unusual multivariate change detected
Philippines,2017,5.95736650147924,3.12238778404896,6.9309883258402,3440.0,2.85318772590947,41.59999847,25.5587738639602,108119693.0,52.6010482354344,-1.2792545,0.1368136,-0.5912855,99.0,-0.652,6.931,38.13,2.853,5.725,1.59948892509965,1.019982661135238,0.15841379999999994,0.6692635000000008,0.010668100000000014,-0.027667999999999984,-0.11832940000000003,-0.07533600000000001,-0.276,2.471,0.7540000000000049,3.0660000000000096,10,0.18558265928721315,0.7271512403764833,-0.08902188962871525,0.6082133456242174,-0.006860961034433492,-1.3407690935475307,1,False,Unusually large decline in rule of law (+10),0,0,0,10,0,0,No unusual multivariate change detected
Philippines,2018,5.7652163744645,2.86833826070497,6.34148557153473,3610.0,5.30934661627707,44.09999847,27.1505820415621,109465287.0,53.2088897464754,-1.06677739999999,-0.0051077,-0.6398018,99.0,-2.559,6.341,37.147,5.31,5.325,2.4561588903676,0.8566699652679499,0.21247710000000986,0.05406330000000992,-0.1419213,-0.15258940000000001,-0.04851629999999996,0.06981310000000007,-1.907,-1.631,-0.9830000000000041,-1.737000000000009,25,-0.18867091561436083,1.1090012081663831,-0.750878081010753,0.8323717504922175,-1.9131536095547552,-0.49001610506553384,1,False,Unusually sharp inflation increase (+15); Unusually large decline in regulatory quality (+10),15,0,10,0,0,0,No unusual multivariate change detected
Philippines,2019,5.86691454561243,2.30117498598294,6.11852566221303,3760.0,2.39206534422404,43.0266118680279,26.4018084647284,110804683.0,53.7157859948017,-1.0094929,0.0586419,-0.647098,99.0,-0.809,6.119,36.973,2.392,5.1,-2.91728127205303,-5.37344016242063,0.05728449999999019,-0.15519260000001966,0.06374959999999999,0.2056709,-0.007296199999999975,0.04122009999999998,1.75,3.657,-0.1739999999999995,0.8090000000000046,0,-0.014363982916966766,-1.2861428217745918,0.7331244278084451,0.18890889004315842,0.6562838787934405,0.012298263735260138,1,False,No scored risk drivers detected,0,0,0,0,0,0,No unusual multivariate change detected
Philippines,2020,-7.95652927693801,1.88586363211171,-9.51829474045297,3350.0,2.3931623931624,53.76490021,17.4333790282876,112081264.0,54.1077719895977,-0.9415427,0.0141421,-0.6331335,99.0,3.201,-9.518,51.644,2.393,10.4,0.0010970489383601567,2.91837832099139,0.06795019999999996,0.01066570000000977,-0.0444998,-0.1082494,0.013964499999999935,0.02126069999999991,4.01,2.26,14.671,14.844999999999999,10,3.1841359131186326,0.01468796843613691,1.6502274275162352,0.23313124233764249,-0.6960711041001003,0.27138436737797333,1,False,Unusually large increase in government debt (+10),0,0,0,0,0,10,No unusual multivariate change detected
Philippines,2021,4.21148693171874,3.04078855310045,5.71473313185116,3570.0,3.92718022100332,66.90779877,21.1407371483135,113100950.0,54.4504102510776,-1.0935816,0.0148496,-0.6736731,99.0,-1.508,5.715,57.005,3.927,7.792,1.5340178278409198,1.5329207789025596,-0.1520389000000001,-0.21998910000000005,0.0007074999999999998,0.0452073,-0.04053960000000001,-0.054504099999999944,-4.709,-8.719,5.361000000000004,-9.309999999999995,20,1.178205698764209,0.6979683141703613,-1.8879234815334196,-0.678992245210064,-0.13129829780128321,-0.39281083322938426,1,False,Unusually large current account deterioration (+10); Unusually large increase in government debt (+10),0,0,0,0,10,10,No unusual multivariate change detected
Philippines,2022,8.2885279450098,2.3475097233369,7.58098212785563,4010.0,5.82115811213955,75.21114422,24.6858616763102,113964338.0,54.7902343568327,-0.899042399999999,0.0048008999999999,-0.6321996,99.0,-4.516,7.581,57.389,5.821,5.4,1.8939778911362297,0.35996006329530994,0.19453920000000102,0.3465781000000011,-0.0100487000000001,-0.0107562000000001,0.04147350000000005,0.08201310000000006,-3.008,1.7009999999999996,0.38400000000000034,-4.977000000000004,10,0.10586255409804597,0.8584160293321419,-1.1976614450276897,0.7579972478132663,-0.26567503030049006,0.6066131992182917,1,False,Unusually large current account deterioration (+10),0,0,0,0,10,0,No unusual multivariate change detected
Philippines,2023,5.53763778262835,2.04210354820336,5.51894967856043,4320.0,5.97802515541409,77.86699677,23.4061516161597,114891199.0,55.1242716168851,-0.709066,0.0633741,-0.601158699999999,99.0,-2.834,5.519,56.484,5.978,4.358,0.15686704327454049,-1.7371108478616892,0.18997639999999905,-0.004562800000001976,0.0585732000000001,0.06862190000000021,0.031040900000000926,-0.010432599999999126,1.682,4.6899999999999995,-0.9050000000000011,-1.2890000000000015,0,-0.17186505560150894,0.08412050340460511,0.7055301782597151,0.739078869361859,0.5916153417535126,0.4794799587858151,1,False,No scored risk drivers detected,0,0,0,0,0,0,No unusual multivariate change detected
Philippines,2024,4.88001940936182,2.03571882251572,5.71474526128652,4470.0,3.21260487006347,67.26300914,23.6782004674363,115843670.0,55.4520983215477,-0.7741477,0.0792961,-0.5739681,99.0,-4.022,5.692,56.627,3.213,3.817,-2.7654202853506202,-2.9222873286251607,-0.06508170000000002,-0.25505809999999907,0.01592199999999999,-0.04265120000000011,0.027190599999999066,-0.0038503000000018606,-1.1880000000000002,-2.87,0.14300000000000068,1.0480000000000018,0,0.053936755853210776,-1.218452678274907,-0.4591094718116819,-0.31844845221584994,0.05877578008952974,0.432559621033247,1,False,No scored risk drivers detected,0,0,0,0,0,0,No unusual multivariate change detected
Singapore,2000,13.5842852629109,16.1488904515269,9.03831632555163,23680.0,1.36162392448456,36.0,35.1740359977879,4027887.0,100.0,1.1045471999999998,2.1066061,1.4658514,99.0,11.072,9.038,82.256,1.348,2.675,,,,,,,,,,,,,0,,,,,,,1,False,No scored risk drivers detected,0,0,0,0,0,0,No unusual multivariate change detected
Singapore,2001,8.0664802167221,18.9398606857353,-1.07086275100448,22130.0,0.997197956155943,41.6704251756041,27.6094317950146,4138012.0,100.0,,,,99.0,14.433,-1.071,94.471,1.015,2.65,-0.36442596832861707,,,,,,,,3.3610000000000007,,12.215000000000003,,10,1.0946966751359097,-0.1821470352749544,0.7480094366137803,,,,1,False,Unusually large increase in government debt (+10),0,0,0,0,0,10,No unusual multivariate change detected
Singapore,2002,3.44865890234212,6.65366588247055,3.92336076702013,22000.0,-0.391676866585049,47.0,25.0736127933875,4175950.0,100.0,1.1440472,2.0396337,1.4336101,99.0,14.877,3.923,96.31,-0.392,3.55,-1.388874822740992,-1.0244488544123749,,,,,,,0.44400000000000084,-2.917,1.8389999999999986,-10.376000000000005,0,-0.20728847523421115,-0.6403378543167171,0.0454315250493137,,,,1,False,No scored risk drivers detected,0,0,0,0,0,0,No unusual multivariate change detected
Singapore,2003,1.28317377980787,17.4624153696896,4.54825542643229,23440.0,0.507905300237551,53.8379432881911,17.2245248736318,4114826.0,100.0,0.8806358,2.0697739,1.4774891,99.0,24.302,4.548,99.131,0.487,3.95,0.8995821668226001,2.288456989563592,-0.26341139999999996,,0.03014019999999995,,0.043879,,9.424999999999999,8.980999999999998,2.820999999999998,0.9819999999999993,10,-0.0840666732234693,0.38318809124299397,2.208562215402578,-2.3775255838337395,0.32435206880669165,0.9263377371319089,1,False,Unusually large decline in political stability (+10),0,10,0,0,0,0,No unusual multivariate change detected
Singapore,2004,5.25513678381672,21.2027237505542,9.93998268434957,26170.0,1.66272719863072,62.0,22.8924616706012,4166664.0,100.0,1.0349931,1.8895436,1.5013678,99.0,19.311,9.94,95.691,1.672,3.35,1.1548218983931688,0.2552397315705688,0.15435730000000014,0.4177687000000001,-0.18023029999999984,-0.2103704999999998,0.02387869999999981,-0.020000300000000193,-4.991,-14.415999999999999,-3.4399999999999977,-6.260999999999996,20,-0.8696997713795332,0.4973455732457439,-1.2636226228262009,1.3369173067282187,-2.3064831238607963,0.5051698302456222,1,False,Unusually large decline in regulatory quality (+10); Unusually large current account deterioration (+10),0,0,10,0,10,0,No unusual multivariate change detected
Singapore,2005,4.09592112463257,15.1133588478775,7.36632239250758,28830.0,0.425106276569107,61.0,21.506936250429,4265762.0,100.0,1.1381609,1.9437505,1.5198855,99.0,23.26,7.366,92.663,0.473,3.125,-1.237620922061613,-2.392442820454782,0.10316779999999981,-0.05118950000000033,0.054206899999999836,0.23443719999999968,0.01851770000000008,-0.005360999999999727,3.9490000000000016,8.940000000000001,-3.028000000000006,0.41199999999999193,0,-0.8180018259330722,-0.5726886511993019,0.8896329580398712,0.8817839414320093,0.62532355164944,0.39227746619022075,1,False,No scored risk drivers detected,0,0,0,0,0,0,No unusual multivariate change detected
Singapore,2006,4.38507042201104,26.3271523046735,9.00676607871758,32550.0,0.965657519018511,59.0,22.3792634447668,4401365.0,100.0,1.2280811,1.9733365,1.4382899999999998,99.0,26.893,9.007,86.524,0.966,2.65,0.5405512424494041,1.7781721645110171,0.08992020000000012,-0.013247599999999693,0.029586000000000112,-0.024620899999999724,-0.08159550000000015,-0.10011320000000024,3.632999999999999,-0.3160000000000025,-6.138999999999996,-3.11099999999999,10,-1.2083715062339042,0.22260938339306827,0.8135223580897947,0.7639975834855968,0.3174213971403891,-1.7159142557183447,1,False,Unusually large decline in rule of law (+10),0,0,0,10,0,0,No unusual multivariate change detected
Singapore,2007,7.0050279115494,26.1619888768056,9.02151951268893,36010.0,2.10980166714574,69.9,23.0659529090098,4588599.0,100.0,1.1413902,2.0657181,1.419882,99.0,27.143,9.022,87.789,2.11,2.125,1.144144148127229,0.6035929056778249,-0.08669090000000002,-0.17661110000000013,0.09238159999999973,0.06279559999999962,-0.018407999999999758,0.0631875000000004,0.25,-3.382999999999999,1.2650000000000006,7.403999999999996,0,-0.2793142535989419,0.49256988618357167,-0.0012946027681381763,-0.8062776544375109,1.1027257740595373,-0.3853068590104381,1,False,No scored risk drivers detected,0,0,0,0,0,0,No unusual multivariate change detected
Singapore,2008,4.27628153922146,7.02328608228286,1.86348345462035,37230.0,6.63544058395309,69.0,30.1596763689779,4839396.0,100.0,1.2892238,2.0882662,1.4183268999999998,99.0,15.083,1.863,97.853,6.635,2.225,4.525638916807351,3.3814947686801218,0.1478336,0.23452450000000002,0.022548100000000293,-0.06983349999999944,-0.0015551000000002535,0.016852899999999504,-12.06,-12.31,10.063999999999993,8.798999999999992,25,0.8247882269433363,2.0049634536845096,-2.9662360122157163,1.27891413156177,0.22940736949642734,-0.030417151457870228,1,False,Unusually sharp inflation increase (+15); Unusually large current account deterioration (+10),15,0,0,0,10,0,No unusual multivariate change detected
Singapore,2009,-0.275748142574244,12.0710944143275,0.127953382778088,37320.0,0.589142019610516,69.0,27.3701152111674,4987573.0,100.0,1.2287248,1.9625852,1.3783538,99.0,16.393,0.128,101.689,0.589,3.025,-6.046298564342575,-10.571937481149925,-0.06049900000000008,-0.2083326000000001,-0.12568100000000015,-0.14822910000000045,-0.03997309999999987,-0.03841799999999962,1.3100000000000005,13.370000000000001,3.8359999999999985,-6.227999999999994,10,0.04329598364099418,-2.723398213648212,0.2540131059251546,-0.5734016234057234,-1.6243046902145581,-0.8394264486562644,1,False,Unusually large decline in regulatory quality (+10),0,0,10,0,0,0,No unusual multivariate change detected
Singapore,2010,4.35079681035553,23.0694716770802,14.5197497108994,44930.0,2.82884527612958,71.0,27.6582275190447,5076732.0,100.0,1.1901335,2.0047029,1.3929086,99.0,22.933,14.52,98.674,2.829,2.175,2.2397032565190638,8.286001820861639,-0.038591299999999995,0.021907700000000085,0.042117699999999925,0.16779870000000008,0.014554799999999979,0.05452789999999985,6.539999999999999,5.229999999999999,-3.0149999999999864,-6.850999999999985,0,-0.8163705800816038,0.9825651875797078,1.513691706364702,-0.37861704401151675,0.4741393656005615,0.3088264030461833,1,False,No scored risk drivers detected,0,0,0,0,0,0,No unusual multivariate change detected
Singapore,2011,3.96067952631816,17.5960314065854,6.21493416858989,48250.0,5.25115624639373,71.0,26.6919943455279,5183688.0,100.0,1.1188701,1.9447456,1.4205904,99.0,22.218,6.215,103.13,5.251,2.025,2.4223109702641503,0.18260771374508655,-0.07126339999999987,-0.03267209999999987,-0.05995729999999977,-0.1020749999999997,0.02768180000000009,0.01312700000000011,-0.7149999999999999,-7.254999999999999,4.455999999999989,7.470999999999975,15,0.12109386271091149,1.0642375693329167,-0.23372096021061683,-0.6691094853187015,-0.8023823058863309,0.5852558122898586,1,False,Unusually sharp inflation increase (+15),15,0,0,0,0,0,No unusual multivariate change detected
Singapore,2012,3.72339640028119,18.7435244231802,4.43549759378537,51710.0,4.58084479423094,72.0,29.2629426703058,5312437.0,100.0,1.256811,2.1253998,1.5532142999999998,99.0,17.643,4.435,106.725,4.581,1.95,-0.6703114521627906,-3.092622422426941,0.1379408999999998,0.20920429999999968,0.18065419999999976,0.24061149999999953,0.1326238999999998,0.1049420999999997,-4.574999999999999,-3.8599999999999994,3.594999999999999,-0.86099999999999,10,0.01305519516381621,-0.31895613000653894,-1.1634263899805313,1.190956682419546,2.2066384549166935,2.795134894166172,1,False,Unusually large current account deterioration (+10),0,0,0,0,10,0,No unusual multivariate change detected
Singapore,2013,2.81529519382384,20.9344810446532,4.81763099120676,54470.0,2.36439793742726,80.90209961,29.9795021855415,5399162.0,100.0,1.232658,2.0879315,1.4835114,99.0,15.707,4.818,98.185,2.364,1.9,-2.2164468568036795,-1.5461354046408888,-0.02415299999999987,-0.16209389999999968,-0.03746830000000001,-0.21812249999999977,-0.06970289999999979,-0.20232679999999958,-1.936,2.6389999999999993,-8.539999999999992,-12.134999999999991,10,-1.5096500669546689,-1.0104743491451893,-0.5278065378658152,-0.2502439974266453,-0.5211411021629069,-1.465478939776286,1,False,Unusually large decline in rule of law (+10),0,0,0,10,0,0,No unusual multivariate change detected
Singapore,2014,3.60492223584663,21.8184880782679,3.93554027709007,56380.0,1.03316955857629,79.0292358633435,29.4300082792766,5469724.0,100.0,1.0665318,2.1611904,1.5393572,99.0,17.95,3.936,97.749,1.033,1.95,-1.3312283788509702,0.8852184779527092,-0.1661262000000001,-0.14197320000000024,0.07325890000000035,0.11072720000000036,0.055845799999999945,0.12554869999999974,2.2429999999999986,4.1789999999999985,-0.43600000000000705,8.103999999999985,10,-0.49275649924076775,-0.6145551407853865,0.4787320608410428,-1.5125485774258933,0.8635825855477403,1.1783355625708645,1,False,Unusually large decline in political stability (+10),0,10,0,0,0,0,No unusual multivariate change detected
Singapore,2015,5.15033390828063,22.6541826890491,2.97679931634806,53160.0,-0.521975611895763,79.0129570025584,25.353193018866,5535002.0,100.0,1.1123429,2.2303413,1.5460708,99.0,18.693,2.977,102.101,-0.522,1.9,-1.555145170472053,-0.2239167916210827,0.045811100000000105,0.21193730000000022,0.0691508999999999,-0.004108000000000445,0.006713600000000097,-0.04913219999999985,0.7430000000000021,-1.4999999999999964,4.352000000000004,4.788000000000011,0,0.1080438958991851,-0.7147032523364675,0.11744756740713899,0.3718170948465808,0.8122090756141744,0.14370579028154132,1,False,No scored risk drivers detected,0,0,0,0,0,0,No unusual multivariate change detected
Singapore,2016,3.21220360268634,20.3059406285478,3.91095306322606,53600.0,-0.529809760375464,84.4522678893074,26.3428829842065,5607283.0,100.0,1.2788614,2.1984368,1.5473758,99.0,18.027,3.911,105.909,-0.53,2.075,-0.007834148479700986,1.547311021992352,0.1665185,0.12070739999999991,-0.0319045,-0.1010553999999999,0.0013049999999998896,-0.005408600000000208,-0.6660000000000004,-1.4090000000000025,3.808000000000007,-0.5439999999999969,0,0.03978253103783762,-0.022659231372936697,-0.22191900009177606,1.445044322660005,-0.4515617607392595,0.02981106164320911,1,False,No scored risk drivers detected,0,0,0,0,0,0,No unusual multivariate change detected
Singapore,2017,3.33551111190478,29.5741008560154,4.32679370770501,55360.0,0.576763191179996,84.4522678893074,27.1803110118491,5612253.0,100.0,1.3859813,2.1489543,1.49284,99.0,18.489,4.327,107.285,0.577,2.175,1.10657295155546,1.114407100035161,0.10711990000000005,-0.05939859999999997,-0.049482499999999874,-0.01757799999999987,-0.05453580000000002,-0.05584079999999991,0.46199999999999974,1.1280000000000001,1.3759999999999906,-2.4320000000000164,10,-0.2653859236364255,0.47576594594248245,0.049766938970520286,0.9169226431772353,-0.6713873589895313,-1.1460889425995018,1,False,Unusually large decline in rule of law (+10),0,0,0,10,0,0,No unusual multivariate change detected
Singapore,2018,4.40891054240183,22.7862106121625,3.18660848474074,56440.0,0.438784215129623,88.1656360313447,24.6650062452141,5638676.0,100.0,1.2994328,2.1367938,1.5337126,99.0,15.676,3.187,109.188,0.439,2.1,-0.13797897605037296,-1.244551927605833,-0.08654850000000014,-0.19366840000000018,-0.01216050000000024,0.03732199999999963,0.04087260000000015,0.09540840000000017,-2.8130000000000006,-3.2750000000000004,1.9030000000000058,0.5270000000000152,0,-0.19925772642699285,-0.08086727649087445,-0.7390375383601716,-0.805011555116007,-0.2046487665503105,0.8630287270039179,1,False,No scored risk drivers detected,0,0,0,0,0,0,No unusual multivariate change detected
Singapore,2019,3.55651819066453,28.1758142041642,1.15877947300108,58510.0,0.567829988405447,88.9492526850762,24.3414821182522,5703569.0,100.0,1.2580714,2.1809946,1.5263702,99.0,15.454,1.159,127.682,0.568,2.25,0.12904577327582395,0.2670247493261969,-0.04136139999999999,0.04518710000000015,0.04420080000000004,0.05636130000000028,-0.007342400000000193,-0.04821500000000034,-0.22199999999999953,2.591000000000001,18.494,16.590999999999994,10,1.8825884213940036,0.038561124518340054,-0.11497879003534006,-0.40324641009649553,0.5001900371055775,-0.1522865747926681,1,False,Unusually large increase in government debt (+10),0,0,0,0,0,10,No unusual multivariate change detected
Singapore,2020,-13.671580919838,22.5843942948636,-3.61084281729929,56290.0,-0.172111865925382,92.00434653,22.930549192946,5685807.0,100.0,1.2855556,2.1222024,1.4703849,99.0,17.698,-3.611,147.115,-0.172,3.0,-0.7399418543308289,-0.8689876276066528,0.02748419999999996,0.06884559999999995,-0.05879220000000007,-0.10299300000000011,-0.055985299999999905,-0.04864289999999971,2.2439999999999998,2.4659999999999993,19.433000000000007,0.9390000000000072,20,2.000414564049897,-0.35009873987150963,0.478972917169999,0.2088699343459486,-0.7878118880617019,-1.1766126287957897,1,False,Unusually large decline in rule of law (+10); Unusually large increase in government debt (+10),0,0,0,10,0,10,No unusual multivariate change detected
Singapore,2021,7.72076614576484,32.2624851402185,10.1410845197192,65540.0,2.31610315765146,96.92468156,24.1177810588483,5453566.0,100.0,1.2816641,2.1352444,1.4327468,99.0,19.253,10.141,139.934,2.316,2.65,2.488215023576842,3.2281568779076713,-0.0038914999999999367,-0.031375699999999895,0.013041999999999998,0.07183420000000007,-0.0376380999999999,0.018347200000000008,1.5549999999999997,-0.6890000000000001,-7.181000000000012,-26.61400000000002,15,-1.3391221352514144,1.0937135475971855,0.3130229065193588,-0.07009602409326529,0.11052671643424797,-0.7902558330865249,1,False,Unusually sharp inflation increase (+15),15,0,0,0,0,0,No unusual multivariate change detected
Singapore,2022,10.1626659507397,28.0305519383786,4.01027884472296,68100.0,6.13095418919732,95.95386476,21.8791987960219,5637022.0,100.0,1.164789,2.049181,1.4279068,99.0,18.923,4.01,153.338,6.131,2.1,3.81485103154586,1.326636007969018,-0.1168750999999999,-0.11298359999999996,-0.08606340000000001,-0.09910540000000001,-0.0048400000000001775,0.03279809999999972,-0.33000000000000185,-1.8850000000000016,13.403999999999996,20.585000000000008,45,1.2438929303199946,1.6870593612447429,-0.14099127356258176,-1.074649811320733,-1.1288579601405984,-0.09959083671912719,1,False,Unusually sharp inflation increase (+15); Unusually large decline in political stability (+10); Unusually large decline in regulatory quality (+10); Unusually large increase in government debt (+10),15,10,10,0,0,10,No unusual multivariate change detected
Singapore,2023,3.70712287497309,24.607056245637,1.45026775889565,69530.0,4.83372362825798,94.28518987,21.1305685622627,5917648.0,100.0,1.2040374,2.1295346,1.4244438,99.0,16.392,1.45,170.433,4.834,1.925,-1.2972305609393402,-5.1120815924852,0.03924839999999996,0.15612349999999986,0.08035360000000003,0.16641700000000004,-0.003462999999999994,0.0013770000000001836,-2.530999999999999,-2.200999999999997,17.095,3.6910000000000025,10,1.7070412716862358,-0.5993494153189866,-0.6711160535945971,0.31346716495022553,0.9523069382560202,-0.07059386128463428,1,False,Unusually large increase in government debt (+10),0,0,0,0,0,10,No unusual multivariate change detected
Singapore,2024,5.76228349936815,23.5787255966584,5.3435120192366,75820.0,2.38951123595017,94.37757178,21.8490850721263,6036860.0,100.0,1.2318778,2.1321197,1.4311756,99.0,17.201,5.344,166.039,2.39,1.95,-2.44421239230781,-1.1469818313684699,0.027840399999999876,-0.011408000000000085,0.002585100000000118,-0.07776849999999991,0.0067318000000000655,0.01019480000000006,0.809000000000001,3.34,-4.3940000000000055,-21.489000000000004,0,-0.9894081207871185,-1.1123438341981882,0.13334408511823054,0.2120369608790945,-0.020244378021506824,0.14408904732795147,1,False,No scored risk drivers detected,0,0,0,0,0,0,No unusual multivariate change detected
Sri Lanka,2000,3.24418140973111,1.04207418020439,6.00003315828934,860.0,6.17627591012045,0.647410010940963,28.0392736849136,19293054.0,14.6196895000898,-1.9678201,-0.155627899999999,0.0901701999999999,95.3,-5.329,8.418,79.202,6.176,7.573,,,,,,,,,,,,,0,,,,,,,1,False,No scored risk drivers detected,0,0,0,0,0,0,No unusual multivariate change detected
Sri Lanka,2001,0.844556847478287,1.09074720867871,-1.54540813366026,810.0,14.15845579912,0.793821864362622,22.0040128023487,19600362.0,14.5739539539707,,,,95.3,-0.932,-1.948,84.364,14.158,7.9,7.982179888999551,,,,,,,,4.396999999999999,,5.162000000000006,,0,0.6090232135042718,0.6383331888130662,1.5332420229922115,,,,1,False,No scored risk drivers detected,0,0,0,0,0,0,No unusual multivariate change detected
Sri Lanka,2002,8.10680259831349,1.1882779089504,3.96467568513113,820.0,9.55103167007251,1.05042270585318,23.2890507211333,19805752.0,14.6107836754127,-1.0484749,0.1044782,0.2385499999999999,95.3,-1.166,3.727,96.301,9.551,8.8,-4.607424129047491,-12.58960401804704,,,,,,,-0.23399999999999987,-4.630999999999999,11.936999999999998,6.7749999999999915,10,1.5775041378641186,-0.3348966113874275,-0.18842549977447218,,,,1,False,Unusually large increase in government debt (+10),0,0,0,0,0,10,No unusual multivariate change detected
Sri Lanka,2003,8.30092270938691,1.21132740876657,5.9402690780223,910.0,6.31463787051174,1.45858022842408,22.0204689465055,19951521.0,14.7256630416211,-1.0793401,0.0019383999999999,0.1664561,95.3,-0.329,5.94,86.45,8.969,8.4,-3.2363937995607692,1.3710303294867217,-0.030865200000000037,,-0.1025398000000001,,-0.0720938999999999,,0.837,1.0709999999999997,-9.850999999999999,-21.787999999999997,0,-1.5370733351915808,-0.2289101505168205,0.2097403211892761,-0.2584738230372991,-0.8921281796454761,-0.49476473997140147,1,False,No scored risk drivers detected,0,0,0,0,0,0,No unusual multivariate change detected
Sri Lanka,2004,3.25557601884559,1.12667735136244,5.44506127885352,1030.0,7.57592582995856,1.44615998041486,25.2537615246688,20087605.0,14.9130061059922,-1.1602654,-0.051586,0.1531296999999999,95.3,-2.654,5.445,86.499,9.014,8.3,1.26128795944682,4.497681759007589,-0.08092529999999987,-0.05006009999999983,-0.0535243999999999,0.049015400000000195,-0.0133264000000001,0.058767499999999806,-2.3249999999999997,-3.162,0.04899999999999238,9.899999999999991,0,-0.12187611730781914,0.11877973022999148,-0.9657968645132189,-0.4651696792879813,-0.37273243784840654,0.0922160788547454,1,False,No scored risk drivers detected,0,0,0,0,0,0,No unusual multivariate change detected
Sri Lanka,2005,1.65108556500688,1.11612854301768,6.24174804376447,1170.0,11.6396860971118,1.792000055,26.8274555178569,20216524.0,15.167273918248,-1.1869001,-0.191553199999999,0.0958266,95.3,-2.097,6.242,76.589,11.009,7.7,4.06376026715324,2.80247230770642,-0.02663470000000001,0.054290599999999856,-0.13996719999999901,-0.08644279999999911,-0.0573030999999999,-0.0439766999999998,0.5569999999999999,2.8819999999999997,-9.909999999999997,-9.958999999999989,10,-1.545507338813312,0.3354227287060969,0.10564468172162947,-0.24100628262350612,-1.2887307206129068,-0.3470314537997283,1,False,Unusually large decline in regulatory quality (+10),0,0,10,0,0,0,No unusual multivariate change detected
Sri Lanka,2006,6.54988196557522,1.6970072277349,7.66829190107919,1320.0,10.0201836057035,2.53756612897332,27.9799093470538,20352411.0,15.4829275281105,-1.4554966,-0.180964699999999,0.0668889999999999,95.3,-4.484,7.668,74.29,9.939,6.6,-1.6195024914083014,-5.683262758561542,-0.2685965000000001,-0.24196180000000012,0.0105885,0.15055569999999902,-0.02893760000000009,0.028365499999999808,-2.387,-2.944,-2.2989999999999924,7.611000000000004,10,-0.4575208716099458,-0.10391759296509806,-0.9888466132524836,-1.2400554541384752,0.3066452119159769,-0.0637115164804104,1,False,Unusually large decline in political stability (+10),0,10,0,0,0,0,No unusual multivariate change detected
Sri Lanka,2007,3.93825565175763,1.8639738781084,6.79682611892866,1500.0,15.8421114924843,3.88,27.9521433553302,20492545.0,15.8544279853018,-1.6920216,-0.1170914,0.0145896999999999,95.3,-3.66,6.797,71.849,15.895,6.2,5.8219278867808,7.441430378189102,-0.23652499999999987,0.03207150000000025,0.06387329999999901,0.05328479999999901,-0.05229930000000001,-0.023361699999999916,0.8239999999999998,3.211,-2.4410000000000025,-0.14200000000001012,10,-0.47781965998767395,0.4713365444795133,0.20490730935684962,-1.1076337020096576,0.8712820040773765,-0.2970525603425926,1,False,Unusually large decline in political stability (+10),0,10,0,0,0,0,No unusual multivariate change detected
Sri Lanka,2008,7.51116906164384,1.84752962305149,5.95008814473897,1740.0,22.5644955300126,4.824500084,27.5523830555003,20629378.0,16.2762363395441,-1.6597233,-0.186027,-0.185381699999999,95.3,-8.063,5.95,68.782,22.356,6.0,6.7223840375283,0.9004561507475,0.03229829999999989,0.26882329999999977,-0.0689356,-0.132808899999999,-0.1999713999999989,-0.14767209999999892,-4.4030000000000005,-5.227,-3.0670000000000073,-0.6260000000000048,20,-0.5673058679063853,0.5409456249895164,-1.7383352174195394,0.0023253706576794025,-0.5360384938223048,-1.7720292085882432,1,False,Unusually large decline in rule of law (+10); Unusually large current account deterioration (+10),0,0,0,10,10,0,No unusual multivariate change detected
Sri Lanka,2009,0.937997022010521,0.960390452698523,3.53891205317842,1950.0,3.46496322106074,5.868500233,24.4338657450541,20756435.0,16.7428136405592,-1.1197381,-0.147503,-0.1520232,95.3,-0.432,3.539,72.75,3.503,5.9,-19.09953230895186,-25.82191634648016,0.5399852,0.5076869000000002,0.038524,0.1074596,0.033358499999999014,0.23332989999999793,7.631,12.034,3.9680000000000035,7.035000000000011,0,0.4383418520746539,-1.455198054402962,2.7355466588435307,2.098541289178714,0.6026660491420728,0.5585136213538537,-1,True,No scored risk drivers detected,0,0,0,0,0,0,Unusual multivariate change detected
Sri Lanka,2010,,0.814446067583227,8.01596737040464,2360.0,6.2176488930462,6.912399769,,20879089.0,17.2486209380693,-0.779023999999999,-0.0753803,-0.2305758,95.3,-1.833,8.016,68.731,6.214,5.0,2.75268567198546,21.852217980937322,0.3407141000000009,-0.19927109999999915,0.0721227,0.033598699999999995,-0.0785526,-0.11191109999999901,-1.401,-9.032,-4.0190000000000055,-7.987000000000009,0,-0.7033935195655107,0.2340711004520244,-0.6222812542699852,1.2757600594065948,0.9586974537601546,-0.5592754476678748,1,False,No scored risk drivers detected,0,0,0,0,0,0,No unusual multivariate change detected
Sri Lanka,2011,,1.41088360151362,8.66948301160571,2830.0,6.7167684358854,7.956399918,,21009048.0,17.7881192817964,-0.7674257,0.0210493,-0.2864777,95.3,-6.814,8.669,69.428,6.73,4.1,0.4991195428391997,-2.2535661291462605,0.011598299999999062,-0.32911580000000185,0.0964296,0.024306900000000006,-0.055901900000000004,0.022650699999999996,-4.981,-3.58,0.6970000000000027,4.716000000000008,10,-0.029245026682698613,0.05986087823505582,-1.9532183588920382,-0.08314397967101166,1.2162675308438293,-0.3330360052382081,1,False,Unusually large current account deterioration (+10),0,0,0,0,10,0,No unusual multivariate change detected
Sri Lanka,2012,,1.33591734742632,8.6321813769906,3340.0,7.54291373239437,9.00039959,,21169458.0,18.2617686748284,-0.9606693,0.0071890999999999,-0.1436392,95.3,-5.658,8.632,67.504,7.547,4.0,0.8261452965089697,0.32702575366977005,-0.19324359999999996,-0.20484189999999902,-0.0138602000000001,-0.1102898000000001,0.1428385,0.1987404,1.1559999999999997,6.137,-1.9239999999999924,-2.620999999999995,0,-0.403914916387076,0.08514135635400288,0.328334996154202,-0.928926787066853,0.04757253939929811,1.6520204073339848,1,False,No scored risk drivers detected,0,0,0,0,0,0,No unusual multivariate change detected
Sri Lanka,2013,,1.21148000059153,4.0517463303875,3630.0,6.90845034828452,10.04440022,,20585000.0,18.4323136480916,-0.8585581,-0.0763977,-0.3561281,95.3,-3.302,4.052,69.457,6.884,4.4,-0.6344633841098499,-1.4606086806188197,0.10211119999999996,0.2953547999999999,-0.0835867999999999,-0.0697265999999998,-0.2124889,-0.3553274,2.3560000000000003,1.2000000000000006,1.9529999999999887,3.876999999999981,10,0.15029918601043138,-0.027769891082536552,0.7744591653012592,0.2905796318925414,-0.6912911469112758,-1.8970563477324465,1,False,Unusually large decline in rule of law (+10),0,0,0,10,0,0,No unusual multivariate change detected
Sri Lanka,2014,,1.08277813405104,6.37797889684965,3810.0,3.1790022823606,10.5000026214106,,20778000.0,18.6153877203724,-0.553597999999999,-0.0063463,-0.3605151,95.3,-2.41,6.378,69.561,2.784,4.3,-3.7294480659239198,-3.09498468181407,0.30496010000000096,0.202848900000001,0.0700514,0.1536381999999999,-0.004386999999999974,0.20810190000000003,0.8919999999999999,-1.4640000000000004,0.10400000000001342,-1.8489999999999753,0,-0.11401391054179522,-0.26702533701933034,0.23018767894184952,1.1281334337229283,0.93674875192391,0.18150448370120897,1,False,No scored risk drivers detected,0,0,0,0,0,0,No unusual multivariate change detected
Sri Lanka,2015,,0.798746316666859,4.20595547501601,3920.0,3.76836783062096,15.26249981,34.2757988099064,20970000.0,18.796256612131,-0.0885947,0.0306456999999999,-0.110513199999999,95.3,-2.212,4.206,76.334,2.224,4.7,0.5893655482603601,4.31881361418428,0.465003299999999,0.16004319999999805,0.0369919999999999,-0.0330594000000001,0.250001900000001,0.254388900000001,0.19799999999999995,-0.694,6.772999999999996,6.668999999999983,0,0.8393143971417191,0.06683727730996122,-0.027820798881531737,1.7889444640864094,0.586432084379301,2.722388557760576,-1,True,No scored risk drivers detected,0,0,0,0,0,0,Unusual multivariate change detected
Sri Lanka,2016,2.88042260979221,1.01937184801285,5.05362488993089,4020.0,3.9588884659307,22.19,36.4530444585617,21209000.0,18.9747679368162,-0.1436337,-0.0445476,-0.1066651,95.3,-1.982,5.054,75.0,3.985,4.4,0.19052063530974017,-0.39884491295061997,-0.055039000000000005,-0.520042299999999,-0.07519329999999991,-0.11218529999999981,0.003848099999999008,-0.24615380000000198,0.2300000000000002,0.03200000000000025,-1.3340000000000032,-8.107,0,-0.3195748801697624,0.03600487349603018,-0.01592415437094346,-0.3582863341955419,-0.6023487296551954,0.2637582079725259,1,False,No scored risk drivers detected,0,0,0,0,0,0,No unusual multivariate change detected
Sri Lanka,2017,-0.605096821460023,1.45462805110061,6.46068127080994,4220.0,7.70413767850602,25.07550049,39.7266305229837,21453000.0,19.1507693078088,-0.179121299999999,-0.1170039,-0.111659899999999,95.3,-2.447,6.461,72.26,6.58,4.2,3.7452492125753194,3.5547285772655792,-0.03548759999999901,0.019551400000000996,-0.0724563,0.002736999999999906,-0.0049947999999989945,-0.008842899999998002,-0.4650000000000001,-0.6950000000000003,-2.739999999999995,-1.4059999999999917,0,-0.5205614749520411,0.31080047294935037,-0.27430440233528075,-0.2775595005715618,-0.5733458826867217,0.1754336632361227,1,False,No scored risk drivers detected,0,0,0,0,0,0,No unusual multivariate change detected
Sri Lanka,2018,4.73307115290011,1.70888696252064,2.31008425504933,4350.0,2.135037737132,28.33620071,38.0567747749453,21670000.0,19.3241083384127,-0.2597255,-0.1897983,-0.0575940999999999,95.3,-2.963,2.31,83.585,4.273,4.4,-5.56909994137402,-9.31434915394934,-0.08060420000000099,-0.04511660000000198,-0.07279440000000001,-0.00033810000000000784,0.054065799999999095,0.05906059999999809,-0.516,-0.050999999999999934,11.324999999999989,14.064999999999984,10,1.4900192189403938,-0.40923823145320154,-0.2932646795240306,-0.46384387211936073,-0.5769285873122393,0.7653420198679773,1,False,Unusually large increase in government debt (+10),0,0,0,0,0,10,No unusual multivariate change detected
Sri Lanka,2019,3.82503089991239,0.835367460265196,-0.220483886824823,4220.0,3.52839358231811,32.02090073,34.1087160600384,21803000.0,19.4946326418437,-0.173798099999999,-0.186002,-0.0781005999999999,95.3,-2.071,-0.22,82.594,4.304,4.8,1.39335584518611,6.96245578656013,0.08592740000000099,0.16653160000000197,0.0037963000000000025,0.07659070000000001,-0.020506499999999997,-0.07457229999999909,0.8919999999999999,1.408,-0.9909999999999997,-12.315999999999988,0,-0.2705432997925769,0.12898913807687065,0.23018767894184952,0.22375746417035167,0.23467110260677934,0.020499892574002296,1,False,No scored risk drivers detected,0,0,0,0,0,0,No unusual multivariate change detected
Sri Lanka,2020,-5.76384880634521,0.514700553944402,-4.62451503712715,3880.0,6.15394508391738,36.18473435,32.871123147531,21919000.0,19.6621898312161,-0.1154138,-0.1122765,-0.1909487,95.3,-1.406,-4.625,96.881,4.569,5.5,2.62555150159927,1.2321956564131598,0.058384299999999015,-0.02754310000000197,0.0737255,0.0699292,-0.1128481000000001,-0.0923416000000001,0.6650000000000003,-0.22699999999999965,14.287000000000006,15.278000000000006,10,1.913434790594104,0.2242430897325259,0.14579585694486472,0.11003326788831085,0.9756816565811526,-0.9018253378631741,1,False,Unusually large increase in government debt (+10),0,0,0,0,0,10,No unusual multivariate change detected
Sri Lanka,2021,2.69594333708876,0.668825708548416,4.2074764950026,4010.0,7.01478071238195,44.45308724,36.7330983743583,22156000.0,19.8266275195269,-0.510938,-0.1629445,-0.2315397,95.3,-3.707,4.207,102.669,5.954,5.1,0.86083562846457,-1.7647158731347,-0.3955242,-0.453908499999999,-0.05066799999999999,-0.12439349999999999,-0.04059099999999999,0.07225710000000012,-2.301,-2.966,5.787999999999997,-8.49900000000001,10,0.6985094214229811,0.08782306618297293,-0.9568743811302779,-1.7641341042696133,-0.34246435890038,-0.18010786265999235,1,False,Unusually large decline in political stability (+10),0,10,0,0,0,0,No unusual multivariate change detected
Sri Lanka,2022,1.19690603084923,1.19249322162632,-7.34919311146656,3620.0,49.7211021114327,48.3,27.2717494237454,22181000.0,19.9877933196367,-0.7621199,-0.456906,-0.3299184,95.3,-1.959,-7.349,115.942,45.214,4.7,42.70632139905075,41.84548577058618,-0.25118189999999996,0.14434230000000003,-0.2939615,-0.2432935,-0.09837870000000001,-0.057787700000000025,1.7479999999999998,4.0489999999999995,13.272999999999996,7.484999999999999,45,1.7684842876714626,3.322656639774407,0.5484229196000835,-1.1681513696827275,-2.920544062563001,-0.7573022552082521,-1,True,Unusually sharp inflation increase (+15); Unusually large decline in political stability (+10); Unusually large decline in regulatory quality (+10); Unusually large increase in government debt (+10),15,10,10,0,0,10,Unusual multivariate change detected
Sri Lanka,2023,-1.02563842376145,0.848017076796717,-2.0289296690344,3550.0,16.5411742279832,51.2,24.2731934318829,22037000.0,20.1455348442463,-0.670013,-0.3799918,-0.31553,95.3,1.719,-2.33,110.376,17.365,4.7,-33.1799278834495,-75.88624928250024,0.09210689999999999,0.34328879999999995,0.07691419999999999,0.3708757,0.014388400000000023,0.11276710000000004,3.678,1.9300000000000002,-5.565999999999988,-18.838999999999984,0,-0.9245359535115871,-2.543672366388352,1.2659392916449335,0.249272336168228,1.009470979974786,0.36903670245797876,-1,True,No scored risk drivers detected,0,0,0,0,0,0,Unusual multivariate change detected
Sri Lanka,2024,4.77848605862752,0.764077754153862,4.99241614398109,3870.0,-0.42936004906973,54.59,26.3467005241507,21916000.0,20.2996997058686,-0.350302399999999,-0.299213499999999,-0.2577461,95.3,1.219,5.009,100.84,1.242,4.4,-16.970534277052927,16.209393606396574,0.31971060000000096,0.22760370000000096,0.08077830000000097,0.0038641000000009806,0.0577839,0.043395499999999976,-0.5,-4.178,-9.536000000000001,-3.970000000000013,0,-1.4920443328043707,-1.2906174745656571,-0.28731635726873656,1.1890375715018322,1.0504172353532704,0.8024791004393481,-1,True,No scored risk drivers detected,0,0,0,0,0,0,Unusual multivariate change detected
Thailand,2000,7.03729060637259,2.66312868727133,4.45524704335014,1980.0,1.59196917460972,3.68904127944164,22.2826056940878,63007815.0,31.4626212652205,0.5759091,0.3293765999999999,0.6190078999999999,99.0,7.368,4.455,57.826,1.697,3.6,,,,,,,,,,,,,0,,,,,,,1,False,No scored risk drivers detected,0,0,0,0,0,0,No unusual multivariate change detected
Thailand,2001,5.89561853413096,4.21223509530842,3.44424900968372,1960.0,1.62690887314091,5.55632612097332,23.1124372100211,63651141.0,32.7428054763889,,,,99.0,4.24,3.444,57.532,1.612,3.3,0.034939698531190055,,,,,,,,-3.128,,-0.29400000000000404,,0,-0.13065988964612624,0.0337816645257931,-0.7299117559686213,,,,1,False,No scored risk drivers detected,0,0,0,0,0,0,No unusual multivariate change detected
Thailand,2002,6.22194524439435,2.48815301889834,6.14903605210036,1980.0,0.697308976625449,7.53125033488567,22.7441937694577,64266437.0,34.0732781018222,0.2841788,0.0998766,0.362596,99.0,3.466,6.149,54.901,0.659,2.4,-0.929599896515461,-0.9645395950466511,,,,,,,-0.774,2.354,-2.630999999999993,-2.336999999999989,0,-0.7341723569500741,-0.3510300946793369,-0.13995918776016011,,,,1,False,No scored risk drivers detected,0,0,0,0,0,0,No unusual multivariate change detected
Thailand,2003,7.3463145576018,3.43593984811892,7.18924330340971,2170.0,1.80434994635718,9.29902723805965,23.829298673817,64868166.0,35.4270354382579,-0.165002899999999,0.1680067999999999,-0.0029901,99.0,3.134,7.189,47.5,1.818,2.2,1.107040969731731,2.036640866247192,-0.449181699999999,,0.0681301999999999,,-0.36558609999999997,,-0.3320000000000003,0.4419999999999997,-7.401000000000003,-4.77000000000001,20,-1.965988561074957,0.46150612325761164,-0.02918644555619252,-2.006509323412097,0.9716630226332924,-3.2970807229630053,-1,True,Unusually large decline in political stability (+10); Unusually large decline in rule of law (+10),0,10,0,10,0,0,Unusual multivariate change detected
Thailand,2004,7.42828696643301,3.38947495269123,6.28934214285795,2520.0,2.75914926231082,10.6773033237281,25.6814147024811,65452047.0,36.785516284484,-0.5992561,0.3068536,-0.0437146999999999,99.0,1.596,6.289,46.267,2.809,2.1,0.9547993159536401,-0.15224165377809085,-0.43425320000000095,0.014928499999998068,0.1388468000000001,0.0707166000000002,-0.040724599999999896,0.3248615000000001,-1.5379999999999998,-1.2059999999999995,-1.232999999999997,6.168000000000006,10,-0.37314949460907254,0.400767944218096,-0.3314306245109096,-1.932585630371955,1.9846296786050617,-0.1403830283728829,1,False,Unusually large decline in political stability (+10),0,10,0,0,0,0,No unusual multivariate change detected
Thailand,2005,4.2008626127683,4.33958708070528,4.18763842884337,2770.0,4.54036919634536,15.0260043588909,30.4207508630674,66017420.0,38.1301594392881,-0.8216996,0.3176707,-0.0533122,99.0,-4.036,4.188,45.462,4.467,1.9,1.7812199340345396,0.8264206180808995,-0.22244350000000002,0.21180970000000093,0.010817099999999968,-0.12802970000000014,-0.009597500000000099,0.031127099999999797,-5.632,-4.093999999999999,-0.8049999999999997,0.42799999999999727,10,-0.26262175134587645,0.7304758935031852,-1.3574568837485648,-0.8837357629554954,0.150692285205653,0.16208077484564412,1,False,Unusually large current account deterioration (+10),0,0,0,0,10,0,No unusual multivariate change detected
Thailand,2006,2.80089345388758,4.0212567065949,4.96781089246107,3070.0,4.63747436011764,17.1607147169285,27.0116433930542,66567687.0,39.4424037014582,-1.0498077,0.2329060999999999,-0.1788782,99.0,1.044,4.968,39.177,4.714,1.5,0.09710516377228018,-1.6841147702622594,-0.22810809999999992,-0.005664599999999909,-0.08476460000000008,-0.09558170000000005,-0.12556599999999998,-0.11596849999999989,5.08,10.712,-6.285000000000004,-5.480000000000004,10,-1.6777900529400793,0.05858313681794118,1.3271531037828868,-0.9117860125850787,-1.2184498259973269,-0.9647917434277558,1,False,Unusually large decline in regulatory quality (+10),0,0,10,0,0,0,No unusual multivariate change detected
Thailand,2007,1.19163701229097,3.28356939351343,5.43515169050809,3480.0,2.24154095286802,20.03,25.4960142904031,67102394.0,40.7036878697821,-1.0329101,0.1040205,-0.214751499999999,99.0,5.927,5.435,35.985,2.163,1.4,-2.3959334072496197,-2.4930385710219,0.016897599999999846,0.24500569999999977,-0.12888559999999988,-0.0441209999999998,-0.035873299999999025,0.08969270000000096,4.882999999999999,-0.19700000000000095,-3.192,3.0930000000000035,10,-0.8790463381899203,-0.9360370562854642,1.2777815422123397,0.30144546813216655,-1.8504528044794673,-0.09324267001780605,1,False,Unusually large decline in regulatory quality (+10),0,0,10,0,0,0,No unusual multivariate change detected
Thailand,2008,2.83342492754259,2.93824905393328,1.72569884866334,3900.0,5.46848949649846,18.2,28.2264349517752,67619830.0,41.8954507430475,-1.1647166,0.1161174,-0.2254443,99.0,0.319,1.726,34.946,5.486,1.4,3.22694854363044,5.62288195088006,-0.13180649999999994,-0.14870409999999978,0.012096899999999994,0.14098249999999987,-0.010692800000000974,0.02518049999999805,-5.608,-10.491,-1.0390000000000015,2.1529999999999987,25,-0.32305047079351257,1.3072623442085884,-1.3514420742171276,-0.4349149325920828,0.16902453995648511,0.1514376823742761,1,False,Unusually sharp inflation increase (+15); Unusually large current account deterioration (+10),15,0,0,0,10,0,No unusual multivariate change detected
Thailand,2009,-0.899216002255912,2.27590224065624,-0.690618232300579,4060.0,-0.845716092316721,20.1,20.6363983767118,68121080.0,42.9991311200422,-1.1126951,0.2582862999999999,-0.2840722,99.0,7.877,-0.691,42.364,-0.869,1.5,-6.314205588815181,-9.541154132445621,0.05202149999999994,0.18382799999999988,0.14216889999999993,0.13007199999999994,-0.05862790000000001,-0.04793509999999904,7.558,13.166,7.417999999999999,8.457,10,1.8609054282178317,-2.499267035620672,1.9481821879037733,0.4753737530886578,2.0322164761575974,-0.3143504139681464,-1,True,Unusually large increase in government debt (+10),0,0,0,0,0,10,Unusual multivariate change detected
Thailand,2010,5.45124306353435,4.32320928209171,7.51339053261624,4490.0,3.24758842443725,22.4,25.3566546340746,68579447.0,44.0018736622496,-1.2331956,0.1736166999999999,-0.257822999999999,99.0,3.367,7.513,39.831,3.3,1.0,4.093304516753971,10.407510105569152,-0.1205004999999999,-0.17252199999999984,-0.08466960000000001,-0.22683849999999994,0.026249200000000972,0.08487710000000098,-4.51,-12.068,-2.532999999999994,-9.950999999999993,35,-0.7088646026514919,1.6529028630920186,-1.0762645381538776,-0.3789293162534048,-1.2170890163385284,0.5104052000196555,1,False,Unusually sharp inflation increase (+15); Unusually large decline in regulatory quality (+10); Unusually large current account deterioration (+10),15,0,10,0,10,0,No unusual multivariate change detected
Thailand,2011,1.83395020601833,0.667087644548593,0.840132083053334,4840.0,3.81191694558332,23.669925618731,26.7914582468449,69007208.0,44.8048723557374,-1.1386768,0.1832601999999999,-0.127405,99.0,2.542,0.84,39.116,3.811,0.7,0.56432852114607,-3.528975995607901,0.0945187999999999,0.2150192999999998,0.0096435,0.09431310000000001,0.13041799999999903,0.10416879999999806,-0.8250000000000002,3.6849999999999996,-0.7150000000000034,1.8179999999999907,0,-0.23937993617370984,0.24498610359717357,-0.1527406580144641,0.6858140089908061,0.13388127241023534,1.5226193614644967,1,False,No scored risk drivers detected,0,0,0,0,0,0,No unusual multivariate change detected
Thailand,2012,7.33269516857679,3.24456444314608,7.24279620249642,5400.0,3.00948610403357,26.46,28.0241657146011,69436098.0,45.373565813715,-1.22129129999999,0.0807324,-0.115414099999999,99.0,-1.232,7.243,41.929,3.009,0.7,-0.8024308415497501,-1.36675936269582,-0.08261449999999004,-0.17713329999998995,-0.1025277999999999,-0.1121712999999999,0.011990900000000984,-0.11842709999999805,-3.774,-2.949,2.8130000000000024,3.528000000000006,10,0.6716992185752596,-0.3002948547688983,-0.8918103791898049,-0.19132352635355535,-1.472895448430497,0.3718564869872577,1,False,Unusually large decline in regulatory quality (+10),0,0,10,0,0,0,No unusual multivariate change detected
Thailand,2013,0.95407850320133,3.79126450872817,2.68749556320556,5580.0,2.18617704418967,28.94,27.4571011829666,69845114.0,45.8321343847773,-1.3578088,0.1317820999999999,-0.223368999999999,99.0,-2.102,2.687,42.191,2.186,0.7,-0.8233090598439001,-0.02087821829415004,-0.13651750000000984,-0.053903000000019796,0.051049699999999906,0.1535774999999998,-0.1079549,-0.11994580000000099,-0.8699999999999999,2.904,0.26200000000000045,-2.551000000000002,0,0.012922879639709988,-0.3086244080107764,-0.1640184258859087,-0.4582430980415844,0.7269966081376045,-0.7936636818716897,1,False,No scored risk drivers detected,0,0,0,0,0,0,No unusual multivariate change detected
Thailand,2014,0.533204479085697,1.22145318013998,0.984468863619426,5620.0,1.89455652481545,34.8860535783465,23.9190195478501,70216367.0,46.3138799467897,-1.1368246,0.159735,-0.397889999999999,99.0,2.858,0.984,43.334,1.895,0.8,-0.29162051937422007,0.5316885404696801,0.22098419999999996,0.3575017000000098,0.027952900000000086,-0.02309679999999982,-0.174521,-0.0665661,4.96,5.83,1.1430000000000007,0.8810000000000002,10,0.24043442593615016,-0.09650247578729954,1.2970790561257008,1.312051702650582,0.3961508341658847,-1.4404902661479286,1,False,Unusually large decline in rule of law (+10),0,0,0,10,0,0,No unusual multivariate change detected
Thailand,2015,2.60425722214792,2.22468548959784,3.13404724911635,5560.0,-0.898143410569433,39.3161267365004,22.3556406383245,70540795.0,46.9521043776171,-1.156024,0.2068740999999999,-0.3757008,99.0,6.916,3.134,42.559,-0.898,0.9,-2.792699935384883,-2.501079416010663,-0.019199399999999978,-0.24018359999999994,0.047139099999999906,0.01918619999999982,0.02218919999999902,0.19671019999999903,4.058,-0.9020000000000001,-0.7750000000000057,-1.9180000000000064,0,-0.25487447962182214,-1.0943306364241394,1.0710224645691877,0.12269853792013379,0.670979952856621,0.4709539488247861,1,False,No scored risk drivers detected,0,0,0,0,0,0,No unusual multivariate change detected
Thailand,2016,2.88087275079477,0.843364340718618,3.43515771692182,5550.0,0.186235191075453,47.5049656215909,21.1054892015174,70859841.0,47.8801095551247,-1.12638439999999,0.1702951999999999,-0.3279698,99.0,10.508,3.435,41.745,0.186,1.0,1.084378601644886,3.877078537029769,0.02963960000000987,0.04883900000000985,-0.0365789,-0.0837179999999999,0.04773100000000002,0.025541800000001003,3.5919999999999987,-0.4660000000000011,-0.8140000000000001,-0.03899999999999437,0,-0.2649459328630933,0.4524647673858175,0.9542349128337826,0.36454194110120897,-0.5282228157245079,0.7191450738909609,1,False,No scored risk drivers detected,0,0,0,0,0,0,No unusual multivariate change detected
Thailand,2017,3.08790780443007,1.81550260101987,4.1776810321001,5800.0,0.664415139830893,52.8919293439676,22.9342956887695,71160187.0,49.2311973571777,-0.984692599999999,0.2103023,-0.3190283,99.0,9.631,4.178,41.777,0.664,1.2,0.47817994875543995,-0.6061986528894461,0.14169179999999104,0.11205219999998117,0.0400071000000001,0.0765860000000001,0.008941499999999991,-0.03878950000000003,-0.8769999999999989,-4.468999999999998,0.03200000000000358,0.8460000000000036,0,-0.046472870244717385,0.21061635468806278,-0.16577274533257763,0.9194076300366182,0.5688189582614278,0.34222529354055425,1,False,No scored risk drivers detected,0,0,0,0,0,0,No unusual multivariate change detected
Thailand,2018,4.57410995654203,2.71279835138662,4.22287028746071,6430.0,1.06683487370758,56.8174809301456,25.2195901594439,71376079.0,54.5843734741211,-0.979869,0.1451222,-0.2986525,99.0,5.62,4.223,41.941,1.067,1.1,0.40241973387668695,-0.07576021487875301,0.00482359999999904,-0.136868199999992,-0.06518009999999999,-0.10518720000000009,0.0203758,0.011434300000000008,-4.011,-3.1340000000000012,0.16400000000000148,0.1319999999999979,0,-0.01238487465887219,0.18039113457790068,-0.9512066233127469,0.24165683097727172,-0.9379153337581758,0.45333303776155875,1,False,No scored risk drivers detected,0,0,0,0,0,0,No unusual multivariate change detected
Thailand,2019,3.96582951964726,1.01734877580041,2.11455779628278,7070.0,0.705524801910317,66.6524194587528,23.8147525746375,71522271.0,55.9266166687012,-0.588531399999999,0.0906488,-0.2002532,99.0,7.049,2.115,41.063,0.706,1.0,-0.36131007179726293,-0.7637298056739499,0.39133760000000095,0.3865140000000019,-0.054473400000000005,0.010706699999999986,0.0983993,0.0780235,1.4290000000000003,5.44,-0.8780000000000001,-1.0420000000000016,0,-0.2814734458744125,-0.12430575043133549,0.4121502038130091,2.1556161900368696,-0.7845492203492607,1.2114918302742212,1,False,No scored risk drivers detected,0,0,0,0,0,0,No unusual multivariate change detected
Thailand,2020,-0.781191628547944,-0.858310188764945,-6.09306312966953,6910.0,-0.846087518861799,77.84374066,23.7642761877022,71641484.0,57.2358779907227,-0.7333386,0.0858661,-0.2036855,99.0,4.144,-6.093,49.434,-0.846,1.7,-1.551612320772116,-1.1903022489748531,-0.1448072000000009,-0.5361448000000019,-0.004782700000000001,0.049690700000000004,-0.0034322999999999992,-0.1018316,-2.9050000000000002,-4.3340000000000005,8.370999999999995,9.248999999999995,10,2.1070104266520047,-0.5991875539011888,-0.6740241507390179,-0.49929244916154175,-0.07276412021865096,0.22198837432015042,1,False,Unusually large increase in government debt (+10),0,0,0,0,0,10,No unusual multivariate change detected
Thailand,2021,0.60333771744618,3.04112326260094,1.55858232076893,7100.0,1.23104516549814,85.26956666,28.6772507306111,71727332.0,58.5087776184082,-0.6963747,0.1032064999999999,-0.2575207,99.0,-2.142,1.553,58.367,1.231,1.9,2.077132684359939,3.628745005132055,0.03696389999999994,0.18177110000000085,0.017340399999999895,0.022123099999999896,-0.0538352,-0.0504029,-6.286,-3.3809999999999993,8.933,0.5620000000000047,20,2.2521426502826523,0.8485329505786263,-1.5213604434802273,0.40081077621078104,0.24413407096600565,-0.26777947515002815,1,False,Unusually large current account deterioration (+10); Unusually large increase in government debt (+10),0,0,0,0,10,10,No unusual multivariate change detected
Thailand,2022,6.28791379018368,2.39157096115532,2.63784213566305,7220.0,6.07589952842433,87.97724503,27.8232930802592,71735329.0,59.742374420166,-0.5671596,0.1135856,-0.2682159,99.0,-3.429,2.685,60.548,6.076,1.3,4.84485436292619,2.767721678566251,0.12921510000000003,0.09225120000000009,0.0103791000000001,-0.006961299999999795,-0.010695200000000016,0.043139999999999984,-1.287,4.999,2.1810000000000045,-6.751999999999995,15,0.5084900275884835,1.9527404435512103,-0.2685257414946293,0.8576248828782705,0.14441823646298863,0.15141436143761852,1,False,Unusually sharp inflation increase (+15),15,0,0,0,0,0,No unusual multivariate change detected
Thailand,2023,6.70137694577291,1.9975474592024,2.24883437970568,7210.0,1.22908986612448,89.53525238,22.3940359236883,71702435.0,60.9341926574707,-0.4398775,0.1189790999999999,-0.1956309,99.0,1.64,2.24,62.236,1.229,1.0,-4.84680966229985,-9.69166402522604,0.1272821,-0.001933000000000018,0.005393499999999898,-0.004985600000000201,0.07258500000000001,0.08328020000000003,5.069,6.356,1.6879999999999953,-0.4930000000000092,0,0.38117652892316334,-1.9138362136692983,1.324396316080978,0.8480529567874635,0.07300294556929401,0.9606528071906681,1,False,No scored risk drivers detected,0,0,0,0,0,0,No unusual multivariate change detected
Thailand,2024,4.41362215846812,2.70165281834265,2.94859986593323,7130.0,0.398333333333422,90.86718789,21.4528153883175,71668011.0,61.8689338391321,-0.6833311,0.1064119999999999,-0.2155096,99.0,2.195,2.945,62.913,0.398,1.0,-0.830756532791058,4.0160531295087925,-0.2434536,-0.3707357,-0.012567099999999998,-0.017960599999999896,-0.0198787,-0.09246370000000001,0.5549999999999999,-4.514,0.6769999999999996,-1.0109999999999957,0,0.12009347182248235,-0.31159564442361626,0.1931108900431725,-0.9877746270840335,-0.18427029609173617,0.062177768987394876,1,False,No scored risk drivers detected,0,0,0,0,0,0,No unusual multivariate change detected
Vietnam,2000,3.07612331576182,4.16392407955693,6.78731640463151,390.0,-1.71033727851111,0.254248275754934,29.6099138223826,77154011.0,24.3672526919772,0.2924713,-0.6739274,-0.6148348,99.0,2.147,6.787,24.755,-1.768,6.42,,,,,,,,,,,,,0,,,,,,,1,False,No scored risk drivers detected,0,0,0,0,0,0,No unusual multivariate change detected
Vietnam,2001,4.47154917223386,3.97733545270572,6.19289331233377,410.0,-0.43154451172818,1.26565123612317,31.1727734549497,77969361.0,24.9489362725143,,,,99.0,2.228,6.895,25.42,-0.31,6.28,1.27879276678293,,,,,,,,0.0810000000000004,,0.6650000000000027,,0,0.17111942631163912,0.1850380049463908,-0.03243372415639731,,,,1,False,No scored risk drivers detected,0,0,0,0,0,0,No unusual multivariate change detected
Vietnam,2002,7.62788794142246,3.99268705133996,6.32082099160833,430.0,3.83082838168468,1.85499923592581,33.2205344910613,78772224.0,25.5540925665659,0.385333,-0.834225,-0.8494064,99.0,-1.407,7.08,27.711,4.079,6.01,4.26237289341286,2.9835801266299304,,,,,,,-3.6350000000000002,-3.7160000000000006,2.290999999999997,1.6259999999999941,10,0.8702153740069215,0.7075154505701143,-1.179368401065258,,,,1,False,Unusually large current account deterioration (+10),0,0,0,0,10,0,No unusual multivariate change detected
Vietnam,2003,8.01066723769546,3.66601229989583,6.89906349055258,480.0,3.23464817293925,3.78028081370641,35.444857957463,79563777.0,26.1745407830283,0.1353139,-0.7384175,-0.8325906,99.0,-3.844,7.341,29.835,3.303,5.78,-0.5961802087454302,-4.85855310215829,-0.2500191,,0.09580750000000005,,0.016815800000000047,,-2.437,1.1980000000000004,2.1240000000000023,-0.1669999999999945,10,0.7984140066852062,-0.14330279680512822,-0.8096085132996996,-1.7549692549217732,0.9374526932506121,-0.11234727020845633,1,False,Unusually large decline in political stability (+10),0,10,0,0,0,0,No unusual multivariate change detected
Vietnam,2004,7.09426978865109,3.54408107288199,7.53641060890386,550.0,7.75494748709606,7.64240852842363,35.46533166878,80338971.0,26.8021001307977,-0.0062905,-0.5742238,-0.7403814,99.0,-2.53,7.789,29.363,7.895,5.6,4.52029931415681,5.116479522902241,-0.1416044,0.1084147,0.1641937,0.06838619999999995,0.09220919999999999,0.07539339999999994,1.314,3.751,-0.4720000000000013,-2.5960000000000036,0,-0.3177317991062832,0.7526829110537,0.3481288314487224,-0.9375480943406177,1.8530871854202289,1.0134397824523529,1,False,No scored risk drivers detected,0,0,0,0,0,0,No unusual multivariate change detected
Vietnam,2005,7.25864233918547,3.39040363930871,7.54724772895918,650.0,8.28457243128667,12.7399292907031,33.7574028912441,81088313.0,27.4285898187702,0.3438984,-0.5216355,-0.5650883,99.0,-0.765,7.547,28.669,8.394,5.31,0.5296249441906093,-3.990674369966201,0.35018889999999997,0.4917933,0.05258829999999992,-0.11160540000000008,0.17529309999999998,0.08308389999999999,1.7649999999999997,0.4509999999999996,-0.6939999999999991,-0.22199999999999775,0,-0.4131803233303617,0.053845520186931575,0.4873289227527848,2.770456909150942,0.3587834552467861,2.2540626871703453,1,False,No scored risk drivers detected,0,0,0,0,0,0,No unusual multivariate change detected
Vietnam,2006,7.46578070409471,3.61600090432522,6.97795481056711,740.0,7.41801715108469,17.2545617186662,34.5366510764767,82167897.0,28.0458290558422,0.3001579,-0.4928586,-0.5716664,99.0,-0.194,6.978,30.248,7.503,4.82,-0.8665552802019789,-1.3961802243925883,-0.043740500000000015,-0.3939294,0.02877690000000005,-0.02381139999999987,-0.006578100000000031,-0.1818712,0.571,-1.1939999999999997,1.5790000000000006,2.2729999999999997,0,0.5640921791981636,-0.19065023535188966,0.11880362559746202,-0.199677466861151,0.03996856062115243,-0.46166895793233953,1,False,No scored risk drivers detected,0,0,0,0,0,0,No unusual multivariate change detected
Vietnam,2007,9.77961143775856,8.65471771434805,7.12950448605439,860.0,8.34444889773847,20.7554447679753,39.5662708970146,83633375.0,28.6456370509099,0.1530737999999999,-0.4322833,-0.545440599999999,99.0,-7.104,7.129,32.21,8.349,4.64,0.9264317466537797,1.7929870268557586,-0.14708410000000008,-0.10334360000000006,0.0605753,0.03179839999999995,0.026225800000000965,0.032803900000000996,-6.91,-7.481,1.9619999999999997,0.3829999999999991,10,0.7287623809000661,0.12333338233838438,-2.190189463195645,-0.9788637345041438,0.46572276009131336,0.028164447866856044,1,False,Unusually large current account deterioration (+10),0,0,0,0,10,0,No unusual multivariate change detected
Vietnam,2008,7.66841225622639,9.6630390545572,5.66177120891362,1000.0,23.1154483474477,23.92,36.4931217965814,85175788.0,29.2198330128693,0.0487952,-0.4332135,-0.5598863,99.0,-8.646,5.662,31.045,23.115,2.38,14.77099944970923,13.84456770305545,-0.1042785999999999,0.04280550000000018,-0.0009301999999999921,-0.06150549999999999,-0.014445700000000894,-0.04067150000000186,-1.5420000000000007,5.367999999999999,-1.1649999999999991,-3.126999999999999,15,-0.6156859760760439,2.547761104153117,-0.5333688642594873,-0.6561204027487932,-0.35778486656638075,-0.5791492972659571,1,False,Unusually sharp inflation increase (+15),15,0,0,0,0,0,No unusual multivariate change detected
Vietnam,2009,2.25205797242585,7.16881988884276,5.39789754014181,1120.0,6.71698269988631,26.55,37.1625554335215,86460018.0,29.7581347355675,0.1922119,-0.493849,-0.605930499999999,99.0,-5.122,5.398,36.17,6.717,2.9,-16.39846564756139,-31.16946509727062,0.1434167,0.2476952999999999,-0.06063550000000001,-0.05970530000000002,-0.04604419999999909,-0.0315984999999982,3.524000000000001,5.066000000000002,5.125,6.289999999999999,30,2.088688876939541,-2.910561385705631,1.0302401436038846,1.2114434939967351,-1.1571893084762204,-1.0509834655552315,-1,True,Unusually large decline in regulatory quality (+10); Unusually large decline in rule of law (+10); Unusually large increase in government debt (+10),0,0,10,10,0,10,Unusual multivariate change detected
Vietnam,2010,8.18622913917879,5.4347392933443,6.42324482239482,1370.0,9.20746648778413,30.65,37.0990761715168,87455152.0,30.2504027258526,0.1198679,-0.542973399999999,-0.639695999999999,99.0,-2.984,6.423,37.287,10.524,2.88,2.49048378789782,18.88894943545921,-0.07234399999999999,-0.2157607,-0.04912439999999907,0.01151110000000094,-0.033765500000000004,0.012278699999999088,2.138,-1.386000000000001,1.1169999999999973,-4.008000000000003,10,0.36545606121832114,0.3972264506149839,0.6024544971572534,-0.4153410822812284,-1.003065227845705,-0.8676358318962473,1,False,Unusually large decline in regulatory quality (+10),0,0,10,0,0,0,No unusual multivariate change detected
Vietnam,2011,5.32000000000072,4.30487434902161,6.41316889681683,1630.0,18.6777322770706,35.07,32.3711434429224,88468314.0,30.6996041680996,0.125534,-0.4919809,-0.5275764,99.0,0.136,6.413,36.185,18.678,2.22,9.47026578928647,6.97978200138865,0.005666100000000007,0.0780101,0.05099249999999905,0.10011689999999812,0.1121195999999991,0.1458850999999991,3.12,0.9820000000000002,-1.1019999999999968,-2.218999999999994,15,-0.5885992327151555,1.6195092505795894,0.9055464919700902,0.17283659546036942,0.3374170169506815,1.3107452565826718,1,False,Unusually sharp inflation increase (+15),15,0,0,0,0,0,No unusual multivariate change detected
Vietnam,2012,4.89000000000379,4.27832287681174,5.5045447041189,1980.0,9.09470339557193,36.79999924,30.5592897696566,89510356.0,31.1222779403029,0.1055642,-0.633676999999999,-0.576022599999999,99.0,4.748,5.505,38.33,9.103,1.96,-9.58302888149867,-19.053294670785142,-0.01996980000000001,-0.025635900000000017,-0.14169609999999905,-0.1926885999999981,-0.04844619999999911,-0.1605657999999982,4.612,1.492,2.144999999999996,3.246999999999993,20,0.8074429211388328,-1.7170583319215018,1.3660487895879643,-0.020452018819266657,-2.242523503327866,-1.0868505374805097,1,False,Unusually large decline in regulatory quality (+10); Unusually large decline in rule of law (+10),0,0,10,10,0,0,No unusual multivariate change detected
Vietnam,2013,5.20000000000005,4.16454517277325,5.55351081026072,2200.0,6.59267475899192,38.5,30.2129034609593,90573104.0,31.5334201724543,0.1154208999999999,-0.600268599999999,-0.6167336,99.0,3.64,5.554,41.413,6.595,2.18,-2.50202863658001,7.08100024491866,0.009856699999999899,0.02982649999999991,0.033408400000000005,0.17510449999999905,-0.04071100000000094,0.007735199999998166,-1.108,-5.720000000000001,3.0829999999999984,0.9380000000000024,10,1.2107344334009353,-0.47705043422680316,-0.39941578304892583,0.20443272694006084,0.10198050382728965,-0.9713472174320728,1,False,Unusually large increase in government debt (+10),0,0,0,0,0,10,No unusual multivariate change detected
Vietnam,2014,6.27999999999732,3.94086189051961,6.42224312118567,2390.0,4.08455446637625,41.0,30.2890267860991,91679578.0,31.9480269945454,-0.0126942,-0.4870771,-0.4910245,99.0,3.7,6.422,43.643,4.085,2.1,-2.5081202926156694,-0.006091656035659199,-0.1281150999999999,-0.1379717999999998,0.11319149999999906,0.07978309999999905,0.12570910000000002,0.16642010000000096,0.06000000000000005,1.1680000000000001,2.230000000000004,-0.8529999999999944,0,0.8439885272606684,-0.47811719052294616,-0.03891532486013425,-0.8358419672063134,1.1702100333554246,1.5136659784513649,1,False,No scored risk drivers detected,0,0,0,0,0,0,No unusual multivariate change detected
Vietnam,2015,8.78999999999976,4.93190773329022,6.98715430598611,2460.0,0.631200905175685,45.0,32.1089158178217,92823254.0,32.3810945365679,0.0681785999999999,-0.328967399999999,-0.372697,99.0,-0.861,6.987,46.117,0.631,2.33,-3.4533535612005655,-0.9452332685848961,0.0808727999999999,0.20898789999999978,0.15810970000000096,0.04491820000000191,0.11832749999999997,-0.007381600000000044,-4.561,-4.621,2.4739999999999966,0.24399999999999267,10,0.9488959142456896,-0.6436441892051089,-1.4651761273347965,0.7398773011716678,1.771627472051756,1.4034426736538483,1,False,Unusually large current account deterioration (+10),0,0,0,0,10,0,No unusual multivariate change detected
Vietnam,2016,6.44999999999997,4.90089302916746,6.69000892660424,2560.0,2.66824816969082,53.0,31.7245390951042,94000117.0,32.8476189285136,0.1824971,-0.3117465,-0.2605867,99.0,0.248,6.69,47.88,2.668,2.3,2.037047264515135,5.4904008257157,0.1143185000000001,0.0334457000000002,0.01722089999999904,-0.14088880000000192,0.1121103,-0.006217199999999978,1.109,5.67,1.7630000000000052,-0.7109999999999914,0,0.6432026677442495,0.31782172661412844,0.28485606267414854,0.9920499577436025,-0.11475669376515686,1.310606387403291,1,False,No scored risk drivers detected,0,0,0,0,0,0,No unusual multivariate change detected
Vietnam,2017,7.19999999999976,5.01148721749681,6.94019037359206,2680.0,3.52025688811618,58.1400000036297,32.305300920099,95176977.0,33.3625963003742,0.1500178999999999,-0.2736109,-0.309361,99.0,-0.596,6.94,46.621,3.521,2.24,0.8520087184253602,-1.1850385460897748,-0.0324792000000001,-0.1467977000000002,0.03813559999999999,0.020914700000000952,-0.04877429999999999,-0.1608846,-0.844,-1.9529999999999998,-1.2590000000000003,-3.0220000000000056,10,-0.6561011169637176,0.11030059889231408,-0.31793280277337704,-0.11476993203743706,0.16527379065100853,-1.0917497824008744,1,False,Unusually large decline in rule of law (+10),0,0,0,10,0,0,No unusual multivariate change detected
Vietnam,2018,6.90000000000065,4.99828319622328,7.46500685572751,3020.0,3.53962805942641,69.8479286837965,32.019502902433,96237319.0,33.9410227821412,-0.0542592999999999,-0.2920712,-0.2854719,99.0,1.895,7.465,43.798,3.54,2.19,0.01937117131023003,-0.8326375471151302,-0.2042771999999998,-0.1717979999999997,-0.018460299999999985,-0.05659589999999998,0.023889099999999996,0.07266339999999999,2.491,3.335,-2.8230000000000004,-1.564,10,-1.3285402696054307,-0.035508905221290604,0.7114071185105441,-1.4100861626364345,-0.5924983644823726,-0.006727553368711066,1,False,Unusually large decline in political stability (+10),0,10,0,0,0,0,No unusual multivariate change detected
Vietnam,2019,7.02000000000076,4.821074861051,7.35926270105006,3290.0,2.79582367452244,68.6615802057338,31.9799606565797,97173776.0,34.6239134999511,0.0916744999999999,-0.278044299999999,-0.2953357,99.0,3.76,7.359,40.993,2.796,2.17,-0.7438043849039699,-0.7631755562142,0.14593379999999978,0.3502109999999996,0.014026900000000952,0.03248720000000094,-0.009863799999999978,-0.033752899999999975,1.8649999999999998,-0.6260000000000003,-2.8049999999999997,0.018000000000000682,0,-1.3208012000737483,-0.16915439092964807,0.5181936880086745,1.230421831835595,-0.1575217043665356,-0.51073158833404,1,False,No scored risk drivers detected,0,0,0,0,0,0,No unusual multivariate change detected
Vietnam,2020,0.37999999999829,4.55836196782424,2.86541320912272,3400.0,3.22093436652515,70.30000012,31.915688393806,98079191.0,35.5706676299742,0.1302346,-0.235853099999999,-0.3016754,99.0,4.349,2.865,41.319,3.221,2.48,0.4251106920027099,1.1689150769066798,0.03856010000000011,-0.10737369999999967,0.04219120000000001,0.02816429999999906,-0.006339700000000004,0.0035240999999999745,0.5890000000000004,-1.2759999999999994,0.3260000000000005,3.1310000000000002,0,0.025366950131624915,0.03554323327094808,0.1243592833435223,0.42084956469938056,0.21957491056179637,-0.4581091286455005,1,False,No scored risk drivers detected,0,0,0,0,0,0,No unusual multivariate change detected
Vietnam,2021,2.17045195694669,4.27314566190187,2.55372852648131,3540.0,1.83471554810462,74.20999985,32.8956023366901,98935098.0,36.6540656426603,0.1345844,-0.3447202,-0.310641599999999,99.0,-2.202,2.554,39.237,1.835,3.2,-1.38621881842053,-1.8113295104232399,0.004349799999999987,-0.034210300000000124,-0.10886710000000097,-0.15105830000000098,-0.008966199999999036,-0.0026264999999990324,-6.551,-7.140000000000001,-2.0820000000000007,-2.4080000000000013,20,-1.0099485738845169,-0.2816524764543932,-2.0793849559270012,0.16291200521870486,-1.8029704247325555,-0.49732847269700275,1,False,Unusually large decline in regulatory quality (+10); Unusually large current account deterioration (+10),0,0,10,0,10,0,No unusual multivariate change detected
Vietnam,2022,7.88000002158932,4.32947308910883,8.53750041218142,3980.0,3.15650749963112,78.58999918,32.3404994444961,99680655.0,37.5478515625,0.1227944,-0.347202499999999,-0.3368491,99.0,0.341,8.538,34.923,3.157,2.32,1.3217919515265,2.70801076994703,-0.011789999999999995,-0.016139799999999982,-0.002482299999999049,0.10638480000000192,-0.026207500000000994,-0.017241300000001958,2.543,9.094000000000001,-4.314,-2.2319999999999993,0,-1.9695931958130997,0.19256791976523613,0.7274567964436066,0.04122173584058804,-0.37856619811127723,-0.7547784923412028,1,False,No scored risk drivers detected,0,0,0,0,0,0,No unusual multivariate change detected
Vietnam,2023,3.07350075446038,4.26458856546888,4.97865959483225,4140.0,3.25289282667662,78.08,31.6683495522758,100352192.0,38.1298904418945,0.0907515,-0.2794316,-0.340198899999999,99.0,6.372,5.065,34.257,3.253,2.3,0.09638532704550018,-1.2254066244809998,-0.0320429,-0.020252900000000004,0.06777089999999902,0.07025319999999807,-0.0033497999999990147,0.02285770000000198,6.031,3.4879999999999995,-0.6660000000000039,3.647999999999996,0,-0.4011417707255249,-0.022022369697647017,1.8040198085690387,-0.11148033337266523,0.5620658753960797,-0.41346343407871256,1,False,No scored risk drivers detected,0,0,0,0,0,0,No unusual multivariate change detected
Vietnam,2024,6.69700767124095,4.23450755062236,7.03955197123018,4490.0,3.62109273885844,84.15,30.5847264337631,100987686.0,38.4900703430176,0.0056736,-0.2668063,-0.3139343,99.0,6.613,6.952,31.163,3.621,2.2,0.36819991218182,0.27181458513631984,-0.0850779,-0.053035,0.012625300000000006,-0.05514559999999902,0.026264599999999028,0.029614399999998042,0.24100000000000055,-5.789999999999999,-3.0939999999999976,-2.4279999999999937,0,-1.445056260887977,0.025577153056149528,0.016949900253026232,-0.5113516723278215,-0.17628796575005745,0.028743816056128028,1,False,No scored risk drivers detected,0,0,0,0,0,0,No unusual multivariate change detected
